0,0.0,0.0,-0.28646902307720035,-0.1242908343489072,-0.5290649378252044,-0.4037985278650492,-0.5083085244142695,-0.7311249910714346,-0.2930426238696857,-0.9174578482565093,-0.4669485655656725,-0.9088782027420348,-0.5608653674506504,-1.0977738914990223,-0.5278898000233935,-1.0678361581279012,-0.48193296224760873,-1.007705957753833,-0.2568320921862139,-1.024338549129416,-0.3299074304787637,-1.2381549833456071,-0.31431267367081595,-1.0925184295488,-0.3038523351724358,-0.9527191393114015,-0.05951483729620413,-1.0554147319887626,-0.11413234061229778,-1.2366035471304977,-0.11430799981067633,-1.0304531290894297,-0.11662686799433476,-0.8419298128182453,0.12864923923778987,-1.0232631229374443,0.07679114181014893,-1.208201824206274,0.07163254256662732,-1.0449305599836405,0.07198358302161481,-0.8782744514055425
0,0.0,0.0,-0.3325561016702352,-0.07320299160342712,-0.6653164773139244,-0.29378660379176874,-0.6970059227807017,-0.5986555524216589,-0.4665405571265204,-0.7616992653437541,-0.606388253754824,-1.0338625376074824,-0.6707480451835494,-1.2081456550737038,-0.7083084402741734,-1.0563920137072325,-0.7138199833315185,-0.9011724596873919,-0.36802204616196954,-1.1608465143579327,-0.43212553156739875,-1.3456206741699344,-0.46024146724070153,-1.0685329056334216,-0.4407194917996472,-0.8976448794193953,-0.13076553444691968,-1.1956283337498916,-0.17758217425605355,-1.306421510398405,-0.2060867443757076,-1.03830204378606,-0.18264662710734827,-0.9042921343794661,0.11505603080602188,-1.148802299265092,0.04835254883595346,-1.2348943041039344,0.023108975025228608,-1.0272607303946504,0.04959457313681322,-0.9244857086860746
0,0.0,0.0,-0.3853074470847865,-0.02072372378671635,-0.7922193348690129,-0.17593905346441666,-0.904541752400168,-0.4840063179433028,-0.6841816257923639,-0.6686657954321469,-0.7361749348019538,-0.9804677510056272,-0.8620723148568065,-1.2092839315082473,-0.8860697833179308,-0.9779216487179344,-0.8460791710758734,-0.8317061880631822,-0.5028914245757574,-1.1240706076652704,-0.6190991957484897,-1.3546147127133055,-0.6385631773470537,-0.9838322894619219,-0.5729545913071978,-0.8195871133076714,-0.2596750401543017,-1.1766402935198363,-0.358605805567694,-1.3301327810364967,-0.3908443172219364,-0.9697319462212153,-0.3370626980491871,-0.829391205051393,-0.0009423946620888071,-1.1530511386508784,-0.1041737186778688,-1.252154618990915,-0.15198155494142848,-0.9852557016553731,-0.11429128155279152,-0.8711448016768424
0,0.0,0.0,-0.30883297566267237,0.10052379858373747,-0.6592903673979894,-0.0168835482300231,-0.7995641996397475,-0.2532030340139096,-0.715506842401562,-0.5119970673042694,-0.7064890776831815,-0.7380780565444863,-0.8230042998398034,-0.6486296410835851,-0.7887186781962139,-0.433003423281033,-0.7817851114950767,-0.33059752083091193,-0.5674077642698988,-0.9410502998077506,-0.6959855274589206,-0.8529072551625795,-0.7276630802812745,-0.6472123092173421,-0.7905352982120984,-0.6124164777997965,-0.386596013311735,-1.046189187834736,-0.4751194879455195,-0.860036679457386,-0.3916517823407391,-0.5805227243281759,-0.3358595417155694,-0.543351878292021,-0.17370326367678213,-1.064684663364288,-0.26130179748345006,-0.8859356165744791,-0.2048253174408212,-0.6687332574315143,-0.1488752325229521,-0.6558561774832135
0,0.0,0.0,-0.504499735392586,0.12626100355987574,-1.072258657001583,0.026286691815158723,-1.3190365139165425,-0.3106089503461515,-1.1436463215694328,-0.6714316091811446,-1.1158046839583085,-1.1452772453770241,-1.438188579030631,-0.9309604891800175,-1.1509642261129287,-0.49496284785781325,-0.9567862123036639,-0.5603466555629512,-0.9031278839199255,-1.3883725596445982,-1.179198505336579,-1.0353805241028808,-0.8713402778001296,-0.5760385058800601,-0.7114857292287449,-0.7027005458257742,-0.6497617238989813,-1.5076367853059183,-0.8849017684290322,-1.1775624809072285,-0.6417260131057932,-0.6989957942211444,-0.4964617930773781,-0.7943939981439886,-0.34284934291005387,-1.536583557631595,-0.5524137010456258,-1.2228704538929913,-0.41447057344930605,-0.86235234468222,-0.29375330816425643,-0.933987708194264
0,0.0,0.0,-0.5734511565539383,-0.0033692779691469436,-1.0835793396470064,-0.17076814821490832,-1.3415187763391796,-0.39343482084705783,-1.1854897175726133,-0.6317280679329306,-0.9507563446108894,-1.5437729473091002,-1.3551783984732841,-1.1213000514141804,-1.1575255652235708,-0.7066658555667892,-0.9660661829088459,-0.7342013398363096,-0.7236559433621131,-1.698030154911077,-1.1032821305357012,-1.0385427388611146,-0.8623695147159978,-0.6397936351613218,-0.6836411469656447,-0.7298183213481956,-0.4630936725514727,-1.6810578560902198,-0.810371533759692,-1.0156792861583839,-0.6186214056739736,-0.6261155309758231,-0.465333004103512,-0.7039757929863759,-0.19304525783716095,-1.545489698857971,-0.4787368808514506,-1.0149571000001587,-0.36295722502123695,-0.7151163115154628,-0.23345834244117258,-0.7720655185274305
0,0.0,0.0,-0.5764825244341414,-0.004225492740396049,-1.0450054346660618,-0.1672411065107259,-1.2748673913903488,-0.3606484698031518,-1.0917311115991026,-0.5597266592531714,-0.8663714623789316,-1.490220214201333,-1.2797361645146004,-1.036466982271763,-1.0811760063226032,-0.6725002296126271,-0.8984830669418907,-0.7245588767352344,-0.638792817966038,-1.622981230064254,-1.059633156679325,-0.9864940006272817,-0.8398428894686231,-0.62747038434845,-0.6878847970410156,-0.7258198853709098,-0.39435522626686825,-1.5778507050319706,-0.7839743539412086,-0.9595249264322213,-0.5984754847109711,-0.624132009217703,-0.4681037023905316,-0.7200376781249554,-0.14874966189994787,-1.4067018694741127,-0.4591672264010616,-0.9414610978430318,-0.34203712672666786,-0.7000240253065818,-0.2249605336535454,-0.7747161831612381
0,0.0,0.0,-0.3634361980793561,-0.12030867541354634,-0.6847245116945845,-0.31138487122037156,-0.8749212281159148,-0.4277040365969447,-0.9469966373960332,-0.47831365004421855,-0.6903842629660916,-1.259786879904748,-0.9613740089546332,-1.0158880491147608,-1.0738988428744367,-0.8384957316418039,-1.1442475737402034,-0.7639672290343751,-0.46370860577158063,-1.3415015029651216,-0.796066516387372,-0.9033732627231825,-0.8151525444712303,-0.6416479790898174,-0.7928983383385058,-0.6093539407110096,-0.22227633627226945,-1.2612114911407564,-0.5173378221163063,-0.7682092099401546,-0.4383860555406525,-0.49092308418958475,-0.3237309318599211,-0.49857331493565277,0.007953580587589009,-1.0778633409794451,-0.23479448755482418,-0.7144797320903737,-0.19320349268700523,-0.48489841524402816,-0.09197379070983992,-0.48496853416440794
0,0.0,0.0,-0.28580281219177905,-0.04086616298161481,-0.5280029018647912,-0.23139411817113248,-0.5944247930698292,-0.38525419602420485,-0.5920511394829397,-0.4762950207566456,-0.5351524210701536,-1.1216925578276642,-0.7046487330810912,-1.1290998801358096,-0.8393146219727058,-0.957263912686428,-0.9313979270740489,-0.7899225004615256,-0.30786741625769676,-1.2193016305646185,-0.4657647256698745,-1.106896757899369,-0.6004185695031827,-0.8487235609861813,-0.6976474458029506,-0.7164412337132887,-0.08439544949973973,-1.1702217091937337,-0.19885691873323388,-0.8447102252685547,-0.20806012037983126,-0.5468491440613021,-0.1786355971384577,-0.495314944922929,0.1382504593885615,-1.0118785383490865,0.04715912312128768,-0.7309539747713847,0.029236464911687136,-0.5026764182994566,0.06107777081969231,-0.481877322456243
0,0.0,0.0,-0.43626374409988644,-0.5501758821007575,-0.6354856950401263,-1.0721232793217461,-0.5100084010198953,-1.0484835373980734,-0.1996971605667612,-0.8454863817210538,0.660910701389521,-1.9330827060085187,-0.1688808493512625,-1.775569439109068,-0.5731409038346005,-1.308938766810067,-0.6661948258235564,-1.1091754255548296,0.9660553284847432,-1.2772530673308307,-0.039612854628169554,-1.0587528432538083,-0.4957579232115381,-0.7874772326922811,-0.6778226113724987,-0.7352254807283047,1.0257871124096556,-0.5578315350106252,-0.01775579446920496,-0.23199591920412516,-0.49097548067941443,-0.09449827516086907,-0.6887492044562207,-0.1582047743858696,0.8939067560712025,0.12502984799960706,0.1289341857870719,0.35236341840874574,-0.2648706112475448,0.3310073944864394,-0.45645240524399916,0.1963377642531876
0,0.0,0.0,-0.4182308828529744,-0.0689240137866201,-0.837994312339615,-0.30801285423472097,-0.951906182089452,-0.7324702334958811,-0.7436371320186874,-1.092200228109839,-0.8484180687379185,-1.3403738969165602,-0.8595466956515966,-1.4955793609308972,-0.8049928299583973,-1.4117074449515152,-0.7655827456002843,-1.2956416931994847,-0.5378784471664613,-1.630965546218601,-0.4462612617188422,-1.5382938938260697,-0.3567481736390145,-1.1498739659394803,-0.3339837158489247,-0.9425788442076051,-0.21282463325843545,-1.7215431948545394,-0.09479583184093683,-1.4332266560308595,-0.08506306724260959,-1.0456079085331653,-0.11688275597931518,-0.8978332349131565,0.09947001496019224,-1.6715451226325777,0.20391449797280065,-1.392630362073335,0.16750053387216252,-1.0538151709973087,0.10302548950492729,-0.9367620853290157
0,0.0,0.0,-0.3382433756712256,-0.06783651637581048,-0.6806929276438155,-0.25208910972145304,-0.8474093670815719,-0.499699233088362,-0.7205270109332699,-0.6483352926460875,-0.4646329420623585,-0.8432119958384059,-0.5507194090640035,-1.0483584052849155,-0.6652867173141166,-0.9683792000251492,-0.7434671225594396,-0.8512268734389629,-0.30955884407643525,-0.9447813872393033,-0.4175572854086196,-1.1124799575436035,-0.5191324367850884,-0.9683878583323776,-0.55583573488114,-0.831292148302354,-0.15040829764660368,-0.9927229113036251,-0.2534295330811859,-1.148943354491492,-0.33561359828931053,-0.9960246980647887,-0.35016072844078794,-0.8445155113291906,0.012408381515091809,-0.9917750467885699,-0.10233091887182948,-1.154445250138361,-0.16202627843742123,-1.0436515880494885,-0.16007742555618062,-0.9261779869022889
0,0.0,0.0,-0.2968530088525453,-0.055067723505728035,-0.6671136760770215,-0.33682713231045164,-0.837756883309667,-0.6605131888992406,-0.7023463948144233,-0.8682527752935837,-0.44441449143583683,-1.0453115968489541,-0.5651389900869428,-1.2048359490251117,-0.6292348068329082,-1.0514380291241616,-0.6570536149441784,-0.9778737786093229,-0.2329556277237401,-1.1093908131163819,-0.3870546183497415,-1.2406561022221103,-0.4443581867199716,-0.993809724588721,-0.44120649174315113,-0.8974056115512653,-0.020714316713966133,-1.1013623425064447,-0.1713479146604693,-1.2210701902013277,-0.25547015509480736,-0.9800489547146328,-0.2776500202413323,-0.8714796858406861,0.1942755714664869,-1.0251146331929228,0.02777568109486268,-1.1341043049073647,-0.06510510872716652,-0.9754079229906479,-0.10085364027191716,-0.8925294349044877
0,0.0,0.0,-0.4861894315463647,0.2924339254061948,-1.0174305663474164,0.376872243069596,-1.368429725980166,0.369164335748553,-1.5361743449193794,0.16696809302155066,-1.2583732220158454,-0.9379609221407592,-1.5750326167378668,-0.3906298608077868,-1.2885892291994083,-0.06274338518183334,-1.1160132853941043,-0.14038186657093074,-1.1675556483524197,-1.1964313972918104,-1.423931301460937,-0.4548015802977241,-1.076487160320816,-0.16267717284229757,-0.933080324747947,-0.3596680519149095,-1.0131114254138285,-1.3128210709436332,-1.2162268909372669,-0.602879292093087,-0.9152954460554773,-0.32703302539405577,-0.7938344573323541,-0.5000840564951161,-0.8022714387381663,-1.3471402392554317,-0.9580872130960991,-0.7712490917755064,-0.7666951951314646,-0.5456594368120955,-0.6591736659426086,-0.6718640157174702
0,0.0,0.0,-0.3128494959004271,0.19370987832982203,-0.504098421526864,0.4803267862010478,-0.5790877873261514,0.8406774002862999,-0.5627262627627467,1.0907307999929154,-0.7869728016200318,0.3082301076685846,-0.6776089269067479,0.9582585863990315,-0.5508616805192952,1.103559285623876,-0.521601755810497,1.080113090264605,-0.6025915443621505,0.1814176586738648,-0.40752113467541806,0.9629841198909466,-0.32490586550041034,1.0020316945738228,-0.32835116108049683,0.9445557236167116,-0.37737664490787504,0.12111435239401791,-0.18142141546471321,0.8741501520478386,-0.1359415781051685,0.8364051013241967,-0.14848365618975476,0.7135613516514926,-0.1349612467170002,0.12977521981126125,-0.015828697007143795,0.6429609363538723,-0.006390619605230259,0.5906297312775888,-0.017579488891339434,0.45043011728065674
0,0.0,0.0,-0.8798935962309675,-0.34436508631046425,-1.1512358237792255,-1.1362670216349866,-0.4866712183935315,-1.7321173983096356,0.5732894315560645,-2.063631909194385,-0.9066240483619166,-4.30683661920641,-0.5754536839415593,-3.0858907386489616,-0.5230900734217511,-1.7865406574263694,-0.5226695661917032,-1.3132126983027128,0.07634507508716115,-4.762411223334118,0.7163309282727726,-2.8925845064300844,0.5988420450277254,-1.3564590426108378,0.4671458752192224,-0.8841802594865295,0.924343930145523,-4.498106738680789,1.5381955727950292,-2.501759647426652,1.2637309221579835,-1.1532839659594085,1.0142351958523832,-0.7918119760663529,1.5850904972484445,-3.82967388519381,1.975582716204227,-2.424361735207543,1.6510463240549222,-1.3417632563547643,1.4024188091944454,-1.0593936974155513
0,0.0,0.0,-0.7018854458228532,0.17492327752472436,-1.21812565285835,0.22256234596081084,-1.5214010866395287,0.2573131184993123,-1.4712069355792543,0.29299168599417685,-1.359968569269768,-1.5884851646121871,-1.5875269293565037,-0.41724391443594405,-1.3286150609699794,-0.1719337864623214,-1.2086377920639904,-0.4781714418710954,-0.8534058407264793,-1.6517201301530986,-1.1560318814554942,-0.2522143683631817,-0.9406902281625917,-0.16576708915837432,-0.8707276393854685,-0.49176557220916717,-0.34833468684987967,-1.4637566723206397,-0.6540592963805281,-0.09341683940332425,-0.48653871914673075,-0.003767621213775156,-0.4177461793747271,-0.2996777709052746,0.10031727475546824,-1.132829397471587,-0.139857955226581,-0.036471283622994316,-0.040451352759108244,0.018476627514448608,0.03141121803391639,-0.2513924802815367
0,0.0,0.0,-0.11062059743829285,-0.11406930428210948,-0.4984293852908493,-0.47413757673668455,-0.940873248803409,-0.7850163562568879,-1.0418428201987633,-1.0591597570446964,-0.0794135314640009,-1.4809355090871603,-0.668453795898134,-1.442179935958896,-0.932529276165647,-1.1824558931836398,-1.0055697563537096,-1.1027743001928558,-0.16160257440954945,-1.523815620427447,-0.8470233266731115,-1.2950725554249978,-0.8831524240400896,-0.8394831330763238,-0.7623385944146693,-0.6471783892141841,-0.29709084631430943,-1.4252411645800207,-0.9235701002962211,-1.13954131099649,-0.8648682757851134,-0.7007448686214289,-0.7088240240474067,-0.5757722327068108,-0.42530414737344074,-1.2581923991357775,-0.8625696786084022,-1.0751968116235686,-0.8442206440534482,-0.7385423549765845,-0.7428791930513464,-0.5928036698328417
0,0.0,0.0,-0.48964061537982656,0.05976260122871038,-1.068281130536321,-0.23385547373478036,-1.3146645760783218,-0.6209478652869829,-1.1122155669923905,-0.8911401886269933,-0.6733830725528602,-1.6877597337656387,-1.1299045899937152,-1.3144452031692506,-0.9231240247031918,-0.8440182101588101,-0.7503267793267577,-0.8331190186764686,-0.40909913643052037,-1.841306088788134,-0.9090855701887254,-1.367515377838604,-0.6944671524802846,-0.8313696820682264,-0.5120372624298654,-0.8589632366308405,-0.15152371986086718,-1.8057925228416571,-0.6078168297297293,-1.370793266479936,-0.4367412523063394,-0.8325453175809315,-0.2817462455509694,-0.8400971664507292,0.11366368255365716,-1.6328205132043285,-0.23901850126139876,-1.31398951735813,-0.17235172356110054,-0.9071817973111627,-0.05817391222054711,-0.8818711891356125
0,0.0,0.0,-0.59457179812389,0.04815893361399504,-1.1246093673810995,-0.12404659570387702,-1.4165408672127977,-0.39893824997466737,-1.3906642844697636,-0.7003788986962592,-1.0015623486293967,-1.3918408739350312,-1.365200687249505,-1.08715084673475,-1.1443672918347658,-0.618485651447135,-0.9498918588618793,-0.6072150249658099,-0.7803616948325701,-1.5704985159063136,-1.1682257222912171,-1.1653046882668663,-0.9224365760668402,-0.6362450771130816,-0.7239095087916749,-0.6898949362627588,-0.5411724555730538,-1.6434643578318904,-0.9270563275095866,-1.2415938058268572,-0.7151532199315614,-0.7205895087404043,-0.526403768340759,-0.7710586456340869,-0.2694004666884568,-1.6105764548811294,-0.65119693495478,-1.3331806828085362,-0.5369328027983187,-0.9514274522397116,-0.37331821090345896,-0.9586688494074618
0,0.0,0.0,-0.5720015235050723,0.030534877637805113,-1.090988909688365,-0.14986960099975494,-1.3914875054584377,-0.33862139073696584,-1.42895767980345,-0.5802316143320402,-0.9201606072447446,-1.4637634243652542,-1.338278827341712,-1.039643951274678,-1.1405989372383853,-0.6287525439608397,-0.9411156492440448,-0.6345212451546643,-0.7368884225807135,-1.6049351158666996,-1.1733973584096191,-1.013404081090342,-0.9246708136479627,-0.6087965303278188,-0.7251231902572353,-0.6886191683007156,-0.543850833024746,-1.6015462341061952,-0.966450574201405,-1.0019861418607539,-0.7462195340353889,-0.6224625489863828,-0.5622567767679388,-0.7083395609223819,-0.34204769326931345,-1.4825715528708143,-0.7163590566169568,-1.0389578644420165,-0.5788639264374741,-0.7470026551723258,-0.4240125228719953,-0.7881801419783077
0,0.0,0.0,0.44422375839337874,-0.16775043386148342,0.7977731013019745,-0.49301395222088756,0.6455324939348698,-0.9876319307704863,0.3377529029265148,-1.218254817668543,0.6754420242599916,-1.1531282101033367,0.6945781168952568,-1.489018226280029,0.5875251534716793,-1.2904925682562722,0.5225498758095749,-1.1527580851152563,0.40172886835086286,-1.274839182717437,0.3473038937232243,-1.5627720007453156,0.3063660011765783,-1.132410949574207,0.3445772306208511,-0.938757973141994,0.13590848273969855,-1.313062017989557,0.05037857751868697,-1.5514461761100582,0.051621107540021596,-1.1118265505438658,0.11490375090080818,-0.9153758631588071,-0.14400117603735954,-1.3123963985324651,-0.18896265771823148,-1.4564648883713378,-0.15324254353115688,-1.1512733969728859,-0.0823284123793288,-0.9887582006728657
0,0.0,0.0,0.42541091161310757,-0.13364817068629603,0.8663996436633187,-0.3549008455954872,0.9021045793037009,-0.7688181552812345,0.5439550885526996,-0.9076350397509785,0.7137187205580935,-1.0902742371674905,0.8062675923318504,-1.2448469761696994,0.6869613829192501,-0.8813889508712069,0.6659339039144893,-0.7627265499833226,0.48003484403083385,-1.2092888895674518,0.5406723725585438,-1.3466637444096303,0.4489611221129236,-0.9554584886296547,0.4449994096787334,-0.8955308623300365,0.2344952465534921,-1.2480571752695877,0.2584582168853773,-1.3823411254919853,0.2023282789279093,-1.0084378514548573,0.21577713739852178,-0.9316628936198399,-0.03056265933828467,-1.2618529791380626,0.009540579537461453,-1.395965155548975,-0.006995692688316956,-1.1241502390188192,-0.0038891024501996776,-1.0134700957042921
0,0.0,0.0,0.4123418818759813,0.06923842456099384,1.0100624080289575,-0.0686615727922946,1.2431276112420007,-0.5279685654940595,1.025494781210566,-0.9591582518650319,0.9585054870170109,-1.187688059373659,1.1533148799591892,-1.012600073823429,0.9203850715023391,-0.6008567331673818,0.7974330495864151,-0.5589774700281095,0.6947665798799102,-1.4349820355388037,0.882258083426687,-1.2258048052084503,0.6662263292500391,-0.766612558467132,0.5905025396844744,-0.8070357802639148,0.4083196936414392,-1.5286572418243374,0.5668680485702561,-1.2900503838208033,0.4156575198051474,-0.8435294869359767,0.3620501788527312,-0.8776554285149064,0.10482446056168437,-1.550803595589946,0.28926016142338057,-1.2995581409921384,0.2015828552030497,-0.9553414561611224,0.12936749868873823,-0.9534009075317059
0,0.0,0.0,0.4955347090480625,0.043090313214726325,1.0472654671078097,-0.1507540257843035,1.2718467987006465,-0.6032846065695372,1.160166672726579,-0.990097917960808,0.9303238417365935,-1.2468057987746586,1.1269911974912539,-1.1323440724020202,1.0391664606368949,-0.8080816796186242,0.9622246015227739,-0.74443187583988,0.6798260354742772,-1.4509914669077746,0.8983374376820282,-1.2447373599291172,0.7222298969014933,-0.7705623530436195,0.6396428693697314,-0.7686722316205111,0.3988708781308352,-1.5146952309010695,0.6037618138376977,-1.2949318219517,0.4716499067452722,-0.8232043811907308,0.38651215067479067,-0.8247105091832391,0.0822686730795833,-1.5151914702288711,0.3238655310851978,-1.297538565302318,0.24981914031738656,-0.9481069224637612,0.1487567408890114,-0.9359278100705797
0,0.0,0.0,0.6224427844405354,0.14278107348406321,1.3246399769189183,-0.11402422182239931,1.5699107721380103,-0.6655633360056776,1.3256042974400557,-1.060627175148111,1.3404122041830882,-1.2100546517202402,1.5610557835742662,-1.1245944781807509,1.233681718997579,-0.5976677020843488,1.0512623962332994,-0.43925467718018546,0.9798814237533636,-1.6239893872321542,1.0963565256911978,-1.524899836578976,0.7819874285456683,-0.8373229091301296,0.7097052900371631,-0.7044986879287046,0.5193206068977203,-1.7932860869601308,0.6161261206742437,-1.5534174298745642,0.38574096080442194,-0.9049461893022581,0.33584648265660483,-0.8594716147521101,0.01605581522599051,-1.812577962675505,0.1108932164023839,-1.5487737529065935,0.0029415419423108177,-1.0796555023079601,-0.02183870207913376,-1.0442458713834997
0,0.0,0.0,0.5011287648425049,-0.005433475344832793,0.8997525178788883,-0.39990949576332396,1.0560579543793502,-0.8459847239481504,0.9882031878784697,-1.0662795410777703,0.8771384922923952,-1.0438971032718434,0.9498860605134203,-1.3139907711065468,0.7356465160572769,-1.0111784178898384,0.6077733515756182,-0.7977788889939292,0.6019813910362101,-1.2252763357678467,0.6666147760414636,-1.5579111674943311,0.4966569906138399,-1.1674770563145498,0.41894229504446484,-0.9080128597232953,0.29382507047205025,-1.304867073641829,0.3111415822287202,-1.5929754156127764,0.18027091954615024,-1.1549969222492955,0.16184768105730232,-0.8981545168724757,-0.017511389928183692,-1.300423851331316,-0.010648505855550196,-1.4965954700578366,-0.07075935766653506,-1.1924225952809322,-0.07813708267600483,-1.0021129572740497
0,0.0,0.0,-0.035320953388284615,-0.08304784723190055,0.013340598308035013,-0.5624012210379784,0.05706075593728281,-1.0872174336964007,0.15812778925464108,-1.2875982220802122,0.7106388042390099,-0.983818524409797,0.7683332624392369,-1.3425077813723834,0.42488782997908003,-1.1657811486111633,0.20313919472234632,-0.9425574070834958,0.8006012121159123,-1.1028819602028248,0.850819997048681,-1.522010305568022,0.4926473451917558,-1.2439813854720967,0.2747025130668587,-0.9615292659689316,0.8274005655920463,-1.1227699321422995,0.8695783258237769,-1.5413710753740273,0.5686481689310491,-1.2681600939712054,0.3655720265241629,-0.9988202068268037,0.8230430677572191,-1.0600429454358482,0.8554879877982954,-1.381163089560591,0.6324836047462624,-1.209718545310484,0.46369679507051004,-1.0009793512427716
0,0.0,0.0,0.3986293323847247,-0.11365306639878968,0.8680373863195076,-0.35514224255632243,0.8509742931906997,-0.6755660281628146,0.49970584516687216,-0.7926148589913149,0.5822086184805003,-1.9076104300496202,0.648789814373211,-1.59307878829849,0.6289677368274642,-1.1188159544061316,0.6185374226480901,-1.010368698139712,0.17427772828573218,-2.0047573632841744,0.24404341769990856,-1.3793408767795672,0.2674375165847725,-0.9021214370869959,0.27505454497612786,-0.9614286230854453,-0.20984037868213068,-1.866762446201456,-0.12587146834934831,-1.145169032921638,-0.058267744999036954,-0.7763398775651731,-0.055325085452598656,-0.8933471663611534,-0.5569326655224781,-1.6143049865434147,-0.4509524125301421,-1.029780696478725,-0.36840008550629355,-0.7146173191044863,-0.35927478460565654,-0.7863022504210891
0,0.0,0.0,0.415536029950772,-0.1843912255863403,0.792728415731756,-0.5392981068435436,0.5599928935203295,-0.901695926458723,0.17000874263086002,-1.0015137804509626,0.5730622244275484,-1.4591026980137494,0.5407823729521377,-1.6406925490487756,0.4406345309345888,-1.1649202898291007,0.44553885277795446,-0.9471039602089235,0.21195072756070832,-1.5061182642873936,0.18145372633818632,-1.6653109662925116,0.16257813928837703,-1.1227411685063924,0.23343889496376233,-0.9723714734185169,-0.09746342837741596,-1.466218026172816,-0.1518665722038063,-1.474860275318233,-0.10612768496700871,-0.9662356001625977,-0.004384179609391806,-0.8677114871583071,-0.38191372438064125,-1.3712628282448,-0.4017603589953734,-1.3433052140780395,-0.3436393171138781,-0.9658948556898542,-0.25915199709925113,-0.879005509689574
0,0.0,0.0,0.45981257502708595,-0.1875802604591284,0.8708258576861888,-0.5970193327068154,0.6571698920205801,-1.059713061396132,0.2760314728252953,-1.287167668283264,0.668383902583117,-1.6103416504999077,0.5546723207372335,-1.718951915671716,0.41653593815106654,-1.2945076037577679,0.39842082975368226,-1.122422823393501,0.267583506488045,-1.7460234132044448,0.06760615106339297,-1.5885925289756235,0.05203178956102925,-1.0427788500490136,0.15643372480712198,-0.98768845783626,-0.08588708813894032,-1.7266486630588376,-0.261966794829077,-1.4665355129512878,-0.20254585435732067,-0.9767659120238003,-0.06632832694567668,-0.9587577104906563,-0.410724688809472,-1.6321063569123295,-0.48036753867523335,-1.3617388972485944,-0.402035156706093,-0.9502188323059382,-0.2779616748920586,-0.898278501430557
0,0.0,0.0,0.36677677385002866,-0.19594511359951372,0.6701475952526768,-0.5717569247860306,0.5239375132156867,-0.9856845045723741,0.2053049984238219,-1.0872743435932541,0.5176524420401866,-1.246854360119803,0.46380260962615394,-1.4354147131054693,0.402602471619841,-1.0426109327915027,0.44626817192638896,-0.946321226570983,0.2533703475619027,-1.2916536108341692,0.1924366419206381,-1.452412028701783,0.19013686823972256,-1.0040599220226858,0.25331163541308305,-0.9673847297556177,0.004987661397873296,-1.2577270976152146,-0.07469620955758549,-1.305786110197605,-0.036033516994723694,-0.8866324561055334,0.058490468379169165,-0.8699110777078038,-0.22980014254958508,-1.1800128063839874,-0.26125124068457856,-1.1666900000273766,-0.202972353860262,-0.8790806678440322,-0.13058245255664785,-0.8419433030462894
0,0.0,0.0,0.4639546908998071,-0.18389390710781098,0.8255007596524501,-0.6525310694534339,0.6042157591743027,-1.15839261117284,0.2192666319812333,-1.341568386117013,0.5862919455273615,-1.3450262070973127,0.5630783166957676,-1.6408270504411617,0.476372426106009,-1.1342643800573673,0.49941296462883117,-0.9250759080574017,0.22885726975744142,-1.4017137481595168,0.21183782972686144,-1.677325858620385,0.16765755792159773,-1.0985102720093602,0.20484474214077167,-0.9787944787427445,-0.08876796339333876,-1.384063318898955,-0.1446540817135471,-1.6119221644348085,-0.1377885203718326,-1.0679579063334843,-0.07662587085076043,-0.9636751797533557,-0.4026709578664974,-1.334709333927355,-0.43841417304779745,-1.5057690529371761,-0.3792986518485428,-1.1155878958889365,-0.3249900730232076,-0.9985466999184157
0,0.0,0.0,0.3717174185123171,-0.1533537330708128,0.7516077845768024,-0.5578678338162721,0.5917353441220038,-0.8496455799586125,0.2228557195830843,-0.8861310093104996,0.4058888501395809,-1.6598432611350076,0.36765783161592297,-1.6291016659331783,0.3679211238748126,-1.087147147201342,0.3840693174292314,-1.0186221170384955,0.012855513409081825,-1.6826210289600352,-0.03270520045483923,-1.4958155032146472,0.04664694380339451,-0.9573837632084082,0.09093209098493915,-0.995857095586062,-0.3336601357026062,-1.5419695872777501,-0.35965324240176383,-1.1315050549264427,-0.2258357816630882,-0.7135031675813658,-0.18452598305918205,-0.8312079520017562,-0.6288529802770694,-1.328391899195769,-0.599521917254924,-0.8798412055343431,-0.4698488200678625,-0.5725585593294247,-0.4304983779261015,-0.6741253738484141
0,0.0,0.0,0.7182165808522842,0.21446308064013214,1.4640891991979497,0.10783856048857737,1.8900377755207447,-0.13484702704554402,1.924124419993563,-0.5470977194839503,1.7955040047379018,-1.6221209209005196,1.893837961769966,-1.3385957446876462,1.498106328068648,-0.8189790323417396,1.19057757995711,-0.5771383904000518,1.384565005506163,-2.0283808580562357,1.413732593562306,-1.506505716208124,1.0609566365709375,-0.8489659114228675,0.8312952936339953,-0.5558310307836092,0.8471738157515502,-2.1956974642586182,0.8527441671547534,-1.7187898137484738,0.6488598715372254,-1.1045863663514424,0.5215900451227509,-0.829546231430657,0.2786652908146693,-2.172675386456551,0.26306814137236173,-1.823100457429466,0.18747157920034951,-1.3427757840484515,0.15530654458613136,-1.0884165407583375
0,0.0,0.0,0.5079883420470171,0.250210351584651,1.0360216366146016,0.29356622659327825,1.4279165930859419,0.20477263374368995,1.6174786355098947,0.05045019287270644,1.3847674180786238,-0.43107725060247126,1.7135974345228968,-0.34924164157354554,1.378156316441009,-0.07405962094776336,1.1352134489449384,-0.03255579994022739,1.2321573987610386,-0.7517008372075368,1.5729804131536071,-0.6290689148883218,1.183094184886478,-0.2944210630348624,0.9545906318435575,-0.29792066997191996,1.0283011716720887,-1.0484296837676532,1.4186260877079535,-0.9961884573729654,1.0876735481119402,-0.6216914839905348,0.8540316309407322,-0.5829407310855411,0.7638560066994124,-1.370953151235815,1.144162019746293,-1.3158043814716491,0.967770505597242,-0.9844840697988383,0.7692379030100932,-0.9039304405652657
0,0.0,0.0,0.5696641132356312,0.2144742549822319,1.1785392118071054,0.10140340846751218,1.5141688832014726,-0.32783680731910064,1.4947159995740213,-0.7817315964754457,1.2226442842880316,-0.6184163429558792,1.5075155529509678,-0.8339403149838461,1.2583812943831685,-0.5329876037350989,1.0402849592060237,-0.3330806235152614,1.0105129490017701,-0.9635663279808367,1.3086002665479368,-1.2126815104185775,1.041267909796553,-0.795573978295606,0.8127623663173285,-0.5825953448992335,0.7378127812088435,-1.2654352233649078,1.0913915013110274,-1.6319070228705763,0.8523564639318524,-1.1333115620614695,0.6389782915892485,-0.8635146752849905,0.39950980214373755,-1.5363740284824061,0.7025256498475931,-1.7965109749541144,0.5801835391780507,-1.4149700924870048,0.42389386539138607,-1.179796116820979
0,0.0,0.0,0.43063044311096255,-0.165900468256251,0.829289544985211,-0.48256431484681384,0.861008347371951,-0.9618397404308824,0.6303294454596227,-1.28113609713803,0.797085729100507,-1.0491271219129177,0.8559857374252544,-1.307970520354243,0.6968746864404234,-0.941233901455627,0.673614874440211,-0.7850213559574354,0.5436690702895933,-1.1944122978679783,0.5975005525131034,-1.4637338399455098,0.4656602246751323,-1.0039420567319701,0.4538508984072829,-0.8910776408455675,0.28151136471425897,-1.2645225038138261,0.33365629642098243,-1.577912461061877,0.24117691682549944,-1.0926130964508383,0.23952258478689903,-0.9508967439612062,-0.0099998825139097,-1.2918509115413905,0.05453797364337648,-1.4983470963934886,0.028342228702823418,-1.1814024956689113,0.025295556801531536,-1.0616751580788197
0,0.0,0.0,0.3816051104969751,-0.306744816888342,0.5998598396156413,-0.7711909298128343,0.371235705735052,-1.1948370798337726,0.06811612464813,-1.2964332833235868,0.4370494236539176,-1.209395413079108,0.3650890283336506,-1.580890508183117,0.30911255299081114,-1.2060145272805218,0.3531643308132517,-1.0054293067032063,0.17991074233902787,-1.2437745420519022,0.06654477175207477,-1.5637606928526302,0.07206401496498895,-1.1259620910012011,0.14942996224174576,-0.9887723127112887,-0.06029529132311642,-1.2220217662147739,-0.18099344059703568,-1.5682169500385486,-0.14207931893332523,-1.1442485084431337,-0.05728778103944354,-0.9895652479785614,-0.3057836131174469,-1.1493512769018677,-0.39478277095429665,-1.4022910034892628,-0.3340318526206974,-1.1454009821011337,-0.27232630882114384,-1.0045006315160527
0,0.0,0.0,0.4320377753999224,-0.28102189975601954,0.671025761251962,-0.7310136119929744,0.4582576519624793,-1.2247733500017184,0.12454054462484256,-1.373441322273636,0.4982171725050568,-1.241587110232357,0.3970970175497543,-1.5962758653013693,0.3522238555999736,-1.1983125704938973,0.41047331175415014,-0.993594318288126,0.20617184597731691,-1.2548872888395015,0.09252668455874216,-1.568632958007595,0.11335286584498751,-1.1023158128435937,0.20481344536959678,-0.9788010280929599,-0.06108904487080909,-1.205276271631668,-0.1803994648858114,-1.5503181047580212,-0.13487333428621048,-1.0972877060369437,-0.030285685604215105,-0.9383758591907283,-0.3229520063908583,-1.1230579944361974,-0.41855801459721714,-1.404455410783259,-0.35330675083938246,-1.11541723435408,-0.2655156828446564,-0.9554938871413249
0,0.0,0.0,1.0736357022205352,0.3196598071938336,1.821593999974955,0.5250952708017231,1.9951449555263963,0.7790989966816446,1.6363624373795786,0.8764641064702992,1.6910098137321405,-1.203135840257942,1.7944151154384653,0.034393668165541805,1.5393529046380654,0.6227463595327445,1.3137643367386826,0.6954328389753822,1.0751861566825822,-1.3088307876718088,1.2126386203503472,0.3212856321153166,1.061131627553049,0.4976152342763282,0.995036682360453,0.09950879738547298,0.4802694734432937,-1.1558605854300597,0.6878243807584239,0.41785019877464685,0.6592881682544149,0.5038958859967498,0.6361999040798184,0.1631415859283612,-0.03316118798312726,-0.8869770486284462,0.19678468306350444,0.32312684832787864,0.22970788511016385,0.41129412327466786,0.20131713594362172,0.1196586031885881
0,0.0,0.0,0.48126678833865627,0.33985598334380757,0.820091927437041,0.8407645681655451,0.7821467578966036,1.3526254120098755,0.49572045611118554,1.6817708867569368,0.7764372484260833,-0.13396307591313636,0.49706313570637994,1.0661352676824205,0.47757129826092765,1.2666936341728017,0.45652056781124917,1.1669278868379036,0.24824519858407545,-0.3563937554330534,-0.013455170415071683,1.2456349588734474,0.047961780641400026,1.284241253404756,0.1040937041957392,0.9945674943143928,-0.2555023931458865,-0.32452370032053457,-0.43674101330968373,1.1208395301244984,-0.3234378096166442,1.144240801099661,-0.22022938867048375,0.9304531249207032,-0.6927896148707751,-0.19371515534560063,-0.7389930300321624,0.9141488746629969,-0.5965390379004303,0.9394444247965529,-0.5049401704152118,0.7755540932612391
0,0.0,0.0,0.5183803643943605,0.08668748182735132,0.9139072630002484,0.4814063206018118,1.0923428458333053,1.0523101537217463,1.1684501029133532,1.4304712265823782,1.2355579482635224,-0.09817075809497812,1.2715761907262058,0.9850947071664562,1.0727962042569121,0.9685207590401386,0.9830668867988507,0.6672033390071026,0.8954162480905028,-0.098323543399906,0.9415361841597457,1.1433550640392969,0.7749966290920851,1.0220666493729673,0.7356227842032894,0.6773914077998042,0.5172028457375366,-0.00026690142676535976,0.5816736209278224,1.184794137527166,0.45067440765791256,1.0201487419551243,0.4286348647238102,0.6946462698022792,0.12995346405763866,0.14591248810937715,0.1358700592290758,1.0297979640878052,0.0696102038450471,0.8851256218991701,0.0677061668950517,0.5765476424237013
0,0.0,0.0,-0.4335831285402698,-0.18010824367705222,-0.8139447776039662,-0.4968202610839946,-0.9250521775856626,-0.8995583501282899,-0.7790376767365645,-1.1504407471797262,-0.7118319680701326,-1.0486327650327696,-0.8221598393047197,-1.375848050199117,-0.7830768214906012,-1.1036219159729814,-0.7170838747667088,-0.8999877638874885,-0.44650191689938507,-1.1488780521271917,-0.5507354229314206,-1.4303652279478338,-0.5013184656975048,-1.1038790913459195,-0.43659866438419676,-0.899656382324905,-0.18299246366577315,-1.188854454263709,-0.28010253924767353,-1.387524248637502,-0.24579345296741484,-1.053911407782968,-0.19843462622866656,-0.843416275079836,0.07246670925879808,-1.1693014870479543,-0.0258877750229906,-1.3348954183495556,-0.02495728760576924,-1.0723400057232608,0.007611227020304847,-0.8834947107271156
0,0.0,0.0,-0.544422844387843,0.12421556810221826,-1.0607501425633086,0.0956308709924774,-1.4338892712436955,0.10131713326445707,-1.7084231080112604,0.14890436069385699,-1.368362691855206,-0.8798427570618117,-1.615919342229748,0.00886036525080793,-1.4484712055473157,0.16620351420314672,-1.3424288091448005,0.0016365043645538793,-1.0944316423789424,-0.9496095405364566,-1.2788728625302015,0.13017703620890003,-1.0734220034058573,0.18493668418161902,-0.9979190371446116,-0.06447941768015185,-0.7708997098671156,-0.8588075148271291,-0.9247315877746616,0.15034048154070512,-0.7288549455692181,0.18806823196765562,-0.6568157849454209,-0.05098205624336732,-0.4280682959650506,-0.6763245350035082,-0.5487019794608107,0.09870466530258246,-0.4137788701569378,0.12900630076764824,-0.3373251928303578,-0.09216402569840104
0,0.0,0.0,-0.47128239035595865,0.14160618096653305,-1.0649674802615836,-0.08537842919851375,-1.3078181490502983,-0.5332209365245056,-1.0383792927036983,-0.9146987788110799,-0.9520582671412324,-1.1578333155862348,-1.2513722551081603,-1.0813631027003545,-1.044652268783108,-0.6426045887559065,-0.9360148522866348,-0.6406022113153951,-0.6777272213126083,-1.369276357695655,-0.9739190970595938,-1.2147373843294298,-0.7574192514411,-0.6883406058829428,-0.6323766286260144,-0.7746610869067815,-0.37465346639310465,-1.4601145489874856,-0.6484321322381392,-1.2878852581420888,-0.4788308937160855,-0.7401112000783321,-0.37309216524075106,-0.8152525208980141,-0.04533284072734217,-1.459705491570616,-0.3124950355268315,-1.2705491085861493,-0.21757345797618785,-0.8527307186489301,-0.10436714458075153,-0.8858876756686043
0,0.0,0.0,-0.5022931163772302,0.06672473121802573,-1.0571931675971136,-0.2574781576198148,-1.3072662532702375,-0.7411194151687407,-1.1731061852065245,-1.1067544410856782,-0.8832630764249799,-1.090366900850406,-1.1567842698339448,-1.2805643417302734,-1.0059244478599076,-0.7906631608720394,-0.8744452441194334,-0.6934567764198891,-0.6245327254791931,-1.2435342870543369,-0.9255324260806694,-1.4487910167752964,-0.7667292830873961,-0.8724194286044861,-0.5931320111712072,-0.8051052212748337,-0.3389756818554768,-1.314894282818795,-0.6234944128662893,-1.4556825663465138,-0.4893599061560892,-0.8851998966968798,-0.34245651221161755,-0.8232089194853529,-0.02126182952006508,-1.334422426578347,-0.3096533664182362,-1.373689464848865,-0.24425354796862556,-0.9469780365158903,-0.11106282902935885,-0.8874918632845279
0,0.0,0.0,-0.5826791508159883,-0.08113163381663432,-1.14199253810765,-0.3388667929798849,-1.4489617683850549,-0.6003538482711481,-1.3430276161722052,-0.8373327577460186,-0.9051743575699105,-1.9428891977882068,-1.3114157176131076,-1.4623467037638846,-1.1257095447941332,-0.913075035102435,-0.9197817654279095,-0.8590125131192454,-0.5591460755994262,-2.046126271808149,-0.9987342330235437,-1.3302242260646246,-0.8075747275931812,-0.7685632637338768,-0.6187493574102335,-0.7855884626854083,-0.19998547147724116,-1.9299266558619055,-0.6082702969877768,-1.209223587395614,-0.4632312195072145,-0.7082484958088753,-0.2963509720126376,-0.7433710599495579,0.15301422243020463,-1.6776749317005724,-0.176578840014975,-1.1357515377058078,-0.0960304657287317,-0.7749112339061646,0.04997106540437797,-0.8010977079927021
0,0.0,0.0,0.5774510670656411,0.09524395120772305,1.1628582656350133,-0.06731857893564709,1.3777321115937653,-0.5660744080359158,1.215628835124495,-0.9722083625524068,1.1373493070444631,-0.8732803994642573,1.2981072877924407,-1.2471679864041072,1.1062259841366913,-1.0510281890725564,0.9522904560601981,-0.8017624812379465,0.8112505247005108,-1.2144503980168635,0.887687824678142,-1.529905034495875,0.7032102684630036,-1.156271216017455,0.5964065373397653,-0.8026825289106466,0.4728834131708894,-1.4167966367062648,0.5187234703008632,-1.703540187309904,0.3970364129363867,-1.3087743015518865,0.3297370288137438,-0.9652061954820084,0.12637390935949627,-1.5150317203638888,0.18177677493355077,-1.726203100169835,0.11065169869807547,-1.429942654640875,0.06828211115385674,-1.1505000051958243
1,0.0,0.0,0.14144025581474304,-0.05750821741258339,0.24259506045764417,-0.21030967174944007,0.2684423827547794,-0.38815513257297646,0.2948426884205461,-0.514904718621466,0.15299113217361643,-0.4600200772697778,0.15701281243370438,-0.6611234375379442,0.15366713552328842,-0.7897015577471027,0.1504534990223584,-0.9067869055985468,0.07583769690880414,-0.4913715405846215,0.07875104645727782,-0.7211419468721183,0.08269291147808641,-0.8693846321972749,0.08671353417070143,-0.9962332874340359,0.005110881442412721,-0.4830412060201777,0.0022083253031478936,-0.7042644764112833,0.006386307814747447,-0.8397785595767736,0.014983273802068335,-0.9582278584190205,-0.07042348023121903,-0.44230202729752993,-0.07589508549667258,-0.6155794809464411,-0.07021436181591305,-0.7192697413958031,-0.055951835799098695,-0.8165380477855952
1,0.0,0.0,0.15360003220267604,-0.050703213031268984,0.2687965412765961,-0.19156959735778453,0.305810128528126,-0.3642328847146052,0.3462419133810918,-0.4825689752005425,0.2036353187293869,-0.4589432720256031,0.2285574690380467,-0.6604352564744598,0.2394372523975396,-0.7845209971880519,0.2511736047855906,-0.8979393392602472,0.1304270957525511,-0.49375216530017263,0.15592781558071644,-0.7171758936262393,0.17440355935004662,-0.8594695846601685,0.19074935080279168,-0.9816387752978758,0.05737291953117521,-0.48922856814244414,0.0809249294023618,-0.7074539276541603,0.09867613540952287,-0.8430296261155151,0.11788418711363541,-0.9623228045296901,-0.0266783943233686,-0.4530299239947584,-0.011392861424115162,-0.6282829605491526,0.0016046023126768058,-0.7320751996121839,0.01942327315189278,-0.82975289867492
1,0.0,0.0,0.1520504579804752,-0.04253949647156067,0.2801522357352122,-0.16284976021667968,0.3451079853906454,-0.3073210878709463,0.3503221092071098,-0.43567036189303443,0.18996806288472118,-0.43877728781157876,0.2135919358925196,-0.6385194287473243,0.22304765984913932,-0.7783632974335792,0.22466081420111236,-0.9032032743049263,0.11098005936785116,-0.47373392126782715,0.13109615360691693,-0.6931317703645418,0.14364849113760805,-0.8532874464041392,0.14801687617545548,-0.9889848352564664,0.032904160576543745,-0.46739790294498823,0.04535774001077907,-0.6798231520618887,0.05856064096610502,-0.8271279703413738,0.06582584581209983,-0.9428820125410365,-0.0535961011922531,-0.43070449353492524,-0.04535331139658823,-0.6029062216043249,-0.03674357928225351,-0.7267964505294873,-0.02592004619983344,-0.8359524586110058
1,0.0,0.0,0.1708004800869574,-0.05145053584821481,0.3015849983999002,-0.19594244794641846,0.37581534189986454,-0.3352071838676813,0.400470795232718,-0.473415228660475,0.22033978547997843,-0.4421981070287408,0.23736937125052338,-0.6515907793646928,0.2452019333516941,-0.7830794219309026,0.25115834502319223,-0.9127295178358044,0.1437269025488433,-0.4644421240748682,0.16084961443030418,-0.6887603062261615,0.17540542746589477,-0.8410358513611623,0.18496915097039332,-0.9827443274775448,0.06413751730837826,-0.4513305228813278,0.0778656688785248,-0.665392371851578,0.09490976617041842,-0.8143569241101616,0.10550872898921841,-0.9448842099338062,-0.02446175606963394,-0.41568486349539946,-0.018515944118077443,-0.59604641715687,-0.012336307392093768,-0.7125368345670673,-0.005200550689944564,-0.8238070160931428
1,0.0,0.0,0.166550485848451,-0.03288767156804173,0.3019333404844378,-0.16727167957169053,0.3737979953887254,-0.320946072436599,0.4354945833116498,-0.42819484805489566,0.23724822188303113,-0.4316050762242508,0.2678873660242,-0.6361467440946726,0.2805733614194109,-0.7688433250379013,0.29041317179277093,-0.887379971672497,0.1698042915528464,-0.4615542747296333,0.20127724388388216,-0.692138098683526,0.2222433150193052,-0.8438559062046314,0.23759091935475052,-0.971365304630634,0.09747473791833323,-0.44921601290567303,0.12433098252483167,-0.6771417471214135,0.14115022008957634,-0.8240539021717113,0.15707982763832418,-0.9460241371963796,0.013066433275466034,-0.4077234675156001,0.026869350600459377,-0.5900303312241023,0.035601704484119874,-0.7080361547653309,0.04719383479077601,-0.8146273250014577
1,0.0,0.0,0.1700387474242673,-0.022220797326197944,0.31039515136809376,-0.1568159146283402,0.3861706733925291,-0.3137384012670042,0.4455389984797197,-0.4191978976560878,0.24129308206781994,-0.423814868120999,0.2767614263583191,-0.635066059466956,0.2898879115333766,-0.7682937117243283,0.29967898759898254,-0.886598208946899,0.17462153204713823,-0.4536367149274906,0.20579224554580358,-0.6866899427162307,0.22618344169653068,-0.8400077675354284,0.2422795161080508,-0.970206491461714,0.10418314131782466,-0.4426008978537236,0.13247183151670316,-0.6698991116323465,0.15147351432270215,-0.820539495030316,0.1700229403927184,-0.9483827517137089,0.021851339326899977,-0.40458511243122286,0.03273184604306736,-0.5899995225315371,0.041035304806236815,-0.7095743844622203,0.053689084466403116,-0.8185460213551565
1,0.0,0.0,0.14094806414638325,-0.05053612102276879,0.264826713197828,-0.1867428663582324,0.34060310880440187,-0.3089707874626764,0.4069420429854779,-0.41150188696223033,0.20474044694164148,-0.4452410618242453,0.2379581704237261,-0.6477986770972047,0.2607645774296333,-0.7809355587156505,0.27810543472702137,-0.8979415863864455,0.1366500367620645,-0.4662729555383467,0.16822165258995603,-0.694535890700348,0.19535534883463043,-0.8468646344222476,0.2176824004617437,-0.9760196578600315,0.06203744157715157,-0.4499492685367101,0.09093865650368683,-0.6735056654253161,0.10966752676537381,-0.826947322177259,0.12645382058437665,-0.9575006258966922,-0.019279326813132023,-0.40522098391462735,-0.00504433301422151,-0.5856221133699561,0.007508104153902213,-0.705570561681158,0.022093213474459285,-0.8161126072018469
1,0.0,0.0,0.18267929741878544,-0.024164712861906332,0.32877675825746777,-0.15257835705743217,0.4137122770630529,-0.2821474927870257,0.5023015692536176,-0.3853298271523545,0.2806513076613293,-0.40648728509138904,0.31655906157288216,-0.6197770472276165,0.3364334057020205,-0.7499502525413965,0.35331689561112034,-0.8725062272258364,0.20897444779662908,-0.4238710653474194,0.2426913985801357,-0.6671374532739447,0.26492827084345677,-0.8219414821805728,0.2834729176538111,-0.958980242214007,0.13264833323128009,-0.4007187857881444,0.1594331617365739,-0.629294967712196,0.17562258492745275,-0.7790094037202572,0.19139137832801975,-0.9164383350958842,0.0519261412014563,-0.3469800223710323,0.05770856042895434,-0.5060952309862925,0.06347113342781383,-0.6158793306156213,0.0711745022022865,-0.7252255728256116
1,0.0,0.0,0.1104081561972225,-0.08003864382876842,0.20232487633007884,-0.2310364087068349,0.2834845566322786,-0.3574943243971233,0.37460865826169976,-0.4388557574003043,0.07338653556717195,-0.46929618929470046,0.11209472541930486,-0.6706732577454764,0.13391677426168316,-0.7872803275477014,0.14834866985853346,-0.8915787242547191,-0.03761802193269284,-0.4915812013234168,-0.04088780933216513,-0.7298474942644452,-0.04479678419455883,-0.8764539794048866,-0.05315525923185234,-0.9985862598774301,-0.13439751617215548,-0.444397900188846,-0.20364694914564352,-0.6426318465091646,-0.24752946407968746,-0.7574801902162642,-0.2804120935336369,-0.8564700422426872,-0.2111381089887254,-0.34362118870163477,-0.31525246659536454,-0.43025684628424304,-0.3840816574192619,-0.49052685134637175,-0.4384186482560222,-0.5587537797497805
1,0.0,0.0,0.1381181030642727,-0.067244195252332,0.2534854808515602,-0.2216376955237164,0.34270471594594887,-0.35369990725932404,0.4491728748534275,-0.4289874900943867,0.09460327395646866,-0.48358801948667535,0.11059610821213899,-0.6984330335518548,0.11746133143339409,-0.8221127014115038,0.12079811793260165,-0.9289825317305456,-0.00987934019148875,-0.4896605321654252,-0.03289647812023781,-0.7230988479060181,-0.04785737551942954,-0.8716756831627107,-0.06860479070724826,-0.9976439157795804,-0.10104051423626932,-0.4300289152519258,-0.17306809178850796,-0.6464609654320836,-0.21836204463807982,-0.793102860201578,-0.2558690632052171,-0.9146317119016724,-0.1765328021197446,-0.3253378276522977,-0.29239212476450105,-0.43172469671806607,-0.36732561227913396,-0.5049352164287682,-0.4267761439574991,-0.5769195246364541
1,0.0,0.0,0.11395993199484258,-0.0957160434141458,0.1985828892170488,-0.24855475464382484,0.27555506829923293,-0.3781347575318405,0.3636468872783647,-0.45073817044360953,0.04199497662598216,-0.46788900724553784,0.054237338333944514,-0.6830066094001462,0.06054575851614904,-0.8141869112484175,0.0605995151610065,-0.9327022644305414,-0.05698457556479433,-0.4841250721561115,-0.08204588444325424,-0.7179751770329592,-0.09640968591856267,-0.8677788452266518,-0.11627003940706279,-0.9932176387561188,-0.13974844881901322,-0.44115533433944093,-0.21385010097398963,-0.6482561846740011,-0.25765257985981993,-0.7869264491921111,-0.2942995494042938,-0.9002282518283544,-0.20780085534042156,-0.35116632130713904,-0.3193914697055198,-0.45956464795769425,-0.3954383268301785,-0.5339168398379182,-0.45727875700505355,-0.6079593466988545
1,0.0,0.0,0.12729979194907162,-0.08744684040163528,0.23608306233560367,-0.2523475728337401,0.3282086337370364,-0.38047888423446685,0.4175962265721013,-0.44202815855886307,0.11390968507430818,-0.48088947203198,0.14498254940636732,-0.6942141786857017,0.15636437718557283,-0.82002670057776,0.16261405394005318,-0.9293515559940667,0.01839786667977865,-0.4998054795818287,0.0054634244835316875,-0.7340757970900501,-0.0012453462813368454,-0.8813201467445271,-0.014456442032397383,-0.999895500181776,-0.06649826785142814,-0.46361474271592845,-0.10969796672394813,-0.6771321778208398,-0.13947541652934356,-0.8191430552816549,-0.16923509616049467,-0.9333833279483953,-0.13877564577305038,-0.3857356135333677,-0.23183034788150464,-0.5039547840921238,-0.29882499593348966,-0.5864186805811973,-0.3536152441932247,-0.661188777488872
1,0.0,0.0,0.12889762252605197,-0.07180213120741634,0.2349014711242664,-0.23170313747285584,0.3261631019694177,-0.36489527153073004,0.4179548491159334,-0.43305774435716055,0.1220315846040836,-0.47859698198965994,0.15897126665545738,-0.6873962416661643,0.1748288290213252,-0.8172871357027026,0.1830114316284425,-0.9285716640174826,0.029062522451211038,-0.5049313987065422,0.02555164246710281,-0.7365985909017151,0.0227112307033525,-0.8816342346893551,0.014032007649883707,-0.9999015465341143,-0.05851272727552336,-0.4735661740032224,-0.09162797262323984,-0.687522999289339,-0.11330524078199983,-0.8283937366221855,-0.13412236355239032,-0.9450967859142876,-0.1388301233064324,-0.39616974512412473,-0.21640477830255914,-0.5276496102645043,-0.26923006860937276,-0.6171301434151328,-0.3114303144936343,-0.6988123271400073
1,0.0,0.0,0.13720308182365243,-0.06971502281220235,0.256550337505804,-0.24054217728285743,0.3523590848585578,-0.3720046252947494,0.44028845318476295,-0.42510843067484855,0.13236078826201886,-0.48351111634842925,0.17468799374337743,-0.6818774830139277,0.1920379292326242,-0.815392829767745,0.2015937016064748,-0.9337102280430228,0.04039720621947102,-0.5100183092105345,0.042483164411071764,-0.7324407552627018,0.045865977853791484,-0.8768123028245145,0.040897571950071786,-0.9991633443079209,-0.044283087800121926,-0.4788119302683153,-0.0710390822971142,-0.6904441743048457,-0.08841318931859413,-0.8254990524880534,-0.1100562291464375,-0.9408107432501972,-0.12071686574395504,-0.40240802893885735,-0.19098735336955056,-0.5300678295158754,-0.24083634933414735,-0.6220139359910198,-0.2829254427029481,-0.7076618119418945
1,0.0,0.0,0.15242853363240963,-0.04250354368583479,0.29893303156184914,-0.177077623516162,0.40525806005425835,-0.3065353828813474,0.49857255429486863,-0.3763890974582134,0.1957833985966964,-0.43862939195771017,0.23964383819934382,-0.6389772543771227,0.2595941795495055,-0.7773310717509928,0.2749365726710292,-0.8975194762074266,0.10587315557492827,-0.4717030229283128,0.10162512442915068,-0.7088551742596627,0.10853689472873022,-0.863777067237217,0.10775344561392676,-0.9941776475853431,0.017124219869351084,-0.44751730044136895,-0.003765019744615573,-0.6563172237989319,-0.008681859298675543,-0.7936381192844445,-0.013293578203071723,-0.9122771713170174,-0.06749327155219965,-0.3819733466214842,-0.12510871059949724,-0.49213850428691935,-0.16006573329399626,-0.5672817471444029,-0.18578009989680605,-0.6399953368318511
1,0.0,0.0,0.1484198217364022,-0.06784336889501506,0.27714057267331543,-0.2182734887956325,0.3713414669895416,-0.34683856455672113,0.46505040229602723,-0.4134815974342024,0.19427937981185583,-0.44397993212154874,0.2303920867822839,-0.6323703820938519,0.24851647222839338,-0.7599465936342208,0.2626909544210845,-0.8659853383977909,0.09843252856416913,-0.4875792787070487,0.1018207053377449,-0.7262276745123413,0.10234425061504412,-0.8692203564838915,0.10591963098169616,-0.9943746938517197,0.0006129818517417156,-0.4712540378050283,-0.02007741180650966,-0.699991808286507,-0.024536050658664956,-0.8542835807973913,-0.02327225285447946,-0.9841976678647055,-0.09486409023434317,-0.4042919604850824,-0.17153449035492996,-0.5235057076893106,-0.22019319337926757,-0.6078039600240729,-0.2534101453883155,-0.6847164636789688
1,0.0,0.0,0.15250893130096807,-0.04850905639996153,0.2938133607505379,-0.1859655407624796,0.39053387267698464,-0.31170156773625063,0.491349646278441,-0.3736815105706188,0.1813409828213102,-0.46108209813103757,0.24595298303609614,-0.6531860274847664,0.28410393271255774,-0.777291264384715,0.31275993222192383,-0.8834393386942632,0.08760696977535827,-0.49905391716679753,0.11143476568837157,-0.7215153020582501,0.12887087019771132,-0.8686183591018503,0.1350277875789758,-0.9908418120878463,-0.004392178408546905,-0.4745660402359473,-0.009689131886455692,-0.6834008968568648,-0.010012844100938159,-0.8171084083768435,-0.013671738518172365,-0.9301519291318348,-0.09162127489091648,-0.4020891102704569,-0.15155592436590487,-0.5353278148972181,-0.19207650674450616,-0.6264803399065786,-0.2243299420999173,-0.7115678218273197
1,0.0,0.0,0.15767124343997424,-0.039508253138607695,0.3125004532434975,-0.1836596329201493,0.4217653949324105,-0.3120674340085327,0.5137172931394145,-0.3860160455266044,0.2031778737634677,-0.42989269138067443,0.25799374315391393,-0.6468556852753101,0.2839680297703051,-0.7858113860884661,0.3059590544861326,-0.9129865662237372,0.10654590955137723,-0.4646335020755345,0.10509184297845817,-0.7072677549656048,0.10930577867708724,-0.8612452437717791,0.10730562469173598,-0.994226082392489,0.014937262785513546,-0.44372753943588045,-0.007993257925517824,-0.6574020520801062,-0.0135374002629639,-0.8079866064686712,-0.023388189299218428,-0.942093190861731,-0.06907729841671573,-0.38340922313134923,-0.14285649161898342,-0.502417588141362,-0.1942749198070893,-0.5977882657967794,-0.23265322697261137,-0.692522965612342
1,0.0,0.0,0.13349737019867608,-0.0725559869472758,0.24993562854972495,-0.22201394631493213,0.34521972662330147,-0.34335869996771123,0.44105326553337115,-0.4059184895336389,0.12969526114980345,-0.4704812281840103,0.17254829578243897,-0.6695175024743499,0.19635117612859454,-0.80568190145302,0.21180881422803738,-0.923011183754527,0.039150426848174096,-0.4968518753753082,0.03756355220312642,-0.7288431120363786,0.038250128877280784,-0.8787694393522075,0.03117650441320881,-0.9995138946370746,-0.04823424011586823,-0.46527491277646843,-0.07431631569065669,-0.6813437333333178,-0.08920052016525461,-0.8285634826594258,-0.10653049324197959,-0.9479572815745883,-0.1275606209751799,-0.38911683645977085,-0.1990484800978802,-0.519720293455935,-0.24804980136851934,-0.6119172197076079,-0.28988960439431677,-0.6943572781375509
1,0.0,0.0,0.13961728240456797,-0.063200208053903,0.25472059182038626,-0.22107559406057603,0.34071518003362394,-0.3645045349467005,0.42744419138560485,-0.43082986770633863,0.127391325347592,-0.47603497503890274,0.16416963862801917,-0.6859429609843812,0.17959999791287076,-0.8168098224685268,0.18821488177243906,-0.9257559707850714,0.03376173181861814,-0.5060049873304394,0.03251412722339463,-0.7408480856809251,0.02888703111804302,-0.8844108596992603,0.019414562961654985,-0.9998115196100753,-0.0515361289404234,-0.478612690247867,-0.07330629851771545,-0.6997627190860184,-0.08837826481126154,-0.8385981074977107,-0.1090310159203745,-0.9521010393021744,-0.12941565236279137,-0.40549950364305787,-0.20723598668491874,-0.5386266713127562,-0.26067866230975967,-0.6308768897647588,-0.30446789462020407,-0.7147282944665562
1,0.0,0.0,0.13387246894124252,-0.07576339853459732,0.23671319758093368,-0.2364767380156189,0.314896546325689,-0.3798971677359671,0.4142531653671522,-0.4421050938937767,0.12057224257733584,-0.48478351824484534,0.1513244697692311,-0.6815279853397145,0.16290042299590177,-0.8043373375799877,0.1678784966723854,-0.9102986260870468,0.024369828499773254,-0.5103797333492732,0.01791916527694872,-0.7364017067261156,0.00973972260531635,-0.8807226680075956,-0.0033698380622214177,-0.9999943220795978,-0.06450118202708753,-0.479398963085365,-0.08810277574802268,-0.6867503132826102,-0.1010425733063134,-0.8255711386024034,-0.11464930497723028,-0.9425054784750981,-0.14479640760035584,-0.4046712854590534,-0.2244437290929735,-0.5332032271227941,-0.28048488965698193,-0.6217057248864558,-0.3261910377674292,-0.7072187111949455
1,0.0,0.0,0.12955369214985182,-0.08072360856753222,0.23608579694236298,-0.23339081449903346,0.32506123653447877,-0.35838291726308524,0.41791174725595365,-0.4320523630473097,0.10321500142185462,-0.47999828045691234,0.13737616695359375,-0.6790636704548741,0.15392621949577193,-0.8069892394204056,0.16155568543253895,-0.9166516648090814,0.0070150055447990856,-0.5064855428427896,-0.00035000406174382273,-0.7313173113812862,-0.00510716599965886,-0.8770768508231988,-0.014239653389922405,-0.9998986109958024,-0.08054909485763938,-0.4739916882539407,-0.11278548221027701,-0.6867802406462816,-0.13048546961802754,-0.8302032862836197,-0.14625417807364277,-0.9499831729973915,-0.15936486388003138,-0.3956214205647607,-0.2496678345737927,-0.517891133870533,-0.3122228812341017,-0.6067546869183208,-0.3620976359909443,-0.6915147566987926
1,0.0,0.0,0.1477225112432901,-0.04709564333556291,0.2781597405773681,-0.2065181948178799,0.3783173974592834,-0.3454102807444829,0.48494574363218784,-0.4184141689418496,0.15618099108697975,-0.4748426825788692,0.19120040076087713,-0.6860627329511035,0.21147136656939064,-0.8110853882388169,0.22561866309069414,-0.9186194222631687,0.05665759056840723,-0.5019593441739049,0.05257193759142043,-0.7321166291070048,0.049954575913951964,-0.8757965290983493,0.04390449610729135,-0.9990357327050744,-0.037523638457244525,-0.46884695153967715,-0.0615238042919683,-0.6851621676271648,-0.07528360034820578,-0.829707774767451,-0.09018409582280627,-0.9540481968488148,-0.1217309003697774,-0.3909621692045481,-0.20355503129866176,-0.5095857881165443,-0.26361938377455635,-0.5963030572733333,-0.3110732604515542,-0.6829887166872038
1,0.0,0.0,-0.15341491943160884,-0.04779023255357689,-0.2823534909968385,-0.1710316356237144,-0.3794824736394329,-0.28906620223231294,-0.46936911478180865,-0.34999279427968927,-0.19594766977889,-0.4762114265669555,-0.25507012661681744,-0.6566876574552296,-0.27895043140221476,-0.7745690923544457,-0.29093603357293213,-0.8822450513426382,-0.10177035458602351,-0.5287141620568924,-0.11895514857756188,-0.7415601608335401,-0.12156304609000208,-0.8787651272745451,-0.11876319642703327,-0.992922606840248,-0.009397055155094671,-0.5225129250644568,-0.01277801696014297,-0.7278950669313308,-0.006941811561992119,-0.8625126509699473,-0.00012207535646561953,-0.978606852482552,0.08184746529481646,-0.4771574508558084,0.12502821839045963,-0.636909657995131,0.15453270924159443,-0.7445083643054428,0.1774663925005827,-0.8476349557957223
1,0.0,0.0,-0.1469691943693153,-0.037761323302710176,-0.28086224118298536,-0.14613222822862307,-0.38700935130073816,-0.24717350546684033,-0.4786795572173689,-0.3002263441214512,-0.19654156006549167,-0.4479884969026236,-0.25950058529763165,-0.6193513743363869,-0.29084649466246404,-0.7332242402222677,-0.31341052128804026,-0.8405351557965963,-0.10580487980096016,-0.5030048293310079,-0.12670035806942428,-0.7160861558867702,-0.13574394634505127,-0.8609300461495605,-0.1400158561715268,-0.9901492614856381,-0.016587285474066005,-0.49779869160144113,-0.021175325288796266,-0.7063589847912979,-0.0223371995551439,-0.8428833953326393,-0.024473564114793685,-0.96372554636592,0.0711153193793111,-0.45108712088413067,0.11648178684226472,-0.6093266829039492,0.14965179315894842,-0.7136340124643616,0.17386962087080368,-0.8125034614678306
1,0.0,0.0,-0.15014007550435732,-0.047591828160699436,-0.2868497483744513,-0.16284155721295054,-0.3981727674907021,-0.2531182524895,-0.497269993807316,-0.28763434115450137,-0.1976028095099729,-0.44950751931036503,-0.26358773083548426,-0.6209491677673106,-0.3007301363492928,-0.7308388095272358,-0.3309747068953175,-0.8341908408802486,-0.10880147600581079,-0.5036948485381474,-0.1307621207251576,-0.7175853926743397,-0.14441889918137163,-0.8607098347943992,-0.1549364996789162,-0.9879244308484557,-0.01961597212763565,-0.4997210538143329,-0.024004136036741727,-0.7072622978792095,-0.027290965435288354,-0.8434101806494116,-0.03214444461588877,-0.9645831702455421,0.06784543320433874,-0.4542140962582383,0.11778308658313401,-0.6087476377530712,0.15165451131118524,-0.7142511327000636,0.1736470837813876,-0.8143726116377616
1,0.0,0.0,-0.15591507984072908,-0.04884257242322414,-0.2821547368495091,-0.1616745888234276,-0.38045886964391196,-0.2465858810806388,-0.47038613421483366,-0.27877625890004826,-0.2107304825763109,-0.4557580719303551,-0.2867013076510471,-0.6184964854337731,-0.33872778716045143,-0.7157706222827794,-0.38602931606057456,-0.8001069651503108,-0.12227396118941238,-0.5134657201949775,-0.1507204773421279,-0.722907261216024,-0.17682763634682086,-0.8625977349814805,-0.2031955770604633,-0.9791381707721669,-0.03300883289486223,-0.5133411436542611,-0.04632544750048558,-0.7189965649100545,-0.05767242854587585,-0.8526306102155756,-0.07198276223019308,-0.9658213892484453,0.05572349282983504,-0.4728884868858705,0.0961893361279933,-0.6313733821290427,0.12069669643897488,-0.7360630224142284,0.13226668006372713,-0.8335535685777129
1,0.0,0.0,-0.15792938873052123,0.0028593766360970104,-0.2968340563688157,-0.06110269196384228,-0.4123168160028763,-0.11744872930548453,-0.5120278223824994,-0.14506889404973447,-0.2604507062567264,-0.3930153418323279,-0.3641540722013314,-0.5409530995010263,-0.4344682984139405,-0.6317152721168325,-0.49787540816298503,-0.7137732565395033,-0.17822228225748676,-0.46487739894650043,-0.23653004977508432,-0.6779632166607921,-0.2887376873092367,-0.8196074284828454,-0.3366523761556324,-0.9416290021174829,-0.08701875741061735,-0.4757912833302761,-0.12110957811290957,-0.6844952118924333,-0.15484451837040555,-0.8213879572860421,-0.18917239505708552,-0.9370561874351514,0.004485741967705854,-0.442991640996175,0.026809087002769124,-0.6191017651056224,0.035133795881226906,-0.7404579751262511,0.03513622692058656,-0.8528035081134989
1,0.0,0.0,-0.1540814444589378,0.019978745365599626,-0.295432847896384,-0.04096317707449694,-0.4110158564636875,-0.09170534357757877,-0.5075869617445073,-0.11297580751341695,-0.2698581181047026,-0.3765281140255694,-0.3780899192059487,-0.5223724731176597,-0.4546378724325223,-0.6101487054672109,-0.5256877090012425,-0.6835025600541093,-0.19244598043275293,-0.45745422064629815,-0.2651233205952574,-0.6702062642220662,-0.3278919123273485,-0.8101992618004085,-0.3861005211899905,-0.9224567130965105,-0.10264360406941554,-0.47655583347846114,-0.1523174760516087,-0.6869618318289811,-0.19365565324213063,-0.8234488950716605,-0.23506824331105292,-0.9359001659580146,-0.009849694024008468,-0.44915007716228755,0.0032658230129174706,-0.6314681805430586,0.002836280234775944,-0.7552224215520139,-0.007592585785486373,-0.8646413676435539
1,0.0,0.0,-0.1616384869271426,0.02873947644334409,-0.31491186506494284,-0.015783537170504566,-0.43553536899156653,-0.05145111566216969,-0.5346341888241214,-0.07267745618090861,-0.30224189187826583,-0.3575187709342005,-0.4335281418586369,-0.49391211778799465,-0.5172746944291499,-0.5648931995758876,-0.5902351869182,-0.6270769151003504,-0.23389000605396387,-0.44286208544501504,-0.32698962806512694,-0.6510463178992494,-0.3982307688009517,-0.7817279143662518,-0.4584278314763402,-0.8887316374068722,-0.15048386735440822,-0.467128284633098,-0.21237019395031198,-0.678642259186485,-0.26243055386156716,-0.8144998846075396,-0.30834438906403866,-0.9252427286177533,-0.06129260214211911,-0.44745531900486646,-0.06613542645427677,-0.6357846104050252,-0.07405069910140542,-0.7590682210993043,-0.08975378259232196,-0.8642138064975246
1,0.0,0.0,-0.15891692768885096,0.045739190199657685,-0.31589064844264736,0.016453190159496898,-0.44681391074077803,-0.008279956693835556,-0.5597320040917608,-0.01811351858155701,-0.3303195436990938,-0.3279240796588699,-0.4791854744762036,-0.4692051875117216,-0.5821569319821831,-0.5231901024263665,-0.668671907792238,-0.5558548452476073,-0.2587582889478965,-0.41669286727088256,-0.3770267554001662,-0.6419299943430024,-0.474537553972551,-0.7529844197686075,-0.5550154647345796,-0.8318400290353059,-0.16422474316032534,-0.44801450833378,-0.25401057680454686,-0.681652101056948,-0.3284494088727347,-0.8078604504041323,-0.39408899597066605,-0.9057696410561458,-0.05866315627739055,-0.4314044086965756,-0.08066688367693801,-0.6213011223473364,-0.10190186306280097,-0.7411547152952821,-0.12880796609384312,-0.8393016710492511
1,0.0,0.0,-0.1636963718224265,0.059517249703082455,-0.3298305630097992,0.05320417072994589,-0.46625337284411406,0.06920866972863592,-0.5758754474122871,0.09293133045635409,-0.3466947291512917,-0.3216298203041392,-0.4881932378703539,-0.47713708401381594,-0.5844553133172199,-0.516936950152484,-0.6688389003137128,-0.5280405042023594,-0.2644334564311993,-0.40866002255854433,-0.36295142851750795,-0.6556621949978819,-0.4566351293153824,-0.7607652683238854,-0.5401351532038366,-0.8415782888558069,-0.15829643211102276,-0.4341219961657536,-0.22870248556656236,-0.6814864471075581,-0.2997493426275685,-0.8117978050721315,-0.3673740624244625,-0.9275050459482862,-0.042087297617479785,-0.40995322518867405,-0.053677467536477674,-0.6105107295102717,-0.0683299249873579,-0.7375238174928264,-0.09255816166153355,-0.8542758996555078
1,0.0,0.0,-0.1422569059984083,0.04583452926911383,-0.2734828328564699,-0.02693843282883581,-0.3440197474476732,-0.13480950209068412,-0.4039716802310102,-0.18964333466468716,-0.286809013344363,-0.32347356593185295,-0.4080280821337438,-0.48019891954890465,-0.48155881139724316,-0.580547268810644,-0.5403418093347151,-0.6689420168003227,-0.18909535352470716,-0.4203964875927263,-0.2910393210741482,-0.644669385747871,-0.3637826254404399,-0.7858529566185379,-0.42720596743040146,-0.9041543349405867,-0.07005964330190646,-0.44406271096571925,-0.1461483721237198,-0.6777544844768926,-0.20913056545667638,-0.8233684517519635,-0.2595533155169191,-0.9516398382090799,0.058799564245346325,-0.4186107204151303,0.061935768354103755,-0.604775130426206,0.057588688356618935,-0.7215745507084866,0.050255389945082905,-0.8277125417329052
1,0.0,0.0,-0.1515078918605568,-0.02753068909061313,-0.28044821840543305,-0.09488297963897528,-0.38511789793040313,-0.16476384813359882,-0.4675453375434829,-0.2151909291395504,-0.20571469243815227,-0.4196820608014005,-0.28211607379205095,-0.592564253263538,-0.34488887159841475,-0.6685694993135463,-0.3989057501634307,-0.721974740396365,-0.11045972860147615,-0.4867955555009889,-0.1366106607083008,-0.7309275125890509,-0.16746720006133853,-0.8673352468429777,-0.20379317898356708,-0.9790139632302349,-0.0038351670817122568,-0.4876244100329385,-0.002260486376961824,-0.7297946970934017,-0.02359434459362151,-0.8539126622278231,-0.04657848076458358,-0.9638079123118508,0.10020937034842788,-0.43474206183501696,0.15236018296892703,-0.6132768992990968,0.1898582765240953,-0.7135502915148201,0.2194290910109347,-0.8083330940801925
1,0.0,0.0,-0.1351653121677453,-0.04675974386521071,-0.26860152093592354,-0.1420269984225764,-0.383659726471859,-0.2147401324638886,-0.4833770156832638,-0.2576338806580985,-0.15925685005481455,-0.44931696235239943,-0.20562410063901657,-0.6313698558465635,-0.2426655312485046,-0.7284400255538754,-0.2734831999705071,-0.8172300885256856,-0.06566846200227112,-0.5091220209747397,-0.06616521788885345,-0.7429218629129662,-0.06939441180468177,-0.8788588306231737,-0.06941546078292678,-0.9975878376385179,0.030827772231560073,-0.50239532883372,0.046387317276795605,-0.7332932183045673,0.05548131783777119,-0.868880632649386,0.06585397366387051,-0.9865268802238066,0.12847215806539594,-0.4478731427713132,0.1947364464785226,-0.6200028462881697,0.24470840475044398,-0.7166140079432187,0.2835917612828923,-0.8086825194399505
1,0.0,0.0,-0.13573568115104032,-0.05637650546403305,-0.2534283350364707,-0.16444375527374233,-0.35005643283563925,-0.26712026969762387,-0.44562505961482307,-0.32543284189278987,-0.15260777054175562,-0.4694879428627467,-0.19537125237533493,-0.6459312658370393,-0.20903491839900495,-0.7599593128927223,-0.21468703820061288,-0.8618775311642123,-0.05382254794582758,-0.5120081268495515,-0.042631516867129515,-0.7408297517409116,-0.028157572551999265,-0.8833040195924681,-0.013589310128868347,-0.999907661061871,0.04051806778515442,-0.49562839405954995,0.0643994395258395,-0.7161131154486212,0.0834699178855646,-0.8544854834242455,0.09642338463293984,-0.9699451828976772,0.13196242093267285,-0.4373530667990774,0.20616223534254155,-0.594287412596193,0.25804188385338955,-0.6931905328271218,0.29449248323101535,-0.786840241622082
1,0.0,0.0,-0.1402494001733822,-0.06065561314394799,-0.2601364292323824,-0.19350817525979264,-0.35022405453476935,-0.3121532851026154,-0.43732138345671423,-0.37761371460751864,-0.16769749770168,-0.47948628842174434,-0.2154228991622322,-0.6617325550540117,-0.2350088164896002,-0.77947471990857,-0.2453584104102496,-0.8889410499783815,-0.07524870330928164,-0.5212781306431249,-0.0775339283642342,-0.7352205526219088,-0.07139515995890118,-0.8747719395802027,-0.06249824228029461,-0.9980450739880807,0.012469246184881143,-0.504211126550018,0.024040848669659266,-0.710570117456554,0.0333118153780849,-0.840506231368905,0.04029422831573559,-0.9565086798846253,0.09840275742670344,-0.4472758464806695,0.15669190019247844,-0.5981976027237011,0.19696652607059334,-0.6957981396372099,0.2284540818922403,-0.7895349313027715
1,0.0,0.0,-0.14810482861770502,-0.054427307167691466,-0.28188882551082883,-0.18098006960627902,-0.38732458563944433,-0.2915378587042967,-0.47766998089644574,-0.335632460884149,-0.1818472878394688,-0.46547166409522656,-0.24472280735064492,-0.6418662917579645,-0.27742774943426457,-0.7592625321218833,-0.30182413541924763,-0.8629810651972698,-0.08698219307333611,-0.5171280700325798,-0.1017193935491797,-0.7324167142680407,-0.10722999621047519,-0.8739882801336304,-0.11024845299185386,-0.9939040590584702,0.004393724128694279,-0.5064798385021916,0.022158914657949617,-0.7115379199501676,0.03477774780280924,-0.8462171777533057,0.04163538942150422,-0.9621616988805529,0.09171168647155865,-0.4515310489734186,0.16380526099507145,-0.5905954261986758,0.21358850278665487,-0.6830382960638615,0.2499027169002479,-0.7694023740641445
1,0.0,0.0,-0.15325917890928595,-0.0410576154561814,-0.289294819469493,-0.12871453073485184,-0.41153481647786044,-0.20474386782059958,-0.5159159959503864,-0.2365278334673147,-0.19810006936344793,-0.44094711944234305,-0.27720551839455604,-0.6096218217849146,-0.32534871199270315,-0.7234127507655213,-0.36114069227420215,-0.8265152936074283,-0.10521336617594855,-0.5017682539897501,-0.1369144665760693,-0.7181438653545863,-0.1573092888368942,-0.8601497796867542,-0.16942175178959212,-0.9855436418650093,-0.008377405051745607,-0.49583142925106805,-0.0006805931601478425,-0.7068480952606507,0.007215272035150431,-0.8467583961022114,0.013680528388253666,-0.9696461367955915,0.08432450800473439,-0.445835790323112,0.15323696370227816,-0.5966791916930675,0.20242900538355743,-0.6940973553304719,0.23858804147175336,-0.7873093345887615
1,0.0,0.0,-0.14342159590531267,-0.023845609374761805,-0.2637875859771557,-0.12104580970309638,-0.3707971730362084,-0.19646497544444347,-0.4680587744804386,-0.23536623503640286,-0.2086845220046139,-0.4372102984068247,-0.251435637600703,-0.6363362907471377,-0.27602995419102183,-0.7582317240524377,-0.2964203168964561,-0.8656180495217053,-0.13881319160215394,-0.48404956912645347,-0.18175986099803249,-0.703193532743642,-0.21262590612250737,-0.8453337048688893,-0.24021807031231587,-0.9707189493851591,-0.06417515431455069,-0.4871358657277003,-0.0961954438182708,-0.7018578018802452,-0.1222566855933643,-0.8295602593056908,-0.15018453336663362,-0.9399293386881413,0.014251639735012783,-0.45699099693495904,-0.004275497957978358,-0.6250294292105602,-0.02342546152272877,-0.7372431381839241,-0.043594188538435566,-0.8396385853390215
1,0.0,0.0,-0.16829106088174545,0.033994272049590483,-0.31325949481630705,-0.06539597972813178,-0.4003890286258999,-0.18067423883018588,-0.4815928600548872,-0.2648443231155957,-0.2995911055593499,-0.37038658084359927,-0.3577630906459172,-0.5570357534404148,-0.3882412459729462,-0.6804545706578814,-0.41392227896519057,-0.7921410105040909,-0.23266477809241726,-0.4314509407833156,-0.3000278794891259,-0.6437663027383983,-0.34234813138189285,-0.7898094466971389,-0.37829860884423955,-0.9256836190332597,-0.1569328358594233,-0.44473351925381804,-0.21499253503980134,-0.6485781759344477,-0.25272211480701506,-0.7817033072580107,-0.28652536784186283,-0.8978930273347333,-0.06600048672184891,-0.4234353165872102,-0.11476491676034628,-0.5841208086614674,-0.15444127004789326,-0.6877316003666766,-0.19275071019157464,-0.7849756791409733
1,0.0,0.0,-0.15560506316324046,0.05007314743452806,-0.3084293927099027,-0.031077235988358046,-0.41315021824703546,-0.12309464867405102,-0.5089157447589652,-0.18314230933482448,-0.3135248847440658,-0.3414333156879549,-0.391487823471222,-0.5283997287991522,-0.4325673311311027,-0.653999263550155,-0.46600612569681205,-0.7663889305249064,-0.2492330124810031,-0.4074895378916802,-0.33677456081482793,-0.6157264467088673,-0.3925924519844703,-0.7633606546199695,-0.44149829728973305,-0.897262087402709,-0.17132586404739658,-0.42765998860522364,-0.24852817955938097,-0.6325442690699935,-0.30057224093870877,-0.7661922090285964,-0.34702871705757415,-0.8838110138545756,-0.07886647129617126,-0.413440266659883,-0.14479435491744452,-0.5760971007005786,-0.193030909690461,-0.682093705025954,-0.23649555291539653,-0.7806911236796223
1,0.0,0.0,-0.16056895583113903,0.013758797544474864,-0.3072524050760552,-0.0769891296776168,-0.40710318437056386,-0.15271825500120156,-0.4955209290275618,-0.2025175017612617,-0.27788213313050725,-0.3717383949573001,-0.34541001664010873,-0.5682694149928998,-0.3850718095383283,-0.6937417560387699,-0.41862870309389344,-0.8043718623547145,-0.21075282242677307,-0.4219952407012226,-0.28587488396429533,-0.641964840107075,-0.33785908551487737,-0.7898953269404364,-0.38105835816957,-0.9245509870575618,-0.1340484502266619,-0.4326468359501038,-0.19802559500540154,-0.644170286039834,-0.24563210691558776,-0.7798962339463218,-0.28834192982700496,-0.8975075007497848,-0.045903445960189165,-0.4135000003063718,-0.09900078041572036,-0.5863764256148732,-0.14718886089399846,-0.6970944137280061,-0.19331643100528748,-0.7952605727531411
0,0.0,0.0,0.14892963388978753,-0.05098588461668053,0.25857505699107464,-0.19691820500590318,0.2958089588845135,-0.3641968174074725,0.2998375410738469,-0.49131498500039933,0.18907201708925647,-0.4529876881049255,0.21421152814260036,-0.6499479197345089,0.22459913205510693,-0.7778932317210885,0.231619264896942,-0.8906413511359982,0.11436027616058268,-0.4920728697993416,0.14058130512666056,-0.7125510383995171,0.16314130916401973,-0.8582489444019749,0.18054180721896496,-0.9835673112940009,0.03858985787552282,-0.48931366031387474,0.06059072509348422,-0.6995863872232478,0.08178683166301381,-0.8346220404079444,0.10017460398126969,-0.9525553526463301,-0.04698864669852,-0.45333627013411265,-0.03542781125471306,-0.6260920479479196,-0.022798248609726957,-0.7328857748801894,-0.0055765394020099515,-0.8336053896752386
0,0.0,0.0,0.155549313483464,-0.05909935165045911,0.2717232443507147,-0.2012544952678064,0.3134225683175043,-0.37661864684906327,0.34654923492998435,-0.5014868598172173,0.19413105967851318,-0.45726577953843744,0.25334413745696543,-0.6490603858953167,0.283228456083527,-0.7714725129247131,0.3057590209943433,-0.8808990663271961,0.11151919803669225,-0.49954617621697067,0.14327220400545929,-0.7187493036647921,0.16653706084901554,-0.8627189626826149,0.18235156317234813,-0.9832333941687503,0.03062077743697065,-0.4944487712483787,0.04780579493643188,-0.709925952544012,0.06352048108842198,-0.8474183598632807,0.07788310547411144,-0.9648625004403601,-0.05723842312829492,-0.4498495358666837,-0.08170656112141342,-0.6257191291391012,-0.09700877162417951,-0.739020339411231,-0.1024398058545485,-0.8432809865510635
0,0.0,0.0,0.1363363654464224,-0.02305340966825765,0.2473908723765756,-0.13245526053695994,0.3012949635334934,-0.23912091017149845,0.32517376720374863,-0.33128554826049683,0.18907737529202956,-0.4341867028798314,0.2220945004908423,-0.6271186710351242,0.24156828098365402,-0.7640830271043233,0.25203960520363394,-0.8827365762194759,0.11197682437475999,-0.47905765851262455,0.14852975124717163,-0.6906295709759986,0.1746822682345591,-0.8495214369303511,0.19302537102808148,-0.9811937658482505,0.027934787496923633,-0.476570771100443,0.06301015277018139,-0.6859629838305649,0.08736674805893276,-0.8341663279615218,0.1079023036702612,-0.9583449084714001,-0.06785560641700555,-0.4347205362220008,-0.066656169833671,-0.6063309995156299,-0.06678901745812203,-0.7228892348006767,-0.061350886659271575,-0.8282220254405201
0,0.0,0.0,0.13722677279710038,-0.0707095135229267,0.24060631132604535,-0.2147961225534969,0.2802512489682777,-0.37211594143677584,0.3137066325926489,-0.5023977056096465,0.15364832679021337,-0.4589672082816471,0.16636322445448168,-0.6619143524769358,0.16792104333421132,-0.7985991060495888,0.1644152122617525,-0.9182158745652473,0.07447576170215932,-0.48117111732461376,0.08439848934141977,-0.7102196361055313,0.09257648001158389,-0.8642693251770757,0.09955629258229175,-0.9950319314510812,-0.0031559901611730133,-0.46668496539869436,0.004863112927243379,-0.6837950099590315,0.013311752920330128,-0.8286089710304912,0.02318072539587912,-0.9510405357392614,-0.08599269744055198,-0.42166033202942305,-0.08419701556429206,-0.5943670981490197,-0.07827061685189253,-0.7086985667345053,-0.06723718935546232,-0.815500565391654
0,0.0,0.0,0.12680119836722697,-0.05376999785423472,0.22360257759079216,-0.2029528222075375,0.2794272616344768,-0.33907390394304887,0.335677654753546,-0.4443557186662369,0.2015168977283161,-0.4236256095807484,0.2264773554480485,-0.6361541481007664,0.24012717001023903,-0.7711924286792345,0.2459759262541339,-0.8873166447800694,0.13081786473150514,-0.44550295559717923,0.15757271867655756,-0.6905719419665123,0.17533636263758157,-0.8501870581918453,0.18571026754847994,-0.9826045473775664,0.053236046866173774,-0.43123769025385383,0.07965547822535628,-0.6635023587424251,0.09623279082344784,-0.8159908911088626,0.10821644399098308,-0.9453923785771414,-0.03203527647568328,-0.3901257563548412,-0.015813124694596736,-0.5719123182405179,-0.002286451226003885,-0.6869892620003528,0.010660045590643898,-0.7923262164272924
0,0.0,0.0,0.15129966616041146,-0.04244243502404265,0.26176953168134864,-0.18668507099804382,0.2977462730624326,-0.3453353858155479,0.32420833492116025,-0.4544846204278375,0.22207271198226908,-0.43213532907488916,0.24710923038803295,-0.6446572726134,0.2526932611215638,-0.7769561527133412,0.2536597733711549,-0.8930769159624548,0.15255190825242665,-0.46460206568734247,0.18113619745816772,-0.7038430415972132,0.19262204020215162,-0.8547456364494299,0.19785089631851271,-0.9802321270117406,0.0796079367799772,-0.4543533710458718,0.09938280225268432,-0.6832831023248543,0.11206920725631454,-0.8349534097830363,0.12376947161248278,-0.9633993471882546,-0.005106737666316363,-0.41447163444659735,0.012646402825690834,-0.594823503487311,0.020844116235204643,-0.7083409262384337,0.03141711424782666,-0.8142124047518369
0,0.0,0.0,0.14423420781142693,-0.023147132147860464,0.26361424766984853,-0.14282821066014542,0.30053053087209725,-0.2973267948431932,0.28813214410031046,-0.4238407939141837,0.23777780591658026,-0.4079309972677877,0.2597767844681323,-0.6192141504003912,0.2634865202268935,-0.7536536870706797,0.2625551383480573,-0.8757816252784724,0.15984250134053066,-0.4461335124085731,0.18094261045327145,-0.6827260076545307,0.19254444244444782,-0.8433604191413826,0.19423853962550114,-0.9809543260132719,0.07670434378555527,-0.4487140712196935,0.09572213064257788,-0.6678597939810161,0.11422237253593859,-0.8211858402377368,0.12415565283465266,-0.9475472630723246,-0.017475967328739052,-0.4278003446457894,0.0010262651221741984,-0.6010996122087955,0.014731851038717823,-0.716177659084655,0.02767711032210737,-0.8209621347447899
0,0.0,0.0,0.14100610001104302,-0.03461565192564598,0.2596191946178654,-0.1786296666745267,0.2922610348079657,-0.3503171534389764,0.23365394378670912,-0.45773658439246173,0.18362104263160178,-0.44860489068281956,0.20814431925694038,-0.6484420875865332,0.21699926314859527,-0.7841772391844272,0.2220265128664697,-0.9020923216495114,0.10323972755319703,-0.4877350568357567,0.12745264527449293,-0.7115174146990086,0.14785762728861515,-0.8608483606047529,0.16221993194386536,-0.986754626885594,0.025150460243924894,-0.48275139390136035,0.04558130550005067,-0.6939460987529311,0.06630508151110254,-0.8382428696310766,0.08032164582210721,-0.9580071738994153,-0.06063043020881162,-0.4436042919199031,-0.05192351070984207,-0.616689706607469,-0.037282224383233684,-0.726645376345958,-0.020546737524545278,-0.8274013793111129
2,0.0,0.0,-0.12079066471304271,-0.6058083291061296,-0.37310528208586197,-1.1955695422885262,-0.5774772129488653,-1.6605043329297797,-0.5732477002634161,-2.0648417628131055,-0.7247001192539508,-1.134637102996265,-1.1387886904411717,-0.9934236757970224,-0.9994514336629926,-0.8416918803885425,-0.8364918617443357,-0.8460533849629108,-0.804943876212673,-0.7822054834303499,-1.1603126039190388,-0.5899931610280116,-1.0068195056662952,-0.5252449824571821,-0.8393775969484285,-0.5435487556246279,-0.8539286444577447,-0.41026965717663055,-1.1220591995406874,-0.2920449455694541,-0.9894835447455881,-0.23459153155341678,-0.8356791303466768,-0.25664379740296256,-0.8915524898557126,-0.09178515851108282,-1.0784122140687817,-0.04824572911192595,-0.9439563482845907,-0.00405095806020606,-0.8058966806353072,-0.012477274070876915
2,0.0,0.0,-0.10969691038843216,-0.5986780479465992,-0.3571289969292716,-1.1855384273106606,-0.5582516079898255,-1.65093949113877,-0.5503897199142253,-2.0333811575510277,-0.6633071230166436,-1.1459544110598334,-1.0818875933261665,-1.0192254566348236,-0.9313833560225279,-0.8568499369684058,-0.7627310832259028,-0.854921490534493,-0.7576882718686353,-0.8402875863057376,-1.129174397614134,-0.661227641523179,-0.9696674443093488,-0.5745478143485262,-0.8102382080740417,-0.5861007133394105,-0.8245561117655794,-0.503445493934877,-1.1057232718991186,-0.37342758612264965,-0.9644893612603954,-0.2984465607391278,-0.8166586644647934,-0.31657864956927334,-0.8700271960293724,-0.19646911823057775,-1.05698257186799,-0.122242534964914,-0.9247891359953015,-0.06200832351486089,-0.8000591049221629,-0.06588061316060206
2,0.0,0.0,-0.13544435707624886,-0.6146243447057652,-0.38842461547893087,-1.2207470192334482,-0.6209678417939776,-1.6747443412475835,-0.6351421147862614,-2.077185901925692,-0.8238375286977571,-1.1283838683302903,-1.1390552455972225,-0.9605644866956823,-1.0230620672220967,-0.7939515208842242,-0.8924988175738953,-0.7605966122897022,-0.9169351120447462,-0.7603384125932348,-1.1833158537537467,-0.547279348169377,-1.0416423278247902,-0.458299200107435,-0.8875978797616363,-0.46061915270931564,-0.9480635541343844,-0.3724981863959638,-1.1603101798581505,-0.21283647847862716,-1.008269005302072,-0.15101282748911327,-0.8466954864660639,-0.156009274906962,-0.9459032563604919,-0.016973797130706597,-1.1050983431962815,0.07288495836231823,-0.9615826150442529,0.11154752999629314,-0.8257234387064379,0.10219608738457832
2,0.0,0.0,-0.017632916759232158,-0.6404670417187038,-0.3376023965371047,-1.248167066371709,-0.6383249605760961,-1.7162699754070303,-0.6998900320770003,-2.1397232331657703,-0.48229091941242597,-0.9456433474210122,-0.9755005119733009,-1.1036384999566815,-0.8039304663951334,-1.0638170985936082,-0.6319688269780147,-1.0441329292527086,-0.5685789360430411,-0.5534813635470285,-1.0473814495571272,-0.7589430310648936,-0.862588827559871,-0.758598177112437,-0.6891426075883134,-0.7246257423017624,-0.640373856524831,-0.20238685069917978,-1.063631120978018,-0.43588675491759543,-0.8937483263864849,-0.4178143261164512,-0.7270189030447207,-0.3943159463742929,-0.705022876797034,0.09762862526702135,-1.0308113742504545,-0.08436706621150741,-0.8791853167939954,-0.06336121856762812,-0.73132074007693,-0.013096987522394028
2,0.0,0.0,-0.005326995480572937,-0.722978921961634,-0.2999677804586439,-1.4569860358706554,-0.6107789368708599,-2.0112603953691237,-0.622415148308407,-2.5239375634882975,-0.6717037919494703,-1.4113524768934325,-0.9124315355673126,-1.4216695042070164,-0.7718779442461436,-1.200458695055951,-0.6312238349555325,-1.1444596773798674,-0.8043206900084244,-0.9784129014087243,-0.9869050135645896,-0.9188317888216111,-0.8075253856341846,-0.7597643866787116,-0.6666967405966331,-0.7453290924670964,-0.8691880197635073,-0.5164163223574567,-1.0320831004927777,-0.49053477282554714,-0.8561851066164429,-0.3529818713421569,-0.7193274924966826,-0.36885365871707265,-0.8989448796923077,-0.10948440076632213,-1.0642329734440932,-0.0992907364152352,-0.9089807993663497,0.016488830637332228,-0.7881554586977167,0.04115913863746395
2,0.0,0.0,0.005949913775725296,-0.7487578106337132,-0.24008038806080065,-1.4308041016611441,-0.48954887616818016,-1.9748242576962551,-0.49964641931432213,-2.4463794878615026,-0.8779237277877852,-1.2706537234913977,-1.0591496525002777,-1.2215398223665215,-0.8621454259076107,-1.0601455145680132,-0.700747410420194,-0.9634181676733715,-1.0180646358412233,-0.8003370931521063,-1.158099990626051,-0.7425826547568036,-0.9662195583742105,-0.66565575701626,-0.8043068693201991,-0.5942141532851101,-1.0435466547863026,-0.3340006668559624,-1.1568735566543253,-0.3272735287928177,-0.9769378497493104,-0.311651181577352,-0.8044737153210763,-0.2640796790383625,-1.0058958849786366,0.04064229543033793,-1.0690869539664105,0.02498750593692392,-0.9055637375428209,0.04448902267278379,-0.7642751839069603,0.07778545945339077
2,0.0,0.0,0.012913542786108125,-0.9189859686698866,-0.4084552937863492,-1.6980799472752919,-0.834702099716137,-2.242480015585995,-0.9629518102350407,-2.8145779369393087,-1.1778509972011924,-1.4425702062836938,-1.0474675959900923,-1.3800045811339028,-0.7852336707661893,-1.214200202765692,-0.680493000210844,-1.1151755167244688,-1.3433965210634127,-0.9058948053934891,-1.0955175864275395,-0.8348275284035924,-0.8392872618355259,-0.7714537721131485,-0.7269383733122413,-0.6867027023437089,-1.3587031702498886,-0.36974861815997584,-1.1419577684087625,-0.3764185060812681,-0.8955817332136315,-0.3519265204976723,-0.7744800548742397,-0.2998172143844415,-1.3045603480337715,0.07490646111017936,-1.128258121667606,0.04754953839253251,-0.9095469688869505,0.0444578755773538,-0.8002378319771013,0.06374583333645291
2,0.0,0.0,0.04767011991962228,-1.3341215638533586,-0.5382776389926364,-2.4545291877877347,-1.1794316691140951,-3.1931140006829173,-1.4659720788827815,-3.994846534491883,-1.7190987190579594,-1.9378696778368925,-1.3002932845172313,-1.7567655514059668,-0.8565602837183167,-1.5723547725786249,-0.6465255194218044,-1.4870193198294441,-1.946615940514612,-1.0559788858315178,-1.2861466132547974,-0.9190111569872731,-0.866264952901709,-0.8796783596427039,-0.6212706297079477,-0.783596072388249,-1.9169719603012625,-0.2865888227928889,-1.365248353595601,-0.24959270362531547,-1.0122953428163595,-0.30984592549916734,-0.7973327324634103,-0.26353051338953054,-1.7958100127745336,0.33119906820937506,-1.3716208785689485,0.3258479295165481,-1.0146101708673878,0.2578580493148285,-0.7880819889361469,0.2657360908107213
2,0.0,0.0,-0.04751793392370741,-0.6443035108498314,-0.275008747043329,-1.185715817321471,-0.5140780797065458,-1.590687116679702,-0.6000183400918924,-1.9573806729319052,-0.7973739740774392,-0.9377775563170543,-1.052400482572432,-1.0255885658729134,-0.8690416378771588,-0.9618098526180919,-0.6946413588940754,-0.900349213490934,-0.9033387060032229,-0.5573565538364459,-1.0992075662872567,-0.671808393378925,-0.941031866927772,-0.6585545599905088,-0.7888433406219458,-0.6145943247024076,-0.9198630105860688,-0.20351906513889195,-1.0433942970069041,-0.3433710327878007,-0.9178743968916826,-0.3601478734254544,-0.7834497996766452,-0.3182729998595625,-0.8857131115090097,0.08152561986410005,-1.0018553481077743,-0.0626310963368129,-0.889871121960908,-0.07529452973361367,-0.7751477846120657,-0.03630227335306121
2,0.0,0.0,-0.04915881806221964,-0.632614667594415,-0.2742928131277622,-1.1733258532473203,-0.48839558970078084,-1.5416121807398127,-0.5435263313658146,-1.89884435330387,-0.6900734575044513,-0.9382805011127852,-1.034693608269357,-0.9885450968220996,-0.8787302704018846,-0.9488586243976568,-0.707325278852302,-0.9145131223916598,-0.7750487274230882,-0.5622231481760808,-1.072363686301663,-0.6781543575059903,-0.9304581704829821,-0.672043205713258,-0.7841180758579664,-0.620611668527752,-0.8017272227336995,-0.21134839229559366,-1.037678564086733,-0.37574066916368265,-0.9322981152760464,-0.3895741567735167,-0.7965476121538582,-0.35217448724879724,-0.7766910969524249,0.06869663752256877,-0.9994616331350669,-0.11302713462864207,-0.893723657599692,-0.12188341564571221,-0.7701262463616215,-0.08223718258251746
2,0.0,0.0,-0.09132836521266367,-0.5591641698009854,-0.31599062081141704,-1.0887316433361067,-0.497681711893254,-1.4742602658481174,-0.5460124098712958,-1.8103113066465466,-0.6911267582774172,-0.8552905762290478,-1.1239110088476478,-0.923773171316504,-0.9538977846205314,-0.8917433545800125,-0.7647688340536424,-0.8410410908305299,-0.7757319824566958,-0.47824838040420586,-1.1918220856516837,-0.6091217926755852,-1.0288979109475618,-0.5927956911058959,-0.8465459617758461,-0.5323156343758914,-0.8122899167521045,-0.13887937033434147,-1.1732731755002546,-0.27696836123259894,-1.0402406466622662,-0.28348461008260667,-0.8737958851352197,-0.23220911819694845,-0.8181931833893785,0.15936682604696079,-1.1205092567912085,-0.002017198787928781,-1.0015329999904021,-0.012425072508736144,-0.8535354123758511,0.043390505905125394
2,0.0,0.0,-0.06997262969683357,-0.5931996297585708,-0.2983518147440617,-1.159427246000022,-0.4729778870598643,-1.5328837323846465,-0.4599441793193198,-1.8830865443523477,-0.5232113833498506,-0.8588637144350225,-1.0411525168557756,-0.998828885136345,-0.9008445593285425,-0.9564935408829995,-0.7265487804691412,-0.9046390298991857,-0.6277504335542503,-0.508323191072774,-1.105831862058651,-0.687097452483451,-0.9667369326272084,-0.6691960156478576,-0.8056017472924301,-0.5924574455261608,-0.6959892178138758,-0.18526808063091652,-1.0965957482311268,-0.39471083126226786,-0.9721254790636749,-0.4025074746716458,-0.8198051467532799,-0.33842312619164944,-0.7361596953819433,0.08607853508326668,-1.0604461835560581,-0.13078293452980724,-0.947528767424505,-0.1365435491269716,-0.8218591347841631,-0.05761981059454419
2,0.0,0.0,-0.0488154063265363,-0.5845022229020825,-0.2731795529319749,-1.2094392308263193,-0.4350046356373634,-1.6430168947135049,-0.40600832643992985,-2.0295693531971044,-0.41808083175819527,-1.0042913668634736,-0.9818364258935596,-1.0710075662504077,-0.8506219141779933,-0.9892810023765893,-0.6677538628339035,-0.9752188444021102,-0.4942385572990045,-0.6486762234693108,-1.0237281815038213,-0.7497228497493714,-0.8904595601694621,-0.721945952774817,-0.7438507799194495,-0.6683457317984659,-0.5756412148011206,-0.3041217326978327,-1.009720751139079,-0.4591585648473329,-0.8924848871194304,-0.4473669945923837,-0.7559261229656272,-0.3996416811738667,-0.6372592332987832,-0.011121055688246331,-0.9814415763240502,-0.2072550796325684,-0.8764582106502462,-0.18543741127381327,-0.7520988387913577,-0.11528310182629456
2,0.0,0.0,-0.12273968948625544,-1.0756584626995191,0.17873082375007948,-2.0925177443889904,0.5157893590315888,-2.859029183387995,0.73627847360976,-3.600666937550716,1.5298110266956195,-1.8401863596527555,0.819322823577875,-1.421805979612382,0.464567849295195,-1.3157337878105402,0.5939027316056885,-1.3798609925355192,1.7987203624992105,-1.1375588289097431,0.9185244244690561,-0.6842071157907245,0.5090226759878913,-0.69499832792558,0.6239397081726936,-0.781472482282885,1.8255590042343257,-0.42930675688022174,0.9493157890458017,-0.02769017937656912,0.5451217895738194,-0.10151207256715028,0.6152452385240375,-0.22511512660654664,1.7074318103059465,0.24022400628651305,1.034063214296825,0.5314118645905275,0.6501658848383104,0.3759462656873183,0.659957722935626,0.18343962416026302
2,0.0,0.0,-0.08599439639261326,-0.8740973456654588,0.20725902007962757,-1.7728386371682092,0.545360431763019,-2.477942278282813,0.7594456472437178,-3.0842716009400166,1.4952121051917178,-1.675988403099591,1.2454875111997457,-1.2740308106471925,0.7811154440963344,-1.1008701954067264,0.6461968785516446,-1.156637621570738,1.762482239373855,-1.0834448620203745,1.331807629254305,-0.6134052379991004,0.7873623202558014,-0.5438892555898955,0.7229756784944817,-0.6908734821263902,1.8242064943126484,-0.47293234259046235,1.3575062928540889,-0.04381886986495409,0.8592483155195476,-0.051916155275381785,0.7942110059621023,-0.2295112382849146,1.7576631098325854,0.10570521010695387,1.350353600263305,0.41486392554313123,0.9348684769791764,0.3522532423671846,0.8646855406907485,0.18315484156784675
2,0.0,0.0,-0.1660105183913217,-1.1312660362534424,-0.06029866846865257,-2.049956697300548,0.08107860920413439,-2.6983532444919227,0.18352350682994584,-3.331841072024492,1.5701727246475343,-2.136139850323748,0.752500919400758,-1.8486502608330502,0.274535730891339,-1.5829506789410346,0.329967713564571,-1.588832963181601,1.866110146085,-1.1948161685895058,0.9186032620523706,-0.9756360845405546,0.4432987644586112,-0.8277370717543319,0.5481388370667108,-0.8363873596002953,1.929348297199352,-0.28743869893680163,1.0088255762119838,-0.15412536142378291,0.5633739200602859,-0.08974217284676646,0.6925529532274336,-0.13116376476909913,1.8625002357075375,0.5275624585468138,1.078358667580017,0.5799675595796114,0.656825571759529,0.5797197447084648,0.7088700136494972,0.539944351573035
2,0.0,0.0,-0.2280760731583096,-0.9011629800431241,0.038839060500107665,-2.017803063086004,0.3291293111452025,-2.7994505201201156,0.3753738731888876,-3.4747712496600696,1.215533132622936,-2.0277102506471687,1.1497529536826383,-1.8352483584612647,0.7084418652483995,-1.4853895036791143,0.49540370888119767,-1.329090668163422,1.5393983463843819,-1.4723291924138482,1.447867970264707,-1.191857843368943,0.836661632639674,-0.890866207198848,0.5799831622350817,-0.8146284622598176,1.667077878831477,-0.8450935054402042,1.5525307891581894,-0.49917558568200515,0.9531141963302621,-0.35820281730664577,0.7124444126025631,-0.4115072507488144,1.681316338069585,-0.2107044015179372,1.543524869768851,0.02124423200518551,1.0501235616195561,0.06297531517587247,0.8594687139965885,-0.06858955092400666
2,0.0,0.0,-0.27568701465529644,-0.7272217850757169,-0.13817295366270535,-1.698217446560412,0.06559203590839432,-2.382446788828457,0.050785793702385874,-2.926432437024284,0.817925898265569,-1.934629990492835,0.8129890659162444,-1.9941125292144342,0.4746993457507288,-1.5709143984508924,0.2751466497256548,-1.2993126399172177,1.1283372860373666,-1.5601839909307245,1.0136680793930912,-1.499155121071883,0.592221120015711,-1.0861195283847322,0.420882888899644,-0.9071149837983551,1.305826195132111,-1.086595462850322,1.1271526164672074,-0.9501092501097266,0.7094869959281859,-0.6547238367397367,0.558802375548108,-0.5723744096667852,1.4026372222118506,-0.5679043942645525,1.2262904342676086,-0.46861826482991875,0.8601667536317316,-0.30801834308338444,0.7385117043143721,-0.29900689171735223
2,0.0,0.0,-0.21924783653567756,-0.8085355885591584,-0.12195714480027478,-1.6682634489890085,0.03748418614456266,-2.252964983293479,0.07380963332983344,-2.774534974761157,0.7788821676187413,-1.9139235562750676,0.40502656707351337,-1.96603244449662,0.1621283300380804,-1.5922370806068085,0.13589598526277152,-1.3335244348836108,1.0382327208294517,-1.6011603375158074,0.5146186030334962,-1.5176127497790968,0.24768162853540562,-1.1621781979192556,0.2588681373065938,-0.9659126707355145,1.1522532616167147,-1.154575182151967,0.6158543383704935,-1.0526116416725184,0.3694396395767764,-0.8018977965956912,0.3996886324811597,-0.6720866281863596,1.1872955765759765,-0.6628117512345715,0.7581513502613425,-0.6202721286516909,0.4972108629441071,-0.5176641474249232,0.4660179446628716,-0.45608190181865943
2,0.0,0.0,-0.24141108722514434,-0.7461290133705331,-0.35827372149984343,-1.5983127768655234,-0.36459375587550824,-2.199713528151379,-0.2325886266694633,-2.6536259252948864,0.03565121891449675,-1.6757738946159952,-0.7232718182709018,-1.4666814362323424,-0.6482183667621149,-1.2730112174846309,-0.42396073789512256,-1.2989785435577086,0.16304915333547174,-1.2664018908035313,-0.7160934545797717,-1.0472975794896247,-0.5545812262894282,-0.9080854437899313,-0.3178052605818092,-0.9481560084429821,0.20632795056059405,-0.8043350071280719,-0.5877476820854617,-0.6500071097793831,-0.43822103450890443,-0.5332220497615046,-0.23199094685691463,-0.5601128675257766,0.1853385048751775,-0.3068584588393536,-0.35589254985048807,-0.22407479231091706,-0.2720259466968385,-0.1874879085141556,-0.10771269101022542,-0.21184073528528452
2,0.0,0.0,-0.11787259834670549,-0.5489886908801613,-0.3506664611494565,-1.2119678016729623,-0.5603635357926343,-1.7386856431783118,-0.5869610269002933,-2.193975859437124,-0.4916726644758937,-1.1525727338701042,-1.1015683524542188,-1.0053200912488185,-1.0545483937741646,-0.822903171402745,-0.9111368987933945,-0.8469077381461066,-0.5238314915201499,-0.7827111803455856,-1.1516858033652007,-0.5835246424934483,-1.0430371491966464,-0.44960833850440707,-0.8767845877047536,-0.48088334007678524,-0.5569125133729552,-0.3758779985874127,-1.090863307522943,-0.20825922256433596,-0.9744942105247596,-0.0972414281973876,-0.8033370275811456,-0.13857584961982775,-0.58154762360855,0.009641127543923472,-0.9814015782778757,0.1385620987592866,-0.8746966747832331,0.19250317605299785,-0.7119485866366713,0.15093232854447944
2,0.0,0.0,-0.10911659343679857,-0.6271872847531497,-0.4150504802749843,-1.277296967313123,-0.6868999949239136,-1.7874557424114934,-0.74142622363274,-2.251483878271318,-0.8751082966330422,-1.092495718592291,-1.1813709382456268,-0.8987306537279545,-1.078925182915315,-0.7335409538543686,-0.948055289790476,-0.679813195513398,-0.972733007387485,-0.6911588111592843,-1.2368432885894074,-0.43571519792583097,-1.1097368878398448,-0.3437939787732752,-0.9409598389385289,-0.33851821443576396,-0.9993890212585083,-0.2615886744060068,-1.2058448278825085,-0.0641687792707741,-1.0595969399368141,-0.015297594091818169,-0.8832194267090533,-0.04879620601988251,-0.9886959550016655,0.12087793968160901,-1.1271277847004408,0.2921047307386826,-0.9659199395838636,0.3185876004285224,-0.807536155655649,0.2710069796060488
2,0.0,0.0,-0.11878685508033142,-0.6446724925296221,-0.4442261455746074,-1.2792716795353372,-0.7111138332807638,-1.7890298694995552,-0.7178590448087385,-2.272093994767469,-0.6401461547337874,-1.0532079978061648,-1.0843660188423432,-1.093354146955276,-0.9223242304230784,-0.9947115202977047,-0.7464379825250623,-0.9731284029445847,-0.6610796818562663,-0.6356804655756919,-1.1041181971425758,-0.6982081280733026,-0.9356683386404823,-0.6757913085535477,-0.7525364196520051,-0.6585506336625464,-0.6696793337842525,-0.22439302836173808,-1.0897359142084453,-0.303767149605046,-0.9338307932181268,-0.2671182608307039,-0.7541137174377767,-0.28074276069651216,-0.6839482254260385,0.13576110916983608,-1.067190216333495,0.08524989122883733,-0.9142509220297566,0.11489602836709134,-0.736084718557306,0.13097896408410906
2,0.0,0.0,0.11264425653474609,-0.9514297040801791,-0.25433439689288545,-1.6780645688335292,-0.5940176160105654,-2.222095087013155,-0.647303060303146,-2.7609734791701563,-0.9243076203655126,-1.4331161343460024,-0.8258236236936086,-1.5839597765926092,-0.5742931293578558,-1.4306382669699316,-0.4549461542858293,-1.2977455570072418,-1.090072314017542,-0.9188590462127069,-0.8838908103415081,-1.036487661848168,-0.6502649743988169,-0.9642036084418167,-0.5357750250024608,-0.8443607775018996,-1.091661157903835,-0.40298769885223223,-0.9322277080591675,-0.5552394536721658,-0.7163782343821871,-0.5369270587623154,-0.6109625885645681,-0.45969728270780824,-1.0174478490756884,0.0017457001820639052,-0.892323504923183,-0.13516237691998792,-0.7178890352015174,-0.1207192751195592,-0.6280696801869494,-0.052001841217533644
2,0.0,0.0,-0.483987185063707,-0.7739192325634848,-0.7523803274550764,-1.7098781013917053,-0.7789971400800404,-2.397635735255744,-0.6257793789583123,-2.8917299652893553,-0.14123841769302903,-1.5433242451474163,-0.964975325885753,-1.2479941382645467,-0.820808344558536,-1.1710670723719532,-0.5706608694268265,-1.3173769473473718,0.08400564726012764,-1.0008101524251927,-0.9176767026825475,-0.7385285282447979,-0.6932124867723491,-0.7761349666609278,-0.41965868507975684,-0.9076819861808041,0.18351514029097474,-0.49491104993093593,-0.7679425399788598,-0.31004608014861923,-0.5648937307912069,-0.332637632008376,-0.2891595926276928,-0.3915311017548679,0.18700361571533577,-0.0010836393399025399,-0.5289523967266345,0.11505707453566828,-0.36319553770881874,0.07253272587485868,-0.09314075206715158,-0.0016141317693670236
2,0.0,0.0,0.13533853240081503,-0.5573827562565671,0.3587165833972734,-1.1145628842857194,0.4716514463319661,-1.622635021759119,0.4531637610194006,-2.038141427510717,0.6856484627233992,-1.1350748133590771,1.225221135506361,-0.9776602005881713,1.0512519596367458,-0.80624079722208,0.8453759727460624,-0.8183334622909582,0.7524171137238893,-0.7460644945579709,1.286729198944816,-0.5996678426155708,1.0966891991954608,-0.4474061839015942,0.8760023935293125,-0.4823067556347469,0.8013862815202162,-0.33384529351580455,1.2955893933878249,-0.25304045881447323,1.1003895086361357,-0.12003011251557248,0.8827125679375702,-0.13703579861958207,0.8244031358033036,0.05969460195849465,1.1620294638886122,0.08188545063043101,1.0131554066667652,0.15081818740781644,0.8465629990722551,0.138470096615648
2,0.0,0.0,0.13294831616065003,-0.5599299114431147,0.38748012334452414,-1.1690421052774753,0.4679585103081753,-1.7171055409333222,0.3659050205066687,-2.1568147630869703,0.7000013918385427,-1.2468209073398901,1.2421005471243212,-0.9023807809472448,1.0455713163002605,-0.7583938236264222,0.8358519415711222,-0.837112255537708,0.7312255751708271,-0.8721228806292881,1.2691042228598752,-0.5778279351132697,1.0642708387316429,-0.4515278914695418,0.8420847631598177,-0.539345206388333,0.760478904990745,-0.4585603080219322,1.2588708880559953,-0.2512270262003279,1.0573346697211787,-0.13277316678765022,0.8393891973867057,-0.19568288705428732,0.7827922582051335,-0.0405415799899213,1.16447531806287,0.05586926545799794,0.9859543196327963,0.11811857951387968,0.7854935353708434,0.051685353080505696
2,0.0,0.0,0.035770065102288334,-0.8185794974151068,0.21881526574648305,-1.5098544874408073,0.28597838011822885,-2.093562142347768,0.25573005413409045,-2.5721318976502636,1.129969888612775,-1.5058479559421907,1.1878804809818038,-1.1128655798983422,0.9783583382609652,-0.8986266697292026,0.7683439081371299,-0.9061784599937311,1.3184759268407282,-0.9777625746398128,1.2512840534110754,-0.6878884699813737,1.0170922780369664,-0.5684763503266107,0.8039532608569966,-0.5946924872212545,1.3686689414349409,-0.4245096342502053,1.2108076530677658,-0.25491944343327955,0.9808603762988769,-0.15637963298186658,0.7921665583398836,-0.183238901357745,1.3171033867045379,0.08551082941333542,1.1126349435319898,0.2206437215359644,0.8981577843046987,0.2472013017553671,0.7349580253256441,0.18564902319097346
2,0.0,0.0,-0.03700113041498677,-1.034687771451473,0.1446090337970613,-1.8664443927999137,0.3049509677445609,-2.6062124783405287,0.34092413472513594,-3.2080154996344343,1.2181866487924133,-1.898515185986409,1.0617634397980642,-1.564264175236761,0.7353177936614465,-1.2062228450640062,0.4723590705101175,-1.0394104798110093,1.4746437808822799,-1.2964778494978946,1.2587757788299117,-1.0891753866991298,0.9487886540915521,-0.8691739350386439,0.6900281681597533,-0.7237825137056678,1.5620003109865468,-0.6739216594501697,1.3175035889882991,-0.605748741085145,1.033019953226254,-0.41951027331876173,0.7850475301319432,-0.3143945333890215,1.540087906757097,-0.08267763051054308,1.3193151740083668,-0.06479223909903319,1.0544880995488755,0.018657598037059884,0.8422519058848309,0.05596384725055602
2,0.0,0.0,-0.03996482944760988,-0.8993443163577249,0.1691128439411539,-1.6110032044745004,0.3594662149794284,-2.2226116878083833,0.3695586527045668,-2.738320338746209,1.1141265884525726,-1.3331202476486932,1.058103104556914,-1.2300294896263946,0.8315816801631799,-1.0856798364299811,0.6644638648415684,-1.0233601809246935,1.2721520302420217,-0.8075592304894736,1.1271799505552833,-0.8067641769061745,0.9178483087993078,-0.7412655820092926,0.7677300548283664,-0.6407734099611448,1.2401081579822264,-0.28298807799041054,1.1097086608116997,-0.3790317237992262,0.9433068526940342,-0.34367198341973154,0.7804957901055602,-0.27638235055970223,1.1398110519992564,0.16858348818780908,1.0513969117279311,0.05590567929159056,0.8907369306111415,0.042112341082807356,0.7409654607560715,0.06296834579262352
2,0.0,0.0,0.010293086014200883,-1.0300088863430994,0.25879328125845963,-1.7384587718410036,0.5114679172823913,-2.334759796487039,0.653120414343839,-2.8581412602558514,1.3577143813675658,-1.3120090413675263,1.1206983947116105,-1.4112354116723966,0.8170857180077409,-1.2486091781015434,0.6264811581383245,-1.0927160071086057,1.479659108532707,-0.6718813201188911,1.2572232048222942,-0.8214696060593334,0.9869811063428083,-0.7702176845646903,0.7766676162043876,-0.6299106396461279,1.4007665291945068,-0.11702706767264548,1.2389415329713573,-0.306006525579051,1.0125122066220997,-0.2788276960691451,0.8216865957537876,-0.16960529516066344,1.2610750619920297,0.3473372605090791,1.1561065873930076,0.16976020491579516,0.9521449774013359,0.1382943784745477,0.7888294824480988,0.20191355218037993
2,0.0,0.0,0.09187030060783687,-1.05310659296037,0.3500791034611384,-1.821731171670947,0.5079846625664871,-2.46529170552179,0.5668675942353861,-2.9406448603928004,1.3042605071826732,-1.2863972410908358,1.2772041589680885,-1.3470171145432954,0.9940899107220749,-1.32702049660928,0.7202849441885101,-1.2644155468327511,1.408731806004975,-0.6525678176713067,1.2805630533579007,-0.7897432489326486,0.9898764651829987,-0.7987475067221308,0.7238931835312237,-0.6899120660178586,1.3534776906894659,-0.0928138170679661,1.209665568278812,-0.26639845310247967,0.947104122461271,-0.27216909418479673,0.6903308687057415,-0.21865555189002628,1.242905308201633,0.369797326544827,1.1004270602477624,0.2166571610296371,0.8757563639720886,0.17665303145007177,0.6619751427875664,0.17919731829958
2,0.0,0.0,0.06631554207137969,-0.5213445883407474,0.24568039659266772,-0.8828513220855738,0.48120303258758845,-1.0910728264419487,0.6681577166290131,-1.1636137083873765,0.7023760420466663,-0.6919622955040474,1.1278973270836306,-0.8361269686074195,1.0395764106536505,-0.800902764484467,0.871008705047368,-0.719338954527229,0.7841162747496943,-0.33862251274516086,1.1825772317434013,-0.4794213166004214,1.0664714624862548,-0.4877266383673732,0.900799165472644,-0.43423595369774265,0.8124703695954119,-0.019900024489178113,1.1561630183748128,-0.1734650703458981,1.0515595124709112,-0.19480069168807346,0.902859160474957,-0.15381103835629648,0.8053302451135634,0.26094653737107343,1.0552269147126445,0.11651972851034002,0.9870966014119671,0.08116176596574266,0.8707717450848853,0.10448377674199832
2,0.0,0.0,0.1638995278286605,-0.5789229918027021,0.4147058338294277,-1.0925064441378856,0.5554346887715893,-1.5125957576837503,0.5723545219203311,-1.8854392484638256,0.6792031761741693,-0.8817633048174133,1.2332374824313104,-0.8519197409011807,1.0677347102773707,-0.7699624301857456,0.8597266455912722,-0.752416639722723,0.7335093873547234,-0.47515267297311353,1.2699603115357911,-0.4773212154188875,1.1148132693507484,-0.4229819691844405,0.907344017785041,-0.4203889073104796,0.7694636768146156,-0.09638109872894748,1.239162148476033,-0.175471194594437,1.099975593880417,-0.11849597888729467,0.9196641943207758,-0.10002292863569201,0.7882139177483081,0.23349365948131048,1.116554444518862,0.1329004015243871,1.0180452428066646,0.147578217710938,0.8812951183639657,0.16568370552382428
2,0.0,0.0,0.2593273976094677,-0.852782092995109,0.5980310905696959,-1.8691653724202444,0.5281173407709269,-2.8485323897009804,0.19907714362631473,-3.686555415277611,0.11121189969168138,-1.52913079574683,1.51860749634423,-1.353432309324698,1.2599757537223266,-1.23262571692874,0.8078958279031813,-1.2469706479725347,-0.018450246101647416,-0.7047810473117806,1.5739521167254553,-0.6248203490632003,1.2917989339720068,-0.6000331575755785,0.7765694230593139,-0.6300316906071667,0.011622172624060314,0.044104770928520165,1.4672199490231015,0.01922195158710798,1.1738148692133206,0.043706447033597724,0.6986859952173825,0.052381474620367977,0.11810623498921777,0.709724329675043,1.181342550798412,0.5703794871978174,0.9568156916068861,0.5556776458965684,0.527960721923774,0.5888469576077755
2,0.0,0.0,0.2632559430419144,-1.306682979091801,-0.1870303866558007,-2.5568685440945242,-0.6688614169027206,-3.372708078387748,-0.9892899012039135,-4.211424626742475,-1.3701895861216475,-2.1870568065910305,-0.5647178858098884,-1.8568509746586173,-0.11758842543443107,-1.5158764311604593,-0.14475962818240373,-1.4890566211079341,-1.6333357293597213,-1.340140762110957,-0.5743806017794361,-1.0655499470580012,-0.13282627226332688,-0.9228221984019043,-0.19378299128410414,-0.9810444191212674,-1.6186509636368176,-0.5131866218775222,-0.602653634728923,-0.3005655498322191,-0.16797270628692063,-0.2855514680056874,-0.2049667427760507,-0.4162835464382517,-1.4516750362975093,0.1808421096991333,-0.6203545627416969,0.33145078509523107,-0.25904472901752706,0.25467822907936216,-0.23042830093038388,0.10405489149398069
2,0.0,0.0,0.05916841214878152,-0.6667421230381302,-0.0981243945747736,-1.377516097269653,-0.26223118377324983,-1.857369328087096,-0.25908331811200047,-2.228765242927503,-0.6340104140329555,-1.3252560681994097,-0.8123735080299416,-1.538214398967499,-0.5613708271779955,-1.2186011599048847,-0.44655820139952135,-1.0870353741694059,-0.785088559693026,-1.0271206440880893,-0.9157368187163073,-1.1511643067975945,-0.5993964059602686,-0.8763361287397501,-0.5169920242944598,-0.8559902142056981,-0.8811737742740072,-0.6728363575871061,-1.0390918829785822,-0.8058343845651679,-0.735359663810257,-0.5845829471669235,-0.6402761294094433,-0.5628249229311177,-0.9549778166054776,-0.2916824491320761,-1.1076040052092058,-0.3781664603420984,-0.8765787954210944,-0.28296095782229824,-0.7668709661646353,-0.24856540417239092
2,0.0,0.0,0.481622079149673,-0.0965845749144792,0.9442917430785923,-0.4267211743944316,1.2813667917078686,-0.7911490549073079,1.5653965673311414,-0.8549286512289871,0.6499711013790209,-1.1276234988288842,0.6052270334120267,-1.5648426669633422,0.5560487674347485,-1.0913345075137184,0.6245495267088665,-0.8740736867533789,0.3341930445526835,-1.188614031774414,0.28387281534669295,-1.577037975035889,0.26814936409834705,-1.004106805473397,0.3814857281018297,-0.9243747288057028,0.053967753915944425,-1.188084559929088,0.014855536731515389,-1.5564698142846656,0.014771674830611673,-1.0556606282663417,0.11026248839022389,-0.9453353370463116,-0.21404982719526822,-1.1642624451077546,-0.27190817429956715,-1.4734379683677405,-0.23926876680352907,-1.1410445852331115,-0.1814988677978395,-1.004225297846772
2,0.0,0.0,0.44177119747221566,0.03267326903384098,0.9826546407965789,-0.19336642854948666,1.3961026155228642,-0.3761272288030991,1.6777228681159373,-0.3227358710128687,0.8363335439281663,-0.9873759128729668,0.9060762952727257,-1.3174998970295795,0.7619631144029806,-0.8735795047288736,0.768435492271415,-0.7074880472927879,0.5706597113019921,-1.1516421993475714,0.6065401911600166,-1.431275516529518,0.4738985621102012,-0.8874807180851214,0.5340774572140171,-0.8454355502909786,0.3098993782150392,-1.2471638593794354,0.3527648425090538,-1.539678261450894,0.25822780825942765,-1.0519829691700018,0.30304596519789845,-0.9853332260979706,0.04448922839134723,-1.3324938191188436,0.06950093711579854,-1.5535882492348694,0.04197191257188323,-1.212071908093202,0.055156772649032945,-1.0967240011386
2,0.0,0.0,0.29872696494252704,-0.004762510777166853,0.5881844283615146,-0.20461333529017733,0.7827458515953568,-0.3658880138065551,0.9562778396531065,-0.41807422244876447,0.5495216515095217,-0.6697503848011354,0.6575186272628428,-0.7973917951786078,0.7077721753084995,-0.8037047796399576,0.7500595106293949,-0.7989855842904708,0.3708330779319257,-0.782819364844858,0.43449746498417613,-0.9128320557647921,0.48646368044479255,-0.856740899828445,0.5597066526086341,-0.8286908126832576,0.15415400480260835,-0.8291085264448287,0.19113745482119962,-0.9276930734274389,0.20988032732600317,-0.7933411878027447,0.25733818562297,-0.7177802253702437,-0.07933732986087536,-0.8317353270180844,-0.03785208148156396,-0.9121093576670003,-0.026022050622702,-0.7988325455554497,0.003149318539970782,-0.7300107531329869
2,0.0,0.0,0.27467888249041605,0.05950617023076679,0.6382267244872786,-0.146944218225472,0.7988456755110349,-0.4038496552822772,0.8815766136271648,-0.6619244207536409,0.64121985876087,-0.6774430545363046,0.7902782227598637,-0.7426032308106804,0.9743107665537044,-0.7382290763710355,1.1303702029298786,-0.7248904172207873,0.47745498121735325,-0.8762637050129285,0.6586239696493196,-1.042306434308005,0.7189502288748301,-0.8251332176733452,0.7460869633168686,-0.66584851367906,0.26440472995550707,-0.9940031232240656,0.4456925568011603,-1.0588159656508578,0.40964640600938185,-0.6802210323816171,0.3366182952264997,-0.45221030676698987,0.02037784297205128,-1.0145859018278833,0.23744226875569743,-1.0089734719056809,0.2409571833529407,-0.6975794095365196,0.17476557280000474,-0.4957068985148176
2,0.0,0.0,0.26232718355386037,-0.45044989639344885,0.688481333683061,-0.8869126240034114,0.9329435085760126,-1.3142103229788422,0.9873144271754855,-1.7354047662242151,0.8611133828934274,-0.9395913500234733,1.3912269986272432,-0.45743008933312473,1.3372018229720528,-0.29270751867558786,1.2240765171297505,-0.30954950155887184,0.8116952725509596,-0.6316488227126752,1.3661395334847142,-0.06119974755063067,1.1998026841507032,0.04168637288071298,0.9971125062713796,-0.07593846085619592,0.7604295476247849,-0.254140136721818,1.2875710726028198,0.25879021700178695,1.0912783565974564,0.3178578830626753,0.8861911087980894,0.1967082568210269,0.6981394112346153,0.15131082851136585,1.0844556146699655,0.5075993383960936,0.9053550883095244,0.5230477986612247,0.7332785814591611,0.4190177235820731
2,0.0,0.0,0.27918638748495544,-0.8150745334473491,0.660857675518032,-1.388212343026003,0.9746004758264524,-1.8857400577714658,1.078501484852485,-2.3879243411077926,1.4126828898650223,-0.8425648294345124,1.4216531797310454,-0.6836702454362233,1.1861978569400302,-0.6253203250731955,0.9948563568560003,-0.6631061384187837,1.4497767575061236,-0.31250460698732635,1.3686460034420662,-0.27892191900860525,1.1489837763551336,-0.2821950770422701,0.9589939506111407,-0.2834265384385116,1.336166389435613,0.14876015198455014,1.2807448563834445,0.0857017310389387,1.0926587228173976,0.09166285049587176,0.9024183732985349,0.06718893769442608,1.1794731448641078,0.536028554680747,1.1328492758906719,0.4599520336256292,0.9680733938301299,0.4149659457984636,0.8135699482428043,0.3733188926981627
2,0.0,0.0,-0.245062675953434,-0.520583952087077,-0.6193591014510006,-1.0915616441876448,-0.872059074257592,-1.5333331386212217,-0.9075625901235297,-1.939869643627822,-0.7101037135334709,-1.0591782740448397,-1.2685581382045725,-0.7804703728481425,-1.1562825690411895,-0.5974789451999504,-0.9776240915262221,-0.642060387131412,-0.6783247105138777,-0.738781878016565,-1.264160274178991,-0.38488657391075726,-1.110103953140874,-0.27752964099620325,-0.9421644081921009,-0.33515105241670984,-0.6703618005672267,-0.37418788779973544,-1.1613850931973055,-0.06643049795755646,-1.0019908046893158,-0.006982731044698754,-0.8303229898200424,-0.07484279571849667,-0.6661142195078731,-0.022703581670173157,-1.038001108113588,0.1781003432765049,-0.9062367603992537,0.21520562509082,-0.7509247416877671,0.18050862781030458
2,0.0,0.0,-0.5135113187563007,-0.8360012779639303,-0.6176158467395798,-1.7193342011600863,-0.5856263500386489,-2.3536433421779877,-0.5972999631615031,-2.9268237992909105,0.13890746724358552,-2.1751707728283853,-0.541121353432966,-1.8262183311556255,-0.6388682605809183,-1.3618165244239115,-0.4973294844543024,-1.2350781729483429,0.4339766787372773,-1.8235311716135345,-0.37932667128332365,-1.407373879506967,-0.4657526773523412,-1.0237423054535917,-0.30952160124960804,-0.9508924115586781,0.5822918180789745,-1.336161537940765,-0.1929455935854669,-1.0125099950752356,-0.291709918158079,-0.7214914695586304,-0.14583349921989308,-0.6881904453121741,0.6289092351785833,-0.8329143597636375,0.025668742803112075,-0.6092451260404793,-0.07319902929564177,-0.45443837930698994,0.047158865853457035,-0.44441442407441706
2,0.0,0.0,-0.4787244620897894,-0.3927971631649317,-0.7879841269923014,-1.0815447813450483,-0.9595603907563571,-1.6191504562116843,-1.198277128752161,-1.8879595864156347,-0.34216698283523655,-1.6684742815610767,-0.20768176135583002,-1.8852457080656329,-0.27819467658721475,-1.3943662754402653,-0.346565145447939,-1.1392526344286096,-0.005206541609314025,-1.5828138203139928,0.10495034454631848,-1.7843837281931956,-0.03970835080840908,-1.1999258346578252,-0.13890710299679995,-0.9903054158879655,0.29246668038128454,-1.4188202241470458,0.359660885193047,-1.5737394030325678,0.17931782381963027,-1.0270164716382795,0.05164864105356983,-0.816282716525781,0.5469003391201915,-1.2014743402926518,0.5759240494542246,-1.372774690267445,0.39672288392093175,-0.9876063013459857,0.27518818440281073,-0.8246138607836746
2,0.0,0.0,-0.5091529518222112,-0.0957110384296723,-1.0358588383857155,-0.39567293072260834,-1.4345907549317691,-0.7175983412278819,-1.7407525680859066,-0.6675636050275315,-0.8412296801530967,-1.127121592190652,-0.8118652222913121,-1.4981895535107221,-0.7043505621805447,-1.0183511676043928,-0.7120727517803064,-0.774118240251642,-0.5442317306554384,-1.2705124556862974,-0.5353478037090015,-1.6110114975863143,-0.4477547041151425,-1.045364721490351,-0.4839356208664554,-0.8751036023560858,-0.26124461349539374,-1.3336377322899975,-0.255566413389763,-1.6385289375503487,-0.2051245273050891,-1.1053802173030578,-0.24628515691939512,-0.8829366378628077,-0.012699644908641602,-1.323148119980516,-0.010065530769308752,-1.602015483078155,-0.0244019024100521,-1.213496741340416,-0.06977061289144455,-1.0122855712129295
2,0.0,0.0,-0.6212211419162335,-0.7357211601238826,-0.868103343787865,-1.5874332719068014,-0.9340788432543006,-2.2533622276408254,-0.9292163671117086,-2.8174146840960375,-0.25761071049890427,-2.0315202248478634,-0.8869885008387677,-1.5125505745633672,-0.8901070366412522,-1.1558862552616953,-0.710469886659813,-1.1757007043558774,0.05317323794768812,-1.6917074067795017,-0.7231558101895507,-1.094519660301612,-0.673471582417116,-0.8439361031874081,-0.4778419121794728,-0.8784458474855835,0.2545638976313917,-1.2222155690490755,-0.5040162654641076,-0.7059761906474317,-0.4985444267480132,-0.5039902870782123,-0.3293906849703989,-0.548249550178668,0.35169199976654414,-0.7412813818267733,-0.2540511068837177,-0.3843284765426548,-0.29103077445827236,-0.26124316654410185,-0.15610186185526345,-0.2825132523697043
2,0.0,0.0,0.08018643819540164,-0.7049367398171614,-0.04737473601441335,-1.3922020541954991,-0.2024594272685832,-1.962906510011807,-0.11085383023809887,-2.3956051505423672,-0.6807597937543705,-1.3473821224730407,-0.9360732422771749,-1.3032563201301954,-0.7908394830405316,-1.1230067138332303,-0.6231588830441096,-1.0316070596323808,-0.8586424490161422,-0.9425766756427338,-1.0260090325808915,-0.9050322309793634,-0.8620544207611711,-0.7933488314827022,-0.6910750248089789,-0.7227830311270937,-0.940026045867596,-0.5171681329801212,-1.0403508170230198,-0.5347855216179258,-0.8822409925821888,-0.4472902002289007,-0.7111924851849164,-0.38074329997998113,-0.9769037274282639,-0.15123439524336432,-1.0380474114104838,-0.1743695674427329,-0.8722745655993941,-0.10295100606846813,-0.7126665534564909,-0.05053484524482151
2,0.0,0.0,-0.130132900750171,-0.6612585245880906,-0.4352723212568873,-1.1839132112080861,-0.6718589646031227,-1.6448957660233103,-0.7420980835454374,-2.0934690991688867,-0.9846405351500567,-1.0042475571080194,-1.2623486692070367,-0.8671572186159081,-1.0788607513502324,-0.7766040171687288,-0.8953909022901881,-0.7709827193977324,-1.0572659240013331,-0.5419493085918692,-1.2683465587420857,-0.48159191949872093,-1.0916822268828015,-0.4325289548645879,-0.9096200797387642,-0.41544110357070385,-1.0469262928026937,-0.08409503308939942,-1.1787205718654903,-0.10589979132697187,-1.0267415448430592,-0.08969921305293888,-0.8620679993600314,-0.06554741321516018,-0.9953220470031833,0.2998222015654063,-1.071494388207932,0.24479605850578975,-0.9172860045115611,0.24131829062412274,-0.7764970308721231,0.2590404517832165
3,0.0,0.0,-0.10241534816807737,-0.09264382858320143,-0.13456484691214557,-0.2416443681047514,-0.05526579587633627,-0.34130404495190864,0.031145048209534006,-0.39643848784726765,-0.14271512805181136,-0.4826904519361471,-0.18842802139161127,-0.6495293544843224,-0.21329908012975252,-0.7660208878638685,-0.22706612895599076,-0.8675735896068755,-0.04434682233763607,-0.49916034534095594,-0.012849062819182175,-0.723949327596726,0.011873167280512624,-0.8757774970287749,0.038975627615499414,-0.999240161548753,0.04115174674035104,-0.4463347451912274,0.051649362760072766,-0.51211911645425,0.008955874682998695,-0.4031718700921305,-0.013694062256808267,-0.3191059622666636,0.10646513190158248,-0.3557537866192785,0.08980089319491899,-0.40787362149121686,0.03809590530290193,-0.3232024619734032,0.012446094717540533,-0.24934439406962372
3,0.0,0.0,-0.10509646701301621,-0.0987551816565178,-0.15908191000924674,-0.24097285134867477,-0.12079149011226248,-0.3405675495920946,-0.06590334871354729,-0.4067347059610037,-0.13250499794110857,-0.4959220271732702,-0.18808849294079752,-0.6645831137728427,-0.2224260415621327,-0.7727952930050381,-0.24088880538876728,-0.8616833551980688,-0.03658309635799394,-0.5154410235717857,-0.010437376605902908,-0.7396484151284793,0.012501394499283221,-0.8853750036467741,0.03910093885957038,-0.9992352658810136,0.04429257450081248,-0.47254222106248256,-0.00838750389511572,-0.5056266243825884,-0.06287250758992681,-0.40792502307621525,-0.09181036850937932,-0.32677293177423483,0.10599303583637719,-0.39203992408587385,0.026939146619043796,-0.39560845896281555,-0.03178127837371407,-0.3233710742988488,-0.06035938014921474,-0.25373475296071474
3,0.0,0.0,-0.12041260040291529,-0.07035756349307766,-0.19086909719643338,-0.19257088898035604,-0.15548723573599282,-0.29918136719618293,-0.07468548992300049,-0.3659746094699386,-0.14755420995822924,-0.4695818132744447,-0.22156839573283724,-0.6685866104981973,-0.2762266114400994,-0.7929698653186721,-0.3110253572474171,-0.8911346949763503,-0.03868286254873082,-0.485562900857299,-0.019994663297618908,-0.7147623962387747,-0.010621254392190081,-0.8696778982850736,0.0037079714447858557,-0.9999931254502525,0.04865178273157656,-0.4408751692667888,-0.018047218043457457,-0.4498857455059654,-0.06322521395184105,-0.32197402409905657,-0.07104575233530996,-0.23419898661544203,0.1125464183187748,-0.3615982590123997,0.02197535662815788,-0.3455622020489143,-0.012402980575766007,-0.26457208908543467,-0.010129599910844422,-0.20519901811514543
3,0.0,0.0,-0.11882482377484725,-0.0722085224158579,-0.21043237068921075,-0.2071631140967095,-0.19540252636775327,-0.3130676352963615,-0.1118246219065818,-0.359708766228556,-0.15801731837608546,-0.47657558817901585,-0.24817544263632643,-0.6538416576461423,-0.30444505792241877,-0.7667842288772491,-0.343853419596042,-0.8554030668678884,-0.05989741327198182,-0.5002982866972719,-0.057646021911774155,-0.7288951248732519,-0.0679282927857606,-0.875423979395639,-0.06820916444659604,-0.9976710429222134,0.02106201682678063,-0.460840059700474,-0.07073312148941395,-0.493353487470998,-0.11143294496176323,-0.3742370413897401,-0.10904930593406907,-0.2950737054476205,0.07915850551506667,-0.3866904714087375,-0.028816796199129916,-0.3666304147495639,-0.05779405682865325,-0.2699263843946235,-0.04438066779435079,-0.20304311326641766
3,0.0,0.0,-0.11331670925915427,-0.05893298571890569,-0.19840471363579557,-0.1653011052326765,-0.18993733024240997,-0.27034466205633995,-0.12578881988931379,-0.3359910146200833,-0.15595112988887805,-0.459706924263781,-0.23679732852585736,-0.659185188200117,-0.29071067374146314,-0.7767537909280301,-0.33132889808079424,-0.8720660292574548,-0.049314960182216185,-0.47222205113005583,-0.04238755804175855,-0.7231944271628727,-0.046988912038895686,-0.8753269635990146,-0.047433784265888956,-0.998874384550038,0.03720961778955429,-0.42093941022414016,-0.04398216147999683,-0.42912092964214926,-0.08194650334947222,-0.29736061272442094,-0.08155763657498985,-0.21657969755166367,0.10154092184247222,-0.3341225917525808,0.009020589058940614,-0.31345684968185106,-0.020399749909527337,-0.2163674166437127,-0.017296508028832577,-0.15497019101432707
3,0.0,0.0,-0.08227210926171968,-0.1436341273988345,-0.12082035856340473,-0.3208625344181413,-0.12376633655118181,-0.4135798245395825,-0.11057338126688668,-0.46220105457524163,-0.03334346431017065,-0.5317158646021078,-0.10669417442998454,-0.7534857125343599,-0.14987134796472018,-0.8882013092509043,-0.17305388876684447,-0.9914637565440395,0.06374018104583805,-0.5253120634912213,0.05824204358679376,-0.7575615837610132,0.06136054892609212,-0.8943344956838978,0.06489582045882612,-0.9978920445053041,0.13502909836381402,-0.45896431272983174,-0.0038072854592201212,-0.4988640262851002,-0.05417134957993469,-0.378813254447865,-0.06257138869607545,-0.2915407204516438,0.1770918403566265,-0.3569129150939689,0.04411746858925555,-0.3703890782934944,0.0013273272153535372,-0.2907543427423578,-0.006016838912482582,-0.22813363053337785
3,0.0,0.0,-0.17690825252307046,-0.19024917770816777,-0.3119569905381426,-0.44115955665743845,-0.34061435316657324,-0.5762998864752897,-0.2844720598304692,-0.5989873678761842,-0.2011137135071855,-1.0853757952124374,-0.2323720275312162,-1.546721645173155,-0.26427255002190175,-1.8347263489655858,-0.2634090006199039,-2.0535768967959083,-0.01522527197943447,-1.0513755537363956,-0.09008625807994947,-1.2736169167945082,-0.15663420446693482,-1.1220173481647453,-0.1798612887772979,-0.9836919826853168,0.13406496104883667,-0.9195419082739602,-0.11628236635255033,-0.78669442895423,-0.16911378300091576,-0.5783727461111886,-0.1383715521914584,-0.48871140578191363,0.24529947505892644,-0.7228831518397324,-0.011628392959511135,-0.5705221419697977,-0.0639785440685257,-0.42233243170447743,-0.03253903602037796,-0.374334347885314
3,0.0,0.0,-0.10591491156213567,-0.07443809197347281,-0.17605218315748158,-0.21789335954679884,-0.11739650766458526,-0.31042574940033785,-0.020892701422849547,-0.333666585026029,-0.09485875877106616,-0.5078855870279045,-0.12228315430025277,-0.7194641571398277,-0.13866418414349208,-0.8502318957712528,-0.15092674588962926,-0.9535313002037628,0.017573291362852586,-0.5076849383039124,0.04571158825035177,-0.7290415628433331,0.05360585723388736,-0.8754246693905465,0.0575335390019054,-0.9983435740715298,0.10654991376118352,-0.4488582692882647,0.031878117036647245,-0.4568895235362479,-0.021964029575934647,-0.3391791876640355,-0.03883375809099901,-0.2571724897885439,0.1680205888269154,-0.35375539923909416,0.07449216510417579,-0.3396604725355503,0.023419923113918682,-0.27298129667756416,0.010650978401638507,-0.22514133558952976
3,0.0,0.0,0.11059337259675497,-0.13141509293347917,0.15096875041088756,-0.27262414725899115,0.1435043368455527,-0.3297293761637781,0.12917379675989843,-0.3440224462738072,0.1304352037682808,-0.6708289178258225,0.18999397653752545,-0.9897745829124681,0.23861620017116633,-1.1638460384262637,0.27604007786582224,-1.3324251843549977,0.03665500365534679,-0.63871221845508,-0.06849486892985851,-0.8287091531485758,-0.14461290579546388,-0.9079697377067468,-0.2120179407632238,-0.9772657738785915,-0.051907995377773936,-0.5237141516183843,-0.1795312253831824,-0.4820398968202442,-0.15201988183237328,-0.37025389434141887,-0.12083722020928767,-0.31025238422860285,-0.12314211673623221,-0.37964431395648823,-0.17881190045637768,-0.31240321013208855,-0.15975151548703517,-0.2512352005149408,-0.1436125560514702,-0.22376625719970758
3,0.0,0.0,-0.1672863223438592,-0.24777362720726284,-0.29007273934600486,-0.46357045382430784,-0.41239085952792726,-0.49382707100851597,-0.46756450088541013,-0.42551911680831495,-0.10629813003665618,-0.6835732721840218,-0.22498896838262528,-0.9742289603303734,-0.3231867745418855,-1.1452095793999766,-0.4095277896580796,-1.2768406498159721,-0.029204967859482657,-0.5714741152868501,-0.11887553299704852,-0.7660835385699587,-0.21647585700636873,-0.8742663614559357,-0.29968533898939764,-0.9540381007039551,-0.0024339323526947638,-0.4113906824830108,-0.2816292669365487,-0.48821336287608985,-0.35472535427145474,-0.4166014938683828,-0.3520948179950973,-0.3679941005979094,-0.025105957717985513,-0.23455494019607342,-0.2868241320077838,-0.29307851863477397,-0.33723547729650505,-0.2653036727456713,-0.31827430052732814,-0.24004753708189006
3,0.0,0.0,0.03760908745246065,-0.22925954662514253,-0.015111321711183234,-0.43062031152774766,-0.12765998726439828,-0.49460708066085624,-0.233228329168713,-0.49470187170533625,-0.009060987075235543,-0.5215421781163485,-0.052237715391831065,-0.7835692114861305,-0.09081663371812734,-0.9436479581291869,-0.12274240560998616,-1.0730124068621405,-0.09350410794014131,-0.44728117059416433,-0.2561286606270163,-0.6895445674118879,-0.3532226831548222,-0.8128573485098308,-0.42553343899233464,-0.9049427011139197,-0.1697778699919512,-0.35817210867573934,-0.29309153975593616,-0.5232761877308003,-0.24510772059615046,-0.45609969995094096,-0.1988726480960131,-0.39926165668169167,-0.22863037106740675,-0.26060472336956153,-0.2902595091910902,-0.3896853914131033,-0.24207307417372861,-0.34886644221693985,-0.19322102829090926,-0.30540519265589744
3,0.0,0.0,0.07368736973685991,-0.18064114588915622,0.08230067688113343,-0.37163883115248586,0.019700102614080294,-0.46987615249645265,-0.0549542856501429,-0.5187444323084625,0.09508907844168013,-0.46844706180000156,0.11266015453787889,-0.7031171743658048,0.11783941532351704,-0.8524839485131867,0.11997431501799961,-0.9711957140987287,0.01123861708494398,-0.4462852172135901,-0.083408798476337,-0.7133814314526342,-0.13318264870552157,-0.8683457099743566,-0.16758008210490566,-0.9858584665567939,-0.07197298948701268,-0.39283945697342754,-0.1658822935789564,-0.5237240785043723,-0.14073144259085432,-0.4359394698014211,-0.10534364478711777,-0.36941414527071464,-0.14697756590607364,-0.3203004400914884,-0.19876606253883422,-0.4044362644163282,-0.17321392675946523,-0.3389456467733122,-0.13809996581475276,-0.28703307928485433
3,0.0,0.0,0.07854886785044103,-0.23198339815915447,0.10497730800118815,-0.4451837748858472,0.10838978144319386,-0.5517776659497182,0.060392427715775694,-0.6153666360228583,0.018634206302755,-0.5041105890079409,-0.023983762207056957,-0.7687483021596604,-0.07335591584098636,-0.9247755798089381,-0.1173760277945051,-1.0433240653347073,-0.09472107863594866,-0.4411342798863886,-0.2674075306104258,-0.6836425369489281,-0.36392350531525386,-0.812773054228582,-0.4293492153551029,-0.9031385559668891,-0.19114648823121685,-0.3643917426749269,-0.3120795787780496,-0.5231476567587106,-0.28509705913267613,-0.46096886747202864,-0.24889081865840812,-0.39772823749091923,-0.2541648898282096,-0.2795037314513156,-0.3094244384571573,-0.3907852991009488,-0.28694639369833574,-0.36239127292185913,-0.2591154786670673,-0.32142791984919294
3,0.0,0.0,0.0530843171385517,-0.21911532702494102,-0.01649234732856324,-0.4036212894255702,-0.14321891306770626,-0.47713933666472125,-0.24696800355665616,-0.4863309075625319,-0.1189537049969208,-0.5380377660768129,-0.2034585093586807,-0.7766952242204074,-0.26059143346619534,-0.912780489128196,-0.30597943602533095,-1.0127937098892195,-0.2155234653503873,-0.4566318154674868,-0.3992720079377248,-0.6301004615582062,-0.5033043490135565,-0.7396060766584185,-0.5779836194131758,-0.816048366023758,-0.26832378728957856,-0.34697355480914954,-0.2917339568511203,-0.389645359968634,-0.2190349088772459,-0.35688255983014777,-0.17206624294841366,-0.3295904275723669,-0.2972192563670312,-0.2340305106624573,-0.2709114273447893,-0.27492500029663136,-0.21969582691330333,-0.24476216354987768,-0.1849511662016192,-0.22151670226861528
3,0.0,0.0,0.09157882538350504,-0.22579321773079578,0.09591717037635017,-0.42224855131003425,0.10635094698461628,-0.5156636181970687,0.13513963619537134,-0.5653941262794361,-0.12501109901621418,-0.5344237464680821,-0.23252281566082225,-0.7885759916117405,-0.3011708345091343,-0.9361008799149285,-0.35708806785556246,-1.0488948993339784,-0.22170599349445866,-0.4290014152114593,-0.4206094383359086,-0.5914300970263544,-0.5350254162900278,-0.7042395427960056,-0.6160647566299995,-0.7876955094695027,-0.2552156517711673,-0.3035411817908561,-0.26190756894316786,-0.35277332602210715,-0.16732507293331372,-0.3271723277839439,-0.1005056245617295,-0.2958907234566357,-0.2608772910358026,-0.18888276567100443,-0.230979927709709,-0.24250408598478654,-0.16922293554225018,-0.23080197674730937,-0.11199859294761338,-0.20657333363366803
3,0.0,0.0,-1.0174269686923598,0.12190938761839404,-2.0739145508649623,-0.3790756019929768,-2.8501030385647015,-0.9587405352144188,-3.465919380706653,-1.381778088905407,-1.7160339152441637,-1.357059545102389,-1.7033245477556713,-0.9338079842628448,-1.4299774539593075,-0.4956893899017992,-1.1976644355365826,-0.33745049345403055,-1.4515257475700414,-1.8335988859323904,-1.4563021285936866,-1.3086924932391333,-1.048739517992162,-0.8294873989345006,-0.7534128846363803,-0.6575477361103816,-1.1419414265503078,-2.1579188199763575,-1.2839854397528163,-1.8150937308854362,-0.8379212913930318,-1.3804854282765449,-0.5087653703075329,-1.1114698248040598,-0.8153966799351103,-2.3891729339006065,-1.296184565365305,-3.0226513291015764,-1.6548375657118488,-3.467047945250129,-1.9865500822633195,-3.866939692236548
3,0.0,0.0,-0.08237536280492629,-0.23036285057005837,-0.23774329363297272,-0.35105663745073623,-0.3906773269398545,-0.3273995886881169,-0.4964141099127127,-0.26485947000139703,-0.2940428361443725,-0.4354126815014061,-0.4692906522653106,-0.6229695864161879,-0.5785224058065608,-0.7138760077263043,-0.664140018122025,-0.7809395342960825,-0.3628233576426273,-0.2958031720191454,-0.6259502733158274,-0.38865802891096085,-0.779582009176188,-0.4295337421819828,-0.8942352816896497,-0.4475972084155941,-0.40151698429046645,-0.14662224795679676,-0.5439842224077239,-0.20620027300983831,-0.46919092474788265,-0.21482390777631744,-0.4079180086489757,-0.20188732876199506,-0.4129046445660496,-0.003336559409678889,-0.48868923634958117,-0.06214346234621561,-0.4309938553217609,-0.07399807797719568,-0.38170952171883604,-0.07182843020559995
3,0.0,0.0,0.06065760681434196,-0.20881989250622157,0.030503958499274186,-0.40328876936378805,-0.054053998416540426,-0.5039379229143843,-0.12920694435983485,-0.530687313128063,-0.08187207951911425,-0.5402747410124255,-0.1330801915280209,-0.7006230241640493,-0.14210360424728807,-0.7452409725156997,-0.1396423868052541,-0.7526470327427104,-0.19201645659144478,-0.47249913998608833,-0.4075643628416241,-0.630369939219463,-0.5289595394796619,-0.729451037659802,-0.6256177628861885,-0.7801297422616836,-0.2702042622400366,-0.353391685542493,-0.3666145048765066,-0.3767267755954867,-0.297429363890785,-0.32575942403301045,-0.23165512038449945,-0.27742475185063276,-0.3088698421880734,-0.21892817959837343,-0.3418951874929328,-0.21241046815405534,-0.2825471565022547,-0.1793027115691872,-0.23554185378934356,-0.15644947437795675
3,0.0,0.0,-0.1028775229174049,-0.0497411794514953,-0.1436267622426903,-0.17665465663225083,-0.052549081887548324,-0.2815470622674053,0.040922973453973416,-0.34624917907322256,-0.15457773644866546,-0.4647460653927644,-0.1868673768203282,-0.6866221841393596,-0.198621271888183,-0.8339904957162616,-0.2018840081072661,-0.9594611906315279,-0.04188044497886224,-0.4663882628780924,-0.0015960952855514617,-0.7049386809337912,0.030715667953789265,-0.8556583749058567,0.07025263601246796,-0.9975292312174615,0.04968610434035289,-0.4044983802586427,0.0963576198725003,-0.49821997535935747,0.0504539070836108,-0.38002445509741517,0.022805427763275377,-0.3002611518585673,0.12401306093441272,-0.3067761043316838,0.14186497750760646,-0.3637031934389492,0.10328548097381658,-0.2854722468738812,0.07919228572416626,-0.23302217642209452
3,0.0,0.0,-0.09974341582991922,-0.10709413874502394,-0.12483803862750546,-0.2881743537338504,-0.02015642746779838,-0.4187572025024547,0.07177896240851883,-0.4962529271323778,-0.17286109054076496,-0.48061235023259063,-0.2138346298069433,-0.6793034068568455,-0.23237647268015388,-0.810376281236924,-0.24334795168258447,-0.920506234671587,-0.07291483540754783,-0.4952942844664909,-0.05443613422794901,-0.7225285030387897,-0.030729680209445682,-0.8688099215073224,-0.002468894419099041,-0.9999969522755294,0.012356937837581652,-0.4469656863749169,0.05379184505815504,-0.5528236841954339,0.034392440427715006,-0.42739270983564276,0.019374608643463742,-0.3414206870785269,0.08141430355535775,-0.36856335000259804,0.10696514541386855,-0.46030809532331063,0.08694882204734608,-0.3736874474861099,0.07027169159363174,-0.31031703460648785
3,0.0,0.0,-0.0933526740830582,-0.10639122155638957,-0.13583120593731784,-0.2862860391217227,-0.0820704394751757,-0.43748214110133665,-0.008530521295266923,-0.5261235578116439,-0.16373157503059674,-0.4645324602037094,-0.2212829430218401,-0.6769681748375295,-0.24497648815750783,-0.8122338235703025,-0.25763896526206975,-0.9163826143625851,-0.07065440584975795,-0.48949913449514887,-0.060691259062950136,-0.7404752669638808,-0.047987765085053286,-0.88758734851629,-0.03558806776839299,-0.9993665440830568,0.011443337026041287,-0.45638616323395925,0.021423532995138907,-0.5650536359432373,0.0007107532298063754,-0.45645300097032726,-0.01206970915799302,-0.3747809934725765,0.08108949376951557,-0.39182208357803927,0.07466207559105623,-0.47377089319840104,0.04794748948051359,-0.40337092786259865,0.030095513085491576,-0.3393729304766201
3,0.0,0.0,-0.1358838894560258,-0.13916428623900676,-0.20530927531545837,-0.28267820596619203,-0.22945525050767884,-0.38625615910488975,-0.21461122068975758,-0.4425592881897342,-0.1013991185386222,-0.5247629780006868,-0.14701493332977655,-0.722543856538457,-0.18227368941399194,-0.843747656876123,-0.2095056215100997,-0.9393797519124972,-0.030444390586957023,-0.516627550147738,-0.06664283795911535,-0.7339660123413955,-0.1026395402594777,-0.8821892245441373,-0.13194529481056502,-0.9912569995603325,0.01672243836811352,-0.45864410498814606,-0.14214663115973264,-0.49143571486696735,-0.18785948326061627,-0.3736797828549832,-0.18993768883121723,-0.28846702329333523,0.030313018871526803,-0.3781772247421722,-0.13712516344936326,-0.3703270037876433,-0.1842740946823131,-0.29998134627753487,-0.19332486318086387,-0.2481601964219928
3,0.0,0.0,0.040227448809598665,-0.18831041728453712,0.04252686401927839,-0.37944736289231706,0.03574392984365374,-0.49293453669953147,0.034797327639714465,-0.572102051827085,-0.025208656145326292,-0.5522227066870667,-0.13331558972197444,-0.8468748750608122,-0.21001814781846898,-1.0157122016857132,-0.2747045536118761,-1.1434024706600348,-0.1044346132140421,-0.48138382335386276,-0.28878574185986206,-0.7065955655171211,-0.38814935919567684,-0.8099824169340012,-0.45386238635312004,-0.8910717896184635,-0.17935176564016833,-0.3746486592870391,-0.3493211100446695,-0.4313846897961612,-0.350856848946963,-0.3678860793300853,-0.32210620932425377,-0.3257421017504402,-0.2456111244867437,-0.24981632353558356,-0.3546521681932112,-0.29578995172601624,-0.35348490179887415,-0.246637396422133,-0.3273271100919199,-0.20884371813687433
3,0.0,0.0,0.10374667595873166,-0.07417320083906931,0.17128658549470158,-0.23354752113394292,0.08581329691598115,-0.3622695874234851,-0.010112555523668996,-0.42686040146367266,0.1567513042865775,-0.46369152932967533,0.21479525809364888,-0.6552093629891101,0.2474845537316647,-0.7751748457763382,0.2730118935372338,-0.8766371903720472,0.0621680064449573,-0.4756061410743897,0.05045513739265759,-0.7281549297617665,0.05209660570852708,-0.8784701728513393,0.048099055907146325,-0.9988425705889998,-0.021411710662147303,-0.4275263388688756,-0.009233232953345709,-0.5150261096282914,0.028346141892337473,-0.37924274826514837,0.04494060649002288,-0.28601855117139824,-0.0890167819445786,-0.3469967089393958,-0.05944318648928104,-0.4063449205285944,-0.01833620258158622,-0.3010509990563557,0.005742145756617605,-0.21681461038795866
3,0.0,0.0,0.10486636867772577,-0.07744049076516335,0.17798276208232375,-0.20665428552224235,0.14035108320827314,-0.33154600208194696,0.06712031014762328,-0.41021812300643523,0.16026359550016964,-0.47102029336812773,0.22844343183866592,-0.6482633290767329,0.2695682630330546,-0.7581351439176632,0.3039628076019487,-0.8528398362883383,0.07349944053935115,-0.48434237577907907,0.07128317138867626,-0.7257978593981569,0.08661871582391764,-0.8776818385751681,0.09284082658397305,-0.9956809634211176,-0.006923651194604093,-0.4412725559474345,0.05485050869491866,-0.50747266216436,0.10572997665192428,-0.3801789134404135,0.1220174971445444,-0.2875350740418631,-0.07466901112413077,-0.3713464997716852,0.0035044952664989677,-0.4080887966472764,0.04927031366812632,-0.31900515766443405,0.06778437728883409,-0.2510127471797798
3,0.0,0.0,-0.017871902338259058,-0.18694695949118326,0.051136747128071904,-0.36198355090604956,0.15446214548657455,-0.43543833397843673,0.22652350802586488,-0.44570699474998426,0.020691611046233953,-0.4408463520310177,0.12222847934347501,-0.668067093693523,0.18118744608477574,-0.8021844131568616,0.2223311042404387,-0.9125419516376214,0.06415177501202719,-0.3802386997170534,0.2181924331177972,-0.6403532167741021,0.31346435206506007,-0.7960318139199787,0.3821994534299417,-0.92407985466509,0.1156092433325126,-0.2814578983245929,0.3094031397160432,-0.3825796294648131,0.2987248546191112,-0.2997665704503446,0.26101220143894754,-0.2484659735921189,0.17153454767220488,-0.16790326640814446,0.3243934361101066,-0.2378308839734514,0.3025236840953093,-0.18036861613008034,0.2586136311983825,-0.1505201219531892
3,0.0,0.0,-0.08554155745919167,-0.652222636486124,0.07502132939753171,-1.1126122117428916,0.2946475021026536,-1.2918528044634259,0.4398171417597024,-1.323505923588698,0.46131524515883615,-1.2613464445259825,0.8324437941446965,-1.7367680161443442,1.0739536559998852,-2.0551755423636275,1.2398340042789668,-2.278934877398956,0.6592456168782402,-1.0022216899776075,0.6186119716967463,-1.1411455573119353,0.44949074122538024,-1.0480477264479622,0.3534832848122922,-0.9354408411857544,0.730417125333971,-0.7270732442082182,0.6221218584295545,-0.8806112642454724,0.49268879575040825,-0.7829084755703319,0.410552616948674,-0.667474401634331,0.764223035354374,-0.4672012757853588,0.6663389610106197,-0.620231469579212,0.5513453678615212,-0.543047351221579,0.46083458346931694,-0.45070446858423696
3,0.0,0.0,0.12479530023796648,-0.08096203495150879,0.20046542036415427,-0.24052435808186345,0.15581533831965472,-0.38247242512944063,0.07462788607644054,-0.4558553171263795,0.11435973765561591,-0.4854071903075924,0.17200635891659063,-0.6806100925205718,0.20909199634359332,-0.7913404962469501,0.23896992870529127,-0.8913402795065902,0.017410148170584117,-0.48076456970860737,-0.009019002323825983,-0.7333337978201249,-0.009858925637965204,-0.8781697992706043,-0.018295642748137587,-0.9998326207203047,-0.0584558642034069,-0.4309317513163469,-0.012235049823310916,-0.5266759487916328,0.04915123917226626,-0.3724903928953789,0.0715503495437837,-0.2579497822534231,-0.107678733699575,-0.35928153010232017,-0.03742427684358519,-0.42950068527538343,0.018228120256430842,-0.35430630346528913,0.03946022117527524,-0.2960053815574907
3,0.0,0.0,0.1282279382332649,-0.060280551001359296,0.19235498645702867,-0.2117690923979363,0.13989747713631492,-0.32417056716681925,0.046814401477008924,-0.3617232251787367,0.09682803933914595,-0.4805968124300655,0.13681824620808847,-0.6759969373559735,0.16606288180857598,-0.7995177607203348,0.1842899503013087,-0.9097374420635853,0.006128336519648063,-0.4715692531675435,-0.027204294888000562,-0.7073854307727837,-0.03807123531173108,-0.8640516249635436,-0.053575618014717864,-0.9985637952351072,-0.07356557658714219,-0.40602061137529705,-0.006094863923198223,-0.4689885159812608,0.048786309325642874,-0.3306516056749851,0.06787610299872537,-0.24249148114539457,-0.13052465424004173,-0.30843348793221637,-0.049342698262186895,-0.32511585808507865,0.012753555137707095,-0.2333522225887936,0.0382906667773467,-0.17326804415327338
3,0.0,0.0,0.039658709121429846,-0.03658306136482552,0.0562605912590654,-0.1791514862573647,0.06399210544406057,-0.2616165153935394,0.06884252887057551,-0.2939575321198772,0.056411538326312266,-0.48595261557401537,0.035237499225127596,-0.7235356035504297,0.01732839928330227,-0.8699612795737164,0.007689929483106059,-0.9824100939093389,0.06316729718483775,-0.4622363740316936,0.06806538100020613,-0.7253537191206858,0.08755766994966721,-0.8725454717625403,0.10818881266677348,-0.9941303640940427,0.0620292535087878,-0.3687813722839263,0.059992818253613835,-0.43263400695833926,0.04478820910250586,-0.3199481058158425,0.03667001119604822,-0.25930586413337586,0.05700601054195444,-0.23344828047429622,0.06055070133220422,-0.24602589759729837,0.07190008458155277,-0.17223532926298118,0.08527982739911096,-0.13327734937143618
3,0.0,0.0,0.10786417664989031,-0.05496224881466825,0.13720857013266471,-0.19482478821382995,0.014064839291654295,-0.2632366949543435,-0.09487619901073212,-0.2952995184634987,0.09237919273312528,-0.45325898346133653,0.1074014577902728,-0.6741840787523566,0.11399141074862638,-0.820434395579409,0.11603656856328784,-0.9422998508576095,-0.017738271746690643,-0.4527986879385567,-0.072363469026327,-0.6985297514826325,-0.09778153754549808,-0.8597499200529419,-0.11788882876566523,-0.9930267992618627,-0.10183089878226319,-0.3776600135656504,-0.12753149375761702,-0.43227510206876363,-0.08095537516543491,-0.3171826655374591,-0.04515815497022532,-0.2512453318992545,-0.16528320435065894,-0.2650796772385421,-0.16770931071621303,-0.28253351847867747,-0.11747142630491343,-0.20118680903304528,-0.07671283936360428,-0.15095934497014796
3,0.0,0.0,0.09802234027191692,-0.054276080840550564,0.15091673302069894,-0.2035755128406359,0.08164861175173048,-0.3104895753863452,-0.0075389534654297635,-0.3728008593135107,0.10305762988549294,-0.46200126654122453,0.14414324921775065,-0.6660149263331889,0.17362140767938528,-0.8016442526827382,0.19129993729242192,-0.9157284487918096,0.0010862558232755642,-0.45493320880467886,-0.02919497397184441,-0.7095346183649948,-0.03426033831964739,-0.869161403777542,-0.04671276386923771,-0.9989083630101896,-0.08514972677804472,-0.38201462223756,-0.0713940517409924,-0.4588097132963002,-0.022375173097413763,-0.333234525759364,-0.0010200319847911616,-0.251823309632031,-0.15874030703622505,-0.2762112450467706,-0.1264808629033276,-0.3317374576498971,-0.07877104401419661,-0.24186543637924873,-0.05563152369224179,-0.18270358126136135
3,0.0,0.0,0.09341322799082453,-0.08995372112823524,0.1287022222333208,-0.2652278253293544,0.04244878243298164,-0.3918415590689705,-0.04391182865133475,-0.46205954541919303,0.12402824571173224,-0.482809060952833,0.16314834458348854,-0.6818076130043568,0.18511354309390288,-0.8164927051863784,0.1952545759252736,-0.9292102950900584,0.029440357171691856,-0.48362391902716584,-0.0014013513132604754,-0.7274799657472683,-0.014193698501423973,-0.8769132272954523,-0.032775291623226545,-0.999462745808473,-0.05466441971668199,-0.42558002534568834,-0.06788600494505682,-0.5235167016617328,-0.032724240125957954,-0.3926351610445609,-0.013685164769155551,-0.30795110939009823,-0.12613436570930708,-0.3374664926039553,-0.11569554783565578,-0.4103809318038924,-0.07664205857390365,-0.3222075625298614,-0.04892811437001188,-0.25748704222606117
3,0.0,0.0,0.08565245368111266,-0.10496010690759323,0.11646871710190695,-0.27659837619471717,0.026235857469306224,-0.3961607717711858,-0.05896381483730593,-0.4561353635508702,0.12111481864088176,-0.48503832488224496,0.1660370801750364,-0.6825116966428416,0.18756947903306528,-0.8080125444901861,0.200577592500784,-0.915559556612023,0.031062785666132055,-0.4962729255115246,0.012021011952381054,-0.7352961059008605,0.004417626222928505,-0.8795408935678242,-0.005215830588933309,-0.9999863974631193,-0.047901344985756746,-0.44666447800468834,-0.06283642975171472,-0.5318732631171803,-0.029651968457793002,-0.4117048957301134,-0.01024723109023957,-0.32802759805284,-0.11196617203595108,-0.36790154381202905,-0.10924459980148303,-0.43820958097287505,-0.06834166637836152,-0.35849152942669166,-0.03362390104412755,-0.2904652673851714
3,0.0,0.0,0.08349427821199362,-0.10455680017816911,0.11372383978185586,-0.28178283488288136,0.03523059113964697,-0.4103617207164686,-0.04777995415789089,-0.4835848103951304,0.09549875091760991,-0.48689357300345276,0.1358404058213428,-0.69797556965818,0.15738911682238255,-0.8261733270073768,0.17050965064162515,-0.9328262724466825,0.007912023477949092,-0.48437304083723104,-0.03103403310816412,-0.744741514505418,-0.04133773453540354,-0.8874226454855287,-0.05498664125752653,-0.9984870901935669,-0.06502406853097852,-0.4245950612897962,-0.06985046793971829,-0.5188431556953935,-0.01914478315121199,-0.404599232417036,0.007865725608248705,-0.32582144222550136,-0.12312396521231009,-0.33818272782346376,-0.10482212258529824,-0.40600677362014204,-0.06075238391650041,-0.32671866301072955,-0.036478822232756135,-0.26536747693863477
3,0.0,0.0,0.10996757698776356,-0.0743237612025069,0.17224165629977298,-0.27323385319975224,0.09033045513684762,-0.42572149597916115,-0.014393622826775065,-0.49662978099976735,0.09387334154190582,-0.44955144906192157,0.08934357728317603,-0.6029458929635368,0.07872933866582882,-0.7333576363182754,0.06818822096217121,-0.8423267989741056,-0.010617546872142917,-0.4748275336256338,-0.015151213174990717,-0.6813252352373896,-0.008402458218805631,-0.8579387078361592,-0.006842234360925163,-0.9999765916404995,-0.11443601129220382,-0.45311639049895114,-0.08839563504363848,-0.6169406590198148,-0.029359319252068364,-0.5115508583988417,-0.002615641964755302,-0.407779388162289,-0.21494596643542505,-0.3884031943050032,-0.171874270363358,-0.502106045438252,-0.11556853718393231,-0.4296494971732574,-0.09135626860465322,-0.34992954826373107
3,0.0,0.0,0.12115682400134702,-0.07463511026501006,0.20670316883796247,-0.22510248746986866,0.13810944853067303,-0.34167995934140566,0.017112637664914422,-0.3734881941494516,0.1592477951835887,-0.5068955407476714,0.21175217740250965,-0.7022245098279316,0.2465585530668438,-0.8224135254699051,0.27274302412540996,-0.9299415450208286,0.05663472849169416,-0.5099619784866333,0.04225315856923434,-0.7308017944735485,0.041018277096027136,-0.871030638327866,0.03403999696230542,-0.9994204713766904,-0.039958406384671144,-0.4595138861946971,0.009923121733599058,-0.5073564293393626,0.049042930077468336,-0.3753632435313683,0.06168950537403474,-0.3017322820278302,-0.12285755481954774,-0.3734835794952169,-0.06286878026371374,-0.3986515575922333,-0.018826404881328192,-0.3100174322408205,-0.006409870098361864,-0.2558230482747945
3,0.0,0.0,0.12362178818831829,-0.07123153735125451,0.21939398163257054,-0.21554987671335962,0.16760681869049798,-0.3338714023702993,0.05278838603291564,-0.36234611364509123,0.14696231556780975,-0.4779061770390746,0.21291032783150365,-0.6697132878037678,0.25777391215886664,-0.7795450420386653,0.29593204455869687,-0.8781818219964944,0.049979303042709394,-0.48571856791227525,0.036668391916517946,-0.7314433022500579,0.044069365622320826,-0.8771975523164863,0.044987225444599335,-0.998987562258308,-0.03445645772833524,-0.43579368855785156,0.02561174451384252,-0.5073957173267811,0.0677933424405077,-0.37061678652838015,0.07557981727166756,-0.2747269990433677,-0.10010146826716872,-0.3537005220202787,-0.03995454604729202,-0.3821843039097849,-0.0022866587760670253,-0.2899933835250464,0.007924693722044147,-0.22741467269367416
3,0.0,0.0,-0.03471378804476717,-0.2131985847763123,0.025690105086692287,-0.3725212549909356,0.13013455341939814,-0.42605674678117333,0.21467054133564653,-0.4400006618609864,0.05332779597766423,-0.46876026018897765,0.11173786764993826,-0.7123485053728611,0.14964089490659632,-0.857933789489837,0.17936152392914304,-0.9612461935463565,0.13626901843416622,-0.4018442865520529,0.2882637019807285,-0.6399813917786872,0.37859927458473036,-0.7872296280073605,0.45532216609090964,-0.8903267518536563,0.1973040209623993,-0.3020038593005941,0.28918535214902347,-0.4496195741807976,0.23535158933581324,-0.3830666306544736,0.1956134295554192,-0.31793167778112696,0.240442178697078,-0.1848167477928192,0.2916914121571964,-0.2882911224953098,0.2523682064405465,-0.24712330375786123,0.22277067802601389,-0.2040630319528976
3,0.0,0.0,-0.1146515516096422,-0.18574347372565453,-0.13671318067087085,-0.36314103925690827,-0.09172019016577493,-0.4313574326526631,-0.048114538576444404,-0.41775492045951856,-0.0001751396419718182,-0.498249554448983,0.009694185146222748,-0.7557691738554335,0.021939755733725138,-0.9088441328306602,0.036222656317011624,-1.0075820533950066,0.10398309006091767,-0.4470888929024772,0.18007366517014187,-0.6966435647956043,0.2269632205573203,-0.8581635073101429,0.269692179632255,-0.962946586392622,0.17035391219297433,-0.36785034962992824,0.12445993973408502,-0.46365073948397606,0.08335411179362882,-0.4163380364946614,0.06193011602746221,-0.3492417981812989,0.2071350835726244,-0.28400590365618045,0.15522585275345727,-0.3621061102776652,0.11898771369437351,-0.32503659058236,0.09724383595438651,-0.2720295055111246
3,0.0,0.0,-0.05876078358210279,-0.2182730388396191,-0.027207042479212594,-0.3752217067496632,0.06068885138847356,-0.4437130911139878,0.12746441749218632,-0.4627713027699802,-0.03721972083364822,-0.47739677907002925,-0.04493567934765699,-0.6977996879442886,-0.03870439219480715,-0.843822459041706,-0.03049748657730757,-0.9552573883091834,0.05441661996928659,-0.4520538913960758,0.12130472519154324,-0.7020956863507383,0.1709851766866283,-0.8577021812374384,0.21245457436462242,-0.9771709440172417,0.13684703041979804,-0.38593066808736287,0.20243851599570495,-0.5229056013278951,0.18912394758504256,-0.4542857764132596,0.16478523148624666,-0.38625868312912565,0.20312488939105627,-0.2953829992216322,0.24141814891525118,-0.3913855505500263,0.22688554619494242,-0.3531774059359656,0.2071353533922993,-0.30569788159815087
3,0.0,0.0,-0.036822875371804294,-0.22362912829181322,-0.002251869027394041,-0.3771382246312239,0.08004955546895291,-0.44103391026234795,0.15428595086283642,-0.44665410899518154,-0.017826854838515364,-0.4735637224533929,0.0187599732028601,-0.6909033128192145,0.037613668412050695,-0.8312381150805349,0.05265644970852533,-0.9388933386914303,0.05359141928213531,-0.45952545812174794,0.1476074049035976,-0.7017745573784597,0.2108273991529083,-0.8504276777275939,0.2539258013374419,-0.9672237008133837,0.12917741882682215,-0.3995199254195364,0.23653742900724273,-0.47007422928663223,0.21514819417442538,-0.403083394360465,0.17699923589895258,-0.3594820440273197,0.1937370715144131,-0.3119980907952064,0.2697926974409373,-0.35160830654893127,0.24592066429944215,-0.30376696103396356,0.21217471651579575,-0.2709405197818292
3,0.0,0.0,-0.0397560333854927,-0.22743266393210168,-0.024531418927103466,-0.3846044221658732,0.04717656524746448,-0.46200883335347365,0.10793432127777092,-0.4893518370946593,-0.015933481208812272,-0.5033415463535391,0.01629514577426053,-0.7193996355879225,0.034989926135266566,-0.8451308440118797,0.049279213275382844,-0.9397784747968376,0.07426071689068407,-0.4908132028620186,0.16108787671587937,-0.731443541860387,0.21740249531462053,-0.8676035623384115,0.2607048234529706,-0.9654185595006736,0.15485126403412064,-0.42935417895916506,0.21290557043412725,-0.47703759286273895,0.18490927330283674,-0.4135527851574859,0.1495478075626703,-0.36098591911998934,0.21476824099622288,-0.3341188082374832,0.2346079656476914,-0.34531570226081304,0.20566667626589868,-0.30137604888125863,0.17347621876155736,-0.26245725775906015
3,0.0,0.0,-0.07781669160549068,-0.20747508713868312,-0.0533476411360751,-0.3761082013438688,0.02918272963713728,-0.44210029415312174,0.10928714829560436,-0.4435825606849554,-0.03560982972117294,-0.48850526741398614,-0.03240581370165027,-0.683569869983252,-0.032187736635381686,-0.7574478048471217,-0.022827518274444427,-0.8038069709654232,0.06424879131668976,-0.4742064984582,0.10978678952046562,-0.7207320650453322,0.16073901663683737,-0.8696701170336497,0.19476795200726127,-0.9808493487130923,0.15779333244522953,-0.4119257339459133,0.24933660554150952,-0.5226381638113112,0.2610436545891288,-0.4357660503341539,0.2394066106178156,-0.3579571758965328,0.24476188201199314,-0.3307510208081046,0.3235129078220094,-0.4161936153721372,0.3200530439344557,-0.36771482783887743,0.2872579060498422,-0.31483986965716004
3,0.0,0.0,-0.06739465329916859,-0.26425463271481625,-0.020343689703434524,-0.4628486771278497,0.08663809713817319,-0.5093613789295975,0.14833773350469429,-0.5150056101436319,0.1886296859511768,-0.5324840832025419,0.2854897454265408,-0.7793467790500325,0.3404280318278216,-0.9130849549197039,0.3854652748572273,-0.9970314089713761,0.2805438178434384,-0.41279985260937113,0.42986385406341476,-0.6033507088370351,0.5226597195834415,-0.7269988984145961,0.5981261280346996,-0.8014019808823897,0.31629445787287513,-0.28274564603857755,0.2947218874256285,-0.3919314328330283,0.22613844737102665,-0.36960091894713626,0.17669671265991801,-0.31981821827652235,0.31554553558161497,-0.15724878948018126,0.2828569068563289,-0.25252513641458024,0.23100619167679032,-0.2373888205101353,0.19113221905915742,-0.19756847360195914
3,0.0,0.0,0.1104739917360216,-0.6808381931083775,0.42710633633924716,-1.071340215868689,0.7301199662926482,-1.1340309940296598,0.898233969601406,-1.1351566871798993,1.0354435061762373,-0.8713162034610018,1.4744066412223977,-1.1218031023070905,1.764526008124041,-1.2889567860556204,1.9760038042431443,-1.3746114384649768,1.1194133874272991,-0.4504940635421932,1.1876120371933996,-0.6016269036578354,0.9988356457106528,-0.6221389925100714,0.8360712341903113,-0.5486208994920715,1.0587731531103053,-0.08127690756277733,1.0482601810825474,-0.2406886244781127,0.8858074522264904,-0.25231044194452706,0.7308000818076018,-0.19490541161228989,0.9577861964388065,0.23321577766941418,0.9356899793369425,0.09291202585412561,0.7937196341574357,0.06391401069405878,0.6644857155738045,0.08742587892972124
3,0.0,0.0,0.07718809921666851,-0.3629225195183968,0.27039264364435883,-0.5910922193791817,0.4546070033222399,-0.6627826877144866,0.557947321490174,-0.6598150117468846,0.42378294260566485,-0.4845282130102251,0.6304219079911138,-0.6553269916952554,0.7279807632829978,-0.7661458955594115,0.7840710363768546,-0.8384242177530247,0.49314664592911134,-0.32606403564928327,0.673120546215741,-0.5116730222621805,0.7158516995199911,-0.6227163623438057,0.7331729637052324,-0.6800422084633321,0.5244104232098283,-0.17950319462133088,0.6551024967863068,-0.3665559916290348,0.6154602760462305,-0.42062117391547654,0.5552761548768226,-0.41872755202206013,0.5317352372298555,-0.05416237537643359,0.6387623193717805,-0.22341122947178688,0.6086830535295996,-0.2790878450183836,0.5537140224594171,-0.2785145466469823
3,0.0,0.0,-0.021617668051975104,-0.23858921744753717,-0.12034636822877073,-0.37809890026676196,-0.22137557627822074,-0.3631827040601965,-0.317571337476543,-0.3063294955019137,-0.22959187585018417,-0.5112954882163395,-0.37332951198847286,-0.7279921633259914,-0.481131513928228,-0.8454859122940761,-0.5672348994828444,-0.9268645842991385,-0.3154662432557312,-0.3783136540068523,-0.538566762879885,-0.5057489959396797,-0.6728635043109399,-0.5865880269756032,-0.7640668098782876,-0.6451371249915917,-0.3531043302903351,-0.22413875856972496,-0.3870667504173299,-0.23246593548019465,-0.30134509094839973,-0.21115420837172227,-0.24014473811995163,-0.20117349767192647,-0.37293938477848,-0.07068968526801284,-0.3610315786791208,-0.0869525116915749,-0.29882746651944375,-0.06510258755720386,-0.2555785661002067,-0.06417531346185062
3,0.0,0.0,0.00918365649014575,-0.2659320763929682,-0.08813758935395101,-0.43532278233468863,-0.20360653156551814,-0.4425241549315557,-0.30735490838840085,-0.3901815583894249,-0.23660173952401192,-0.5284174898655281,-0.39478545900900014,-0.7318403201323694,-0.5057114660922287,-0.8527416296637326,-0.5958484418700033,-0.9416662372321131,-0.3216475937679224,-0.38875661578566945,-0.5343147442067836,-0.5011172233722554,-0.6658855680217242,-0.5841324036217572,-0.7596309262366775,-0.6503544079229473,-0.35105791011795645,-0.23411734545455823,-0.3717454328744703,-0.2507369810193993,-0.26872099610924255,-0.23012239552550354,-0.1966795036792159,-0.2275789474241094,-0.35434984543849357,-0.08597522587434632,-0.34024659573553734,-0.12266860455537978,-0.2724775166418767,-0.11312760577996578,-0.21794710403056555,-0.1159545534759224
3,0.0,0.0,-0.10175533600519353,-0.18014405841815698,-0.195464188943867,-0.3569753363830208,-0.3187353561561948,-0.4043446485172586,-0.4273223087559308,-0.3951439831395289,-0.08246605567727022,-0.5251270889914583,-0.165921144849398,-0.7822210297767358,-0.22979773196916198,-0.9268422877515375,-0.28273781625457484,-1.045109209177075,-0.08425581582827889,-0.46682854259922885,-0.2556348163402919,-0.6747679750890668,-0.3610175100221472,-0.7939707679800425,-0.43802182219363345,-0.8989643392716805,-0.10559314432295899,-0.37208281879105337,-0.3384688648253394,-0.3985181239002282,-0.34750116969018613,-0.32325624161508476,-0.3134350426602534,-0.28745072735868066,-0.14605933735567694,-0.26008386121888544,-0.323852602949875,-0.2683392735965735,-0.31850394496931056,-0.2215472216546,-0.27117739910993155,-0.19673297811023183
3,0.0,0.0,0.04177476801889535,-0.20544140922540008,0.021734518749950447,-0.38670737933653443,-0.06305822589877907,-0.4623648155377417,-0.15533213327644618,-0.4848904353217185,0.044704291138811934,-0.4929742918524454,0.016279501352581112,-0.7466810284668499,-0.016061507206837237,-0.8921326329118201,-0.04560613375711983,-1.009883594256685,-0.025281180226127867,-0.45650458303015,-0.16226175127812398,-0.7129534124586235,-0.23799043332529937,-0.8500820925292948,-0.29185340936452225,-0.9564630612011655,-0.09985708913383821,-0.3907651128752689,-0.23824959794030987,-0.4682662882950564,-0.2066022071173493,-0.3902452484752075,-0.1605293816679327,-0.34383733727423454,-0.17159488731949513,-0.3134605090011154,-0.2551599146186031,-0.35265912213122314,-0.22804350838957382,-0.2875400002335965,-0.1869398888001806,-0.24715630561271787
1,0.0,0.0,0.05765175721799309,-0.29205467552047465,0.1625529092699178,-0.5151026691214028,0.2416775182919422,-0.7196029181060358,0.24303231391470825,-0.8919533012478762,0.43630202438958154,-0.3614467060988989,0.6406381214731508,-0.47794705792360664,0.76622738377276,-0.5387687102519747,0.8673096864310851,-0.5760313101437591,0.4883666994551485,-0.20489605192223737,0.7206842061272458,-0.2246528240107506,0.8660842082636632,-0.22541902401614813,0.9761304434534699,-0.21718507629055028,0.48420992043297123,-0.048206691164431895,0.692452525051011,-0.03211712225281824,0.8356165739433792,-0.015832117504177536,0.9401623594188123,-0.012821837532399976,0.4469907156604299,0.10247378688190566,0.5871571086157095,0.21416209338386705,0.6827158437961369,0.27774241289262014,0.7645933602827195,0.3194908846108772
1,0.0,0.0,0.03673822230572278,-0.2892736029080266,0.1263626542275674,-0.5070189365837225,0.2015427483497591,-0.7083212788848829,0.21700056181283106,-0.872808370734924,0.42569639925617225,-0.3838842235674587,0.6275032322146222,-0.5175275564584547,0.7577398070705603,-0.5844454560677721,0.862492758174265,-0.6233253604387762,0.48663452611953417,-0.2118302296158271,0.7105840170684564,-0.2633477019384647,0.8513104853456268,-0.2875925499845038,0.9556828316855296,-0.2943982425584906,0.4902692891295396,-0.04076948675783449,0.7096555178895861,-0.056204079418566456,0.8463498061991404,-0.06758576816980895,0.9479525516807369,-0.07774149843191927,0.45762783224883735,0.11190678925542673,0.6150652882572984,0.20251219604028262,0.7177289497511807,0.2580844865321008,0.8081347741560679,0.30008450935658965
1,0.0,0.0,0.024494706260216763,-0.2991044903901511,0.10092445394906781,-0.5370017606127532,0.17435660012393084,-0.7434474568133461,0.20664496740446542,-0.9162580863235453,0.4035465292012073,-0.35737813140381136,0.5993170435967569,-0.49072783098132877,0.728986465188229,-0.5592733944066137,0.8312327042864609,-0.6060468099392016,0.4569023267147788,-0.18749254759160014,0.6957342890894809,-0.22978023839350387,0.8500003038317231,-0.2553360091401895,0.9661242578356674,-0.25807734968702845,0.45511038673900445,-0.01989624557192966,0.6824907085850739,-0.02831769450373733,0.8302579177561339,-0.03154008182592412,0.9405038215035633,-0.026929356974885237,0.42105203490692245,0.13739078408591757,0.5844938732352707,0.2266984172443952,0.686519014350467,0.2870676005844684,0.7723451690282044,0.3342549530507729
1,0.0,0.0,0.06652969905575538,-0.23403086066546372,0.15998742071877267,-0.41551804872575254,0.23997527889041295,-0.6101100798204034,0.27866635492561775,-0.7668929205585976,0.44479904095278483,-0.2423128767637036,0.6240557651901211,-0.3774554196253059,0.7535857478865613,-0.4511687961831185,0.8535768519492924,-0.493844782912963,0.4875373339748325,-0.08311526730314069,0.7207312537634382,-0.13920208845729687,0.8712371939835362,-0.1591649932675248,0.9809043832947912,-0.19449059317371903,0.4783827956982384,0.07215895746328618,0.7076599632721535,0.059275015009045806,0.8557418492986589,0.06199191267745182,0.9682723970303118,0.047907959618587063,0.4341120097784195,0.22412622797816317,0.5928213126934503,0.32539716648637507,0.6965568805636275,0.40318038849031546,0.783569080672292,0.442723855178028
1,0.0,0.0,0.04072287947271112,-0.3127353364995318,0.130200834742426,-0.5623425444619959,0.21609489464300674,-0.7822141232694759,0.2504036861894917,-0.9604422956737596,0.4305340385227598,-0.3557113681811822,0.638189857094133,-0.47689659980880195,0.7672571433394467,-0.5356753241501572,0.8728982169155333,-0.5734067477512815,0.4873288391170937,-0.18065495002264864,0.7279641604388666,-0.19369452197595857,0.8772477922129055,-0.19465696881312938,0.9832649472375433,-0.18218134793098656,0.48063055133370475,-0.00979137804098095,0.6997113410443502,0.011649969822095235,0.843478484200216,0.02727531561127073,0.9484893903627379,0.034656470119486076,0.43616944279459224,0.1552441291997602,0.5846762730324969,0.27840327512729474,0.683243148478303,0.3574031358438536,0.7676339091946379,0.414468105959235
1,0.0,0.0,0.036227515158121414,-0.3182750832965243,0.12329439872033826,-0.5730012588113329,0.2059221462918581,-0.8041537574393741,0.238720756703366,-0.9875989504895829,0.43796932231620067,-0.37594588101153126,0.6386557376038335,-0.5109542915735821,0.7664287128497406,-0.5749905840351275,0.8681718000043012,-0.6173908888702824,0.49030864193903717,-0.20175805613645095,0.7241987980446238,-0.22690987337249469,0.8699393587118431,-0.2364255943495133,0.9739269236732502,-0.22686195658232156,0.47917620500188085,-0.03232013444898479,0.7030133493352223,-0.02020808457771119,0.8503368939261758,-0.008794374352390508,0.957239079817645,-0.0010674892135683594,0.43451896745413054,0.1288565520460678,0.5897103797975927,0.24295300287078836,0.6873803668026344,0.3163079001273946,0.7695363848189118,0.36968253379061466
1,0.0,0.0,0.03328180711315243,-0.3107865529445161,0.11831511335896365,-0.5611207030305754,0.20961830851711405,-0.7825586178159392,0.2466680695404513,-0.9689684221367725,0.42304691897075625,-0.387134602124865,0.6265121783108638,-0.5236017122695626,0.7546719322516848,-0.5917696193974596,0.858027987967763,-0.6336591305639759,0.47578092632905883,-0.20916149406427015,0.7087268747551182,-0.24399266069544487,0.8546576633169783,-0.26550511793305626,0.9637854659005782,-0.2666787875306273,0.46921987347656,-0.0436154058304998,0.6802853280023295,-0.03392229975254562,0.8223981613698887,-0.0306295281138596,0.9271251706616834,-0.02933459689868707,0.431064301741238,0.10723829827567145,0.5732596202203495,0.2125751871757678,0.6637820130132703,0.2739595867585674,0.7427882937267354,0.31810987027119453
1,0.0,0.0,0.044101645249706146,-0.32694174126743025,0.13559511713720768,-0.5872773227960729,0.21328443986739734,-0.8061129139618833,0.2395920771699356,-0.9795645063145688,0.4101322858905787,-0.3823650456352587,0.6196159329834404,-0.5150504434539391,0.7493679782316787,-0.5833380591370773,0.8555265486578764,-0.6271196568978211,0.4594528854610751,-0.20195845353413572,0.7011057156254626,-0.2400534248763337,0.852534945114404,-0.26630547410746613,0.96408589132967,-0.26559065145271155,0.45192336468720967,-0.03970236533512458,0.6768839624514551,-0.03533770314165801,0.8249188245262591,-0.03794984320367737,0.934966396343295,-0.033469511220908264,0.41370423555678193,0.10218618692825067,0.567254965483478,0.19684651457236924,0.6674727688173673,0.2559655935319276,0.7536212978509821,0.30638047923863154
1,0.0,0.0,0.060924260850899664,-0.2846180194297072,0.17035859993574592,-0.5144847802715695,0.2536882465203472,-0.7172543183441459,0.2560114643152416,-0.880599685581017,0.41966294966155754,-0.36303330115660537,0.625927563916747,-0.48462885025407176,0.7409884935499468,-0.5516539873253742,0.8309442457897573,-0.5986393210176586,0.4686981054860103,-0.21401391219986496,0.7139946767491787,-0.28079442810335203,0.8502278645531823,-0.3187275638320661,0.9432778999449116,-0.33200422207483615,0.46645096168557626,-0.0670699311398968,0.6990806814160593,-0.08710244599249947,0.8345751466990067,-0.09734267376177265,0.9279253782724683,-0.09905441455927878,0.4336094690351888,0.07198923093736033,0.596951116086702,0.14151585101213265,0.6970201542607184,0.1895168712292568,0.7784774847002253,0.2322516274226865
1,0.0,0.0,0.04294239676717337,-0.28380263258036503,0.14234001374567248,-0.5032170613440189,0.21726773085844267,-0.6879549143885,0.21376892557882257,-0.8517107101195603,0.39955249472201476,-0.34539658412841123,0.6057705875746697,-0.4608329725451033,0.7330989357152518,-0.5197298671387968,0.8349673856704122,-0.5569998248103895,0.44741274835776457,-0.1817335383445743,0.6955253368679398,-0.20708825462396516,0.8501452251248943,-0.22884011389577857,0.9714389497699747,-0.23728962655330846,0.4480830946456983,-0.030125273272401276,0.670203772478702,-0.017960488561593494,0.8115558222252139,-0.012673214153426305,0.9156379896453379,-0.009698434773837611,0.4207850748417051,0.09987308289397691,0.5786517386679122,0.18311958873378748,0.6751972759329911,0.23785351006672828,0.7538043254363052,0.27894105857984375
1,0.0,0.0,0.03579359390665742,-0.3030593942909489,0.13463789880119634,-0.5363820239287742,0.2008277872211958,-0.7417805049999704,0.18694444673830946,-0.9146201550534823,0.3825441267864943,-0.38374894073206844,0.5842605606728973,-0.507720694882416,0.7137587042639055,-0.5724253323574361,0.8178683966468525,-0.6125907785171517,0.43406401237536085,-0.21571725903060476,0.6800363140633147,-0.23175447172278374,0.8422267506113501,-0.2510612237175525,0.9667924461617986,-0.2555628416739919,0.4376248389184043,-0.060886306493322065,0.6606185160118087,-0.037405430997201644,0.807234127063113,-0.026233100741984216,0.9143383269975324,-0.012033513489785598,0.4130872771264807,0.07277562703613455,0.5693178312700639,0.167774455474118,0.6678862697795586,0.23049361807069582,0.7496207778970334,0.2853766014508993
1,0.0,0.0,-0.007916635430445585,-0.2760538091327958,-0.08221851312630533,-0.5173667290307229,-0.15644943811659756,-0.7110749191850128,-0.16357733158599255,-0.8642780367842733,-0.35931429638540047,-0.4506666288107705,-0.5350362525046085,-0.5822479953991316,-0.644588209439998,-0.6481418071306061,-0.7373569554798723,-0.6964806588803777,-0.43076933518350496,-0.30609780813146226,-0.6572796297635983,-0.38764874403101446,-0.7894393077498593,-0.4315938090292922,-0.8908487390085066,-0.4543000376479774,-0.4523560783168675,-0.15518293658108337,-0.662460625284426,-0.19155220318532412,-0.7901368673924105,-0.21455868184857776,-0.8879626759559928,-0.21192338081910211,-0.4304546901722608,-0.012515614340057374,-0.5775838132528909,0.055537314626804925,-0.6761070536930479,0.10035421205945988,-0.7602712722854741,0.1340305977675219
1,0.0,0.0,-0.01302085071716624,-0.2619210597622517,-0.08531696524094734,-0.48933883603440476,-0.1565418319988138,-0.6808330693845516,-0.16480618924319806,-0.8407286595822486,-0.37717517285903934,-0.40248308919364273,-0.5539797473152235,-0.541440521103537,-0.6689042457148067,-0.6101667907370586,-0.7659517396365286,-0.6555958739522434,-0.4461101271222846,-0.25115320041290945,-0.6730863213670545,-0.3450056791446832,-0.810776172514309,-0.3856088411160434,-0.9156199547577211,-0.402044896061956,-0.45781358922822113,-0.095338375722432,-0.6744478993945354,-0.13235662113583038,-0.8159833891147078,-0.1485597340933506,-0.9234953916302143,-0.1403500450874367,-0.42084359098776314,0.047814999557625464,-0.5753526206575511,0.11072057328824025,-0.6854839274112192,0.16130599507764545,-0.7787972150014079,0.20315894610923935
1,0.0,0.0,0.0030474216252251605,-0.2534875666318584,-0.07434528340073675,-0.48439472705648656,-0.1390290125417981,-0.6625492599232071,-0.13218124044509613,-0.8160011071198464,-0.34850953483639396,-0.4400815710022822,-0.5123728080978457,-0.5744512452799493,-0.6183424888997908,-0.6459906948246106,-0.7048819424617296,-0.6956675721762978,-0.4250236870065683,-0.3057590159183281,-0.641066331476118,-0.3977026252415588,-0.7742461238308868,-0.45044657080270095,-0.8781374242803864,-0.4784084699064268,-0.4480217665511491,-0.16083981883856502,-0.6504305782972616,-0.1988283236715976,-0.7736102592790501,-0.23014400068077967,-0.8694988782593005,-0.2428200420427389,-0.4267520972922144,-0.02054005544625037,-0.5812467215933176,0.041066904474885674,-0.684472483811895,0.07872264019245709,-0.767816554958662,0.10998940454380557
1,0.0,0.0,0.002965304785713983,-0.24887193070816013,-0.06489835640631206,-0.45618181430133325,-0.11363718415695642,-0.6470517958696766,-0.10767408756340059,-0.8032986472035892,-0.3282690895671618,-0.41104861399860937,-0.5095760496032321,-0.5594353772114969,-0.6273762382819039,-0.6331657755517913,-0.7226135852811887,-0.6824297093582392,-0.39079883101439566,-0.26179770463728597,-0.6236072253051436,-0.36319013270663747,-0.7748053687560834,-0.42240870354481197,-0.8892444466693398,-0.45743230544829244,-0.4110798049959183,-0.09469863268288244,-0.6372636980271826,-0.14881890108834644,-0.7821449301089985,-0.17650147281078366,-0.8942312045659676,-0.18951598123917893,-0.39561762409449003,0.06332411825958394,-0.567428696683908,0.10487562437271031,-0.6799938091106448,0.1357962709044192,-0.7747468748359223,0.15637161532314836
1,0.0,0.0,-0.04024432594592885,-0.2471994800868411,-0.12973507849565727,-0.4698268326934107,-0.1882191045225019,-0.6584364497597198,-0.1692843623661591,-0.7858084081073655,-0.3504291878344192,-0.441306015557968,-0.5217356018548638,-0.5944158355457916,-0.6253785778635066,-0.6711293483072998,-0.7160937101800332,-0.7247839315150558,-0.41551450998700695,-0.3195532303242984,-0.6328723868191323,-0.4104745767832871,-0.7683747414946072,-0.45010812553296203,-0.8808443395092496,-0.473406009208284,-0.444851516665759,-0.1824393814235132,-0.6523202780357772,-0.22116923038834518,-0.7886736049029197,-0.2423114298415946,-0.90034339290899,-0.2461291213996009,-0.44234487513994414,-0.038793839874435104,-0.6037058189354092,0.006031334133764769,-0.7072599101961068,0.04460838380251571,-0.7922792406662148,0.07573301243092127
1,0.0,0.0,-0.025287972107390293,-0.2438580657420176,-0.10381989187024195,-0.4791305876389329,-0.15884462165414845,-0.68080335191959,-0.13458102061569527,-0.814888944165284,-0.3274964559557648,-0.45405850656626007,-0.494930332384171,-0.6209136713239849,-0.6092603487327319,-0.7031047991671281,-0.7082875755987814,-0.761491321521726,-0.39499207241047213,-0.32827451410201264,-0.6130510628649679,-0.44266433052769233,-0.7510976274456576,-0.4899063527959589,-0.856956674886789,-0.5153884528847908,-0.4245289037787414,-0.1825815799966318,-0.6262319739808342,-0.24072511380257547,-0.7592987808790802,-0.26723939337377567,-0.8639675477936187,-0.2694148482801018,-0.4169875226247383,-0.03408519353639829,-0.5726473939533172,-0.0014082203034482875,-0.6774879459633409,0.03479722806808968,-0.7660345811622664,0.061834903272248665
1,0.0,0.0,-0.009020885218625997,-0.26755827318302017,-0.07720179212996009,-0.5193377698313806,-0.12617157547627192,-0.7317115642119312,-0.09096678116630667,-0.8634583879421727,-0.3321974528774984,-0.48659950678134833,-0.49279511305915624,-0.6504432938231383,-0.612472662823925,-0.7354229193174139,-0.7150223063605394,-0.7959436691917277,-0.39617761292110076,-0.35168218799886697,-0.6133604304347724,-0.4388796216191348,-0.7498179317843583,-0.4874213885361195,-0.8571743431925165,-0.5150263540562541,-0.4175621642860784,-0.19750872096487596,-0.6152074896664866,-0.2336070821297443,-0.7474455576952727,-0.26238671675136677,-0.8544801110583441,-0.2649988734731409,-0.40327910944742995,-0.041089255035178004,-0.5559877035419832,0.0051587497676972615,-0.6639704333081482,0.030758223930320374,-0.7590461399779727,0.04770248743004672
1,0.0,0.0,-0.017635407332967326,-0.2771293851696314,-0.08575939629995147,-0.5284545351385079,-0.1380584858173786,-0.7498816851540387,-0.10485684556387356,-0.8833183414194986,-0.3256359088793325,-0.4702758717720178,-0.4974316750963367,-0.6314666259386801,-0.6156940437279088,-0.7102506271301142,-0.7163536737095564,-0.766531823944805,-0.381098021322083,-0.3303347544569752,-0.6212046350602866,-0.4125428913084871,-0.7667573483316071,-0.4547403347879622,-0.8776495358129647,-0.47930292330350704,-0.39465852335957835,-0.1765508745265537,-0.6080404183518745,-0.2061977832976726,-0.7449010524576871,-0.2367977653871244,-0.8514442017815188,-0.24742550347784384,-0.375458175635058,-0.027205595447507152,-0.5349755672591994,-0.001468670359398213,-0.6416366079174894,0.011295788985984065,-0.7326720754387005,0.013967045648693516
1,0.0,0.0,-0.0130383667236631,-0.2862548907200155,-0.09412506680974929,-0.5516988192228238,-0.15101140247160355,-0.7689268791631343,-0.12067219173172633,-0.8978474774618007,-0.31799176400752155,-0.4928771671213866,-0.4797119966353018,-0.6345947743968584,-0.5914468988308196,-0.7052747312760032,-0.6910380393010238,-0.7552729796559595,-0.37230475539943464,-0.35817088731845653,-0.5920521121043918,-0.4311225469647795,-0.7366603700201738,-0.47990086593951764,-0.8593869608817198,-0.5113257782143213,-0.3902608511762656,-0.21657785657304532,-0.5963148863612576,-0.2585809347055115,-0.7296019737037354,-0.2898172746404141,-0.8388208457420694,-0.30176711866816014,-0.37506979013458236,-0.08287769186867407,-0.534859309269659,-0.06234260949992065,-0.6432297542605956,-0.04883444523023631,-0.7390726111493334,-0.04742995250336691
1,0.0,0.0,0.008764387084886555,-0.28424404989871593,-0.05841735590091947,-0.54261842850087,-0.10641933222961703,-0.7589434728510113,-0.06731952388194493,-0.8949134777295594,-0.2835989055185212,-0.464488891386761,-0.466409420725001,-0.6132963815450868,-0.5907404280037645,-0.7034203085244527,-0.6965957940106358,-0.7625430582192985,-0.35195693903189285,-0.3183434740088405,-0.5834998754330218,-0.4219786491197013,-0.7385382648288193,-0.4760334718131846,-0.8636222312281394,-0.5041395062168113,-0.3766536493737532,-0.16666351377531494,-0.588446669402566,-0.22218081171158915,-0.7326316025678771,-0.25853958883664974,-0.8505623780463654,-0.27751323907836056,-0.36900133962548143,-0.02563184466341067,-0.5260832940044025,-0.018327396003894703,-0.6384356079756971,-0.013727194714396197,-0.7346310903483233,-0.014695149111321418
1,0.0,0.0,0.012561168027838947,-0.26375604755887144,-0.06207983290107666,-0.49522565910703586,-0.12933527232324996,-0.7065001520536547,-0.12773308516580534,-0.882998622114774,-0.31674870712406455,-0.4118150914323787,-0.5169259567662109,-0.5440129657615607,-0.6525035794839692,-0.612650166463129,-0.7633501781785779,-0.6594208438825293,-0.3800359629045126,-0.2530433844081144,-0.6306766707194305,-0.31335376885509014,-0.7916057722909174,-0.3609239863427176,-0.9183959628922388,-0.3956625523640536,-0.3946525979298575,-0.09718847964483901,-0.6147765771065851,-0.12330644331570119,-0.7615988540135883,-0.13842210043457898,-0.8754324218598883,-0.14484517588336923,-0.367208971969707,0.028557838209806303,-0.5165931602956708,0.06852413965996879,-0.6213910795708468,0.0953085593332974,-0.7104358845872567,0.1131007424232306
1,0.0,0.0,7.715237344935764e-05,-0.29027012802275837,-0.0776249757734778,-0.5505137148690377,-0.1697452619659535,-0.7567826990495514,-0.15767443846055595,-0.9519664020293461,-0.3405085653527987,-0.4530589937963328,-0.5386171887917864,-0.5762730956646704,-0.6681629816186261,-0.6381158312464996,-0.7772674908984698,-0.6801048655409987,-0.4137446631882304,-0.28247210160129016,-0.6422918355696745,-0.35248594288989743,-0.7892023729787314,-0.39487254089872353,-0.9053713886546174,-0.4246205937135053,-0.43158183394759636,-0.11911833249061052,-0.6438119839323868,-0.15537554433752496,-0.7906812148766631,-0.17846982145669935,-0.9073394787654614,-0.19478015026844198,-0.4042044551466689,0.0242416984905194,-0.5721329372501642,0.069491741665539,-0.6885351715161118,0.103375901514486,-0.788078203007604,0.11931843545005909
1,0.0,0.0,0.0134811043377417,-0.29915798035853375,-0.0578622915218486,-0.5599234576539555,-0.14894282861009012,-0.7735034565088641,-0.16874324541888205,-0.9559462235300812,-0.34193738118531086,-0.45660608659496027,-0.5743441057687724,-0.5768079994991525,-0.6994484869391219,-0.6385821738062727,-0.7960845034506102,-0.676750433949396,-0.41850316341773297,-0.27225133947297564,-0.6709873371304043,-0.3436168728230684,-0.8151079570805921,-0.3772931045290068,-0.9218986286990536,-0.38743117892446993,-0.4363276075418758,-0.10439771644570367,-0.6547478745884123,-0.1284687867866557,-0.797990478645047,-0.14050190206950594,-0.9037159963935619,-0.13253132998299888,-0.4079771899984044,0.027676702903361265,-0.5591054460109749,0.09300667801289321,-0.661683272523892,0.14353590339942582,-0.7433239176094412,0.18363684712633715
3,0.0,0.0,0.17919019656425844,-0.16469623449439344,0.37978508829129864,-0.12536373657257985,0.5113091589701847,0.045573913908982674,0.5825800401101261,0.20469627585581077,0.4229184375863096,-0.27636676167450464,0.6768409975299704,-0.351334147335283,0.8224637330748898,-0.4024129220545966,0.9439685249494041,-0.4548318973399222,0.42182456930266904,-0.1315993939034377,0.7107048911415889,-0.04793026393305818,0.8729251337683835,0.011446642392311423,0.9990338101213908,0.043948222197682595,0.40189289235506265,0.02533329656758865,0.5736321017259051,0.1889200453024253,0.5402347514140015,0.19977368430242617,0.49343405943371377,0.1717158522608439,0.3780802496076563,0.17219773662097196,0.45170347274688055,0.2060032604922193,0.39819537431071483,0.16082250156692043,0.3465661641865437,0.11976189998996695
3,0.0,0.0,0.19540702824286496,-0.1525722867263534,0.4013945006385807,-0.0945722863664246,0.5225312038382521,0.08660492251370659,0.579739069745067,0.24531928336587192,0.47549670462752164,-0.2705061311615881,0.7135492360551736,-0.32028768280956993,0.8500221577274908,-0.3604631526695233,0.9659413020692479,-0.4021120149767987,0.4869508707596866,-0.10729572559991978,0.7403237934540582,-0.019890669012712685,0.8840962397029529,0.03233739019477256,0.9978191871876241,0.06600658815776789,0.4636712012780591,0.05503386154499466,0.5892449412347049,0.18656439409720948,0.5302812016617575,0.1805609800580975,0.4716345223118721,0.14749132353697472,0.42751197093926374,0.20022353086365868,0.46582920639910624,0.19724681190563267,0.40363267399834013,0.14925743327650515,0.34758088226351486,0.11298448790382806
3,0.0,0.0,0.17977760574440033,-0.16140736235413305,0.3740434676411483,-0.11238709521038,0.48525112029498185,0.06294113441812497,0.5397532013636649,0.21856343235907785,0.43772607017368775,-0.26689496179274863,0.6877296312071213,-0.32291763208459157,0.8223846829464422,-0.36038544177499643,0.9396558051997418,-0.40174650623014985,0.45083847213275274,-0.11737731261406077,0.7287409970238595,-0.03823120489839636,0.8784442766805193,0.01596462641230506,0.9988412864847153,0.04812571468101984,0.4323216293016941,0.04542394008241552,0.5678874052418946,0.1985745155192987,0.5233197971984727,0.20258575507037388,0.4728848880082887,0.17383994335096595,0.4024238548213871,0.19486360824808635,0.4346895122239812,0.21205752994355478,0.3792030221926384,0.16824468407497847,0.33105323229242306,0.1327066612727126
3,0.0,0.0,0.17457277236994143,-0.15867171671846148,0.36583185759263415,-0.08682047086831444,0.49179269077477406,0.10600285551575774,0.5394154924235025,0.27018578414308764,0.4290700280993325,-0.26138807205297276,0.6747672828533193,-0.3127693928937086,0.8210767301245402,-0.3529063952039441,0.9462048329290392,-0.395742289977558,0.44092797982117493,-0.09674745114132202,0.7004991008221292,-0.0070953748496173225,0.858909121655853,0.048921193022437984,0.9971533849030483,0.075399781010248,0.42063082326433754,0.07887481752050526,0.5117902576793074,0.19693331662827332,0.44615893044240407,0.1935383911031398,0.3868452656979484,0.1553364717579069,0.3842822228151635,0.23383675982626745,0.39933639090962086,0.2502812138001213,0.34139817667694616,0.20577307638888703,0.295588935139067,0.16535127740719832
3,0.0,0.0,0.16876604474923565,-0.1790805617110588,0.3557113936983273,-0.12980365014020193,0.4766908576576818,0.04643297613810693,0.5187258365942693,0.20733702886807262,0.4447367153943405,-0.27096331575327703,0.6836354378114458,-0.31874486514938494,0.8177688818153528,-0.35415932851438847,0.9339226801024668,-0.38958804749508263,0.46595945378322307,-0.10803680245327596,0.7094137438766811,-0.03090745263173164,0.8653181086005686,0.032512067928412686,0.9967338013330215,0.080757224322193,0.45394863834929633,0.05894373641362353,0.543626923148319,0.16701336272151507,0.4720172518861422,0.15236737476472909,0.4037575305161904,0.11348053092568638,0.42719136680990627,0.20945284974478826,0.486262485335724,0.25645485255962486,0.43301995697426904,0.23880376484256044,0.3766560477519997,0.21172839740795435
3,0.0,0.0,0.17398261335143783,-0.19237052564202506,0.35855953874174784,-0.19610800309122192,0.5154460745740153,-0.07102649100796185,0.5988133008717363,0.03566702543515481,0.4200708444148529,-0.3081648134266129,0.6594492695057149,-0.369908622686715,0.809131736497212,-0.4281483332549572,0.9260108187556363,-0.4691654000029518,0.4299847740265313,-0.16038688379409863,0.688717299463356,-0.06140978591366339,0.8634118013742281,0.0062595516700048055,0.9982107048156664,0.05979455486422234,0.42174083612271196,0.006222544467055643,0.5646634874079409,0.12133053200596013,0.49935610954763626,0.11082607078866272,0.4260735127526745,0.0771757712151249,0.3997652255354045,0.17212458504481004,0.49175346312915663,0.23643935304042654,0.4332957517966947,0.2201026733277197,0.3686891770048507,0.19955934151401233
3,0.0,0.0,0.16998960865997373,-0.19408836345962105,0.34253077572623647,-0.16615008837569153,0.44702031217069627,-0.0008450346281385053,0.48191275866969524,0.14929765186264662,0.4200980247041776,-0.26940426994718647,0.6638698676615162,-0.34727735152879574,0.8094990313374313,-0.39441204140996267,0.9275592764805101,-0.4305332767948328,0.42738231496433426,-0.09474244726619717,0.6928658995337663,-0.025596590939805968,0.8568893200655853,0.02188933969673774,0.9979267228394527,0.06436035925093879,0.3934420157022081,0.0804701272478852,0.4951360238102928,0.15164321231240385,0.4208970183143816,0.13518663362366196,0.351166393595255,0.1123332013400375,0.34002541655443846,0.2278887201775442,0.39052355310145115,0.21454188790633877,0.3354048602391123,0.19370919748202625,0.2829293331692621,0.18036363094327265
3,0.0,0.0,0.13708885501601964,-0.24643688326064717,0.31319837369748393,-0.26162666839485027,0.42119402063747635,-0.11338479381010688,0.46720934188002006,0.02737906898280478,0.4284350709728172,-0.32688672927616746,0.6849887095223102,-0.4257924539054411,0.8409617253012347,-0.4858029848657774,0.9542318277454068,-0.5179423349912362,0.44760873901625364,-0.1280514785293415,0.7078870680929334,-0.07626925309834001,0.8722500688597793,-0.03961635142067434,0.9999891355186229,0.004661420890372464,0.4183642932800069,0.05286850929337967,0.4947852892868745,0.05711933172538346,0.4106488147833763,0.038199129916501914,0.337359516206109,0.04114220131108457,0.3592419888452803,0.20378735783044874,0.39089343752123373,0.16870493631040728,0.3286742977901646,0.14199077410103955,0.2743452840542201,0.1378415065789604
3,0.0,0.0,0.16204173787255707,-0.23413259703194467,0.34869102641616273,-0.2671195373234962,0.48598497341882696,-0.1713791084423234,0.5560905808505494,-0.08422654250200222,0.450042874749907,-0.264137659338813,0.6928748928571984,-0.34226443250314026,0.8358264525318595,-0.3806297127348676,0.9412248872705761,-0.39285114035406304,0.4698828624931844,-0.07852998260578367,0.7275688688522277,-0.04894548993721468,0.8891642232285711,-0.011459692373373936,0.999093065510361,0.04257988315049262,0.45245126240583955,0.08615986459737192,0.5921695986371784,0.036156006485671646,0.5290906440963105,-0.006322281773731428,0.453796753140284,-0.020845671494300496,0.4157779220542483,0.21741185926575982,0.4928849723518447,0.12900875531981337,0.4443765065003718,0.08535435146385957,0.3868816479718268,0.07823485925945371
3,0.0,0.0,0.15658854515607007,-0.21899783762271327,0.35185088656817193,-0.21389178114690718,0.4863135057362468,-0.0662970811849051,0.5557960517398748,0.07575086891733813,0.4256834088701941,-0.26562802032723215,0.6616620772232539,-0.32297952471606634,0.807259604658999,-0.367980139696301,0.912034539843467,-0.38423640398367304,0.4188761927826352,-0.08880287655489805,0.698455235250691,-0.028119231285210326,0.8729017988454113,0.008070509404991821,0.9982800643763177,0.058625191418152825,0.3786574336170686,0.07929138293407573,0.5676013959990188,0.10179069262785202,0.49001724260443713,0.050080396152393715,0.4090508922125605,0.029044354792730816,0.32190020009900994,0.22746264288180018,0.4631783503241523,0.18874565035917149,0.39944419219086535,0.14791682188076305,0.33475938359366675,0.1446310785297672
3,0.0,0.0,0.1571725155716233,-0.2153017347969889,0.3580345986574996,-0.20574174323464764,0.5149268024008058,-0.03686246562256342,0.6000851371860487,0.11941849423647156,0.39573359599063174,-0.2901302982578544,0.6674172714046261,-0.3427779309096601,0.8281118330162195,-0.36989665168933844,0.9579300027009484,-0.3846649640359343,0.3898703180669209,-0.08988854473813297,0.6807153720847919,-0.015450294754103797,0.8474196487071896,0.062408250903903166,0.9900685627213165,0.14058535169407396,0.3629041996584712,0.09126289318958714,0.5909167570550986,0.11122228206706682,0.5085707189459493,0.07524335265216382,0.4146178149415387,0.048014676579485986,0.3287453270180368,0.24666235648383353,0.49465507003081743,0.19967510364551153,0.44223930768912284,0.1564964203151318,0.37160508437209416,0.14082269195552313
3,0.0,0.0,-0.14744972707473145,-0.1991662200780959,-0.3233683391724913,-0.23811380503958862,-0.42562193110417657,-0.16111251692403677,-0.4954406442059153,-0.04025671581093844,-0.46654646010905493,-0.2899944390456021,-0.6847210020180124,-0.3554381620170715,-0.8205780173885187,-0.3598906687279971,-0.9263059510022973,-0.3499769404646796,-0.5055387562916555,-0.1108887391581913,-0.7486957358214013,-0.019024424722754875,-0.8879399545299264,0.056298279669063846,-0.9939579115051433,0.10976187934038786,-0.4897412483198831,0.06946707619295024,-0.5117697760199776,0.16102457914561286,-0.4120911621274141,0.1276226131628176,-0.35068843703556385,0.07636196904591938,-0.44960439055888735,0.24124952917229653,-0.42396401846861836,0.291104996112925,-0.3444093370413761,0.27135428528382366,-0.2906456639767939,0.2345194340001919
3,0.0,0.0,-0.15459839212652002,-0.19026152272227237,-0.33302721902703447,-0.23570765525245221,-0.437441552217876,-0.1642923041335982,-0.5039721792510584,-0.04559689207956205,-0.4785757635422638,-0.2869847209211518,-0.6859674182578783,-0.34293647947757666,-0.817606778316999,-0.34912533622123415,-0.9214214096212248,-0.3390275220742482,-0.5212351902524832,-0.12101320980114277,-0.7596512001482978,-0.03739024492167989,-0.895417628936686,0.026549736687540175,-0.9969367219431778,0.07821235478612598,-0.5083091749185561,0.04750312459763251,-0.5317739708684265,0.1354806529067445,-0.4348006536107863,0.1014344341170739,-0.37378473999739875,0.06158188748186707,-0.4710241280503525,0.2051843201376437,-0.4570392510404047,0.25000025481426835,-0.3800323992208983,0.22915498422970115,-0.32209141741244157,0.19937350912431812
3,0.0,0.0,-0.1778206279486907,-0.18619967511497573,-0.3664500731521229,-0.22493844113550165,-0.4615427504324377,-0.14796232715015747,-0.5184893330812952,-0.017111350794665563,-0.49071439991497307,-0.28095548050922337,-0.7041147225528218,-0.34851086351217697,-0.8351057307504615,-0.3624730987941911,-0.9403246263379422,-0.3638205112945999,-0.5320376514479791,-0.12490510126596853,-0.7654178514018316,-0.06071738650965077,-0.8991252972318744,0.009508807459025487,-0.9978325870863853,0.0658037092304923,-0.5262853895164092,0.04289471998377523,-0.5708677458457257,0.16979818920356649,-0.4821726076316796,0.16208277990297987,-0.4150811957984574,0.12987875813882266,-0.49719298634968734,0.2070685720218925,-0.49946981705213256,0.29212378286641316,-0.4277040732876675,0.29063231117005417,-0.36905079315291206,0.2636665509279542
3,0.0,0.0,-0.16232502436225876,-0.20965398345617262,-0.3587925245294557,-0.270379146447145,-0.4847361916967729,-0.17856458117072568,-0.5638908531787933,-0.049320251613734795,-0.44869716751030675,-0.32104546046412524,-0.6700142817609571,-0.39608977438702697,-0.8009516606558001,-0.41475054851244997,-0.9075929977333277,-0.42281183441351805,-0.4896647484584612,-0.1747291581742235,-0.7423390372075417,-0.11553641058653091,-0.8882606865615136,-0.0546730994725046,-0.9999373757582676,-0.011191271673465246,-0.48971863602419147,-0.012595140738130391,-0.590555204521257,0.12249447105101251,-0.504826455974931,0.12389598865826397,-0.4337108395259409,0.09157780290807908,-0.46015385993934155,0.14973933844247922,-0.488299727429818,0.2498508742369923,-0.4130168385568196,0.23881421088847674,-0.3528373606519101,0.19793480959333543
3,0.0,0.0,-0.1538062580355696,-0.21763388048107854,-0.3438686548914755,-0.30705303494961034,-0.47576177276432574,-0.25199044398204756,-0.570522861964701,-0.15118014331321034,-0.41479413799725756,-0.40145143751126094,-0.6329838284638969,-0.4946311525010279,-0.7605756706772551,-0.5367129090144552,-0.8716310752768464,-0.5705842131252021,-0.4425094005828725,-0.27419433811343547,-0.7032839227600651,-0.23606134182689886,-0.8622712333924083,-0.19293823520376155,-0.9869437019043134,-0.16106560548860147,-0.4456601854198167,-0.1239834178856219,-0.5928319665339493,0.023185167180726794,-0.5700158133027626,0.09830248290431859,-0.5381180471036803,0.13563353033609618,-0.43298846061419005,0.0363839807316938,-0.519881916726547,0.12709127202665751,-0.5037648524098348,0.15935062352367413,-0.48033989526564286,0.17571240144503222
3,0.0,0.0,-0.15720343586512883,-0.18632828969328158,-0.3541025214162562,-0.26058977661930355,-0.49223912222457733,-0.16554754741371083,-0.5739690525955917,-0.035574633435911274,-0.41288729341796465,-0.39804935940552993,-0.6262825233235024,-0.4894681651890855,-0.7513171081369648,-0.5360153818706683,-0.8625438003358301,-0.5732102118362578,-0.42782213872698127,-0.273494694984862,-0.6924336597217957,-0.2507213696803755,-0.8486389326252458,-0.2174085102266181,-0.9811297113978917,-0.19335069022966975,-0.42320935666119064,-0.12192219462751566,-0.586812638466232,0.008903504733855464,-0.5114968451019072,0.03298182560635903,-0.44894620687269615,0.004766240901896716,-0.40244341584363896,0.03665360897757927,-0.5018988625753855,0.12826470616857258,-0.4449989802025228,0.1309887706412022,-0.39075740638194056,0.096880672867413
3,0.0,0.0,-0.1455276667781147,-0.21710813768699264,-0.33878461575982527,-0.2891609670788645,-0.4739774340733007,-0.182042044737003,-0.5568468870903669,-0.04891345182756624,-0.4134651466044639,-0.38923868087771074,-0.6411114433087723,-0.47521478550483043,-0.7886178679317283,-0.5090445135323681,-0.9025465727552103,-0.5355380219612975,-0.4210974982917082,-0.24457533057574074,-0.7104160377750953,-0.19268979594460148,-0.8716344004840346,-0.15033304217887059,-0.9914737296060165,-0.1303067285336243,-0.407315966474416,-0.08432876899110789,-0.588333028279553,0.019554582940756425,-0.5119223398776866,0.03148380944045674,-0.4441170598443792,0.005104197968695073,-0.37656594042257824,0.07812559990970963,-0.4799761267276577,0.14396521576411805,-0.41350084029655265,0.12958415547543517,-0.34937972325572497,0.08583436120916414
3,0.0,0.0,-0.1475683493838577,-0.22875999605590586,-0.34292081820615977,-0.30624228566219974,-0.4786377284550051,-0.2235369109502265,-0.5655292380301742,-0.10613567688520016,-0.41934367326719163,-0.3886888144458751,-0.6491636567610508,-0.4673156840718871,-0.8014369386500827,-0.49417576390664764,-0.9201564531886689,-0.5177278406951276,-0.4221027920942104,-0.22824073767001812,-0.7258450813040349,-0.16310850425748347,-0.8828063403223753,-0.11420966100464973,-0.99650227186805,-0.08356567573959492,-0.4057554138913253,-0.06023931739232746,-0.6262350125563728,0.009439260471767739,-0.5612389750434552,0.016286467858063182,-0.4905667568643595,0.0013619589961705197,-0.37124680086305023,0.10588199128868747,-0.5150599030877779,0.13405961440675285,-0.45795677733791784,0.1198390300896333,-0.3895165869534935,0.08462068714332674
3,0.0,0.0,-0.13779207000302363,-0.22270934627124628,-0.34151050349948975,-0.2730068271819877,-0.4691552104742529,-0.13121850336067753,-0.5361861980325952,0.03964015908879813,-0.4188698765583863,-0.32820954411155984,-0.664757086492681,-0.40647424452298514,-0.8272832329446185,-0.43491831419415317,-0.950883743094775,-0.45230550115886725,-0.41853341554990675,-0.13834986430749663,-0.7126396803249899,-0.055701711179208614,-0.8773570156577094,0.010301511618087874,-0.9989151107404179,0.046568245988641226,-0.3875850225194579,0.04484821001526047,-0.5759881378938412,0.10177171538692241,-0.4838479144873538,0.09733150503029062,-0.40505777592594505,0.06792642532212337,-0.33642768486532093,0.21467728027968266,-0.46157742059190165,0.21877285996756507,-0.38184863106370576,0.18970069391539185,-0.30949209996475796,0.14746484026692713
3,0.0,0.0,-0.14147985404947166,-0.26554166123916945,-0.33506931071375334,-0.33135572791528745,-0.4692057562280283,-0.24457257568419954,-0.5556953513643385,-0.13941542172433227,-0.45625453539214905,-0.3801856875281306,-0.6790815617097685,-0.4107753471031548,-0.8103759704269201,-0.4129969461326589,-0.9147250479876741,-0.41675485173422194,-0.4860842707309835,-0.21201405482821425,-0.7276223639178473,-0.1502078613270087,-0.880214205426148,-0.11024335856674833,-0.9969932220319437,-0.0774888070779473,-0.4686398257311296,-0.04535689320177215,-0.57680978964123,-0.034456253815064425,-0.49183108064579056,-0.06333516725657559,-0.42552498196984945,-0.08132387020622543,-0.4307875000802273,0.11862264967285917,-0.49401821543685703,0.08367770436335216,-0.43494194811317616,0.04645062354878736,-0.37915045676314435,0.011052184264944335
3,0.0,0.0,-0.15842576359874674,-0.2644176438688522,-0.3526093458569942,-0.3275291147731424,-0.4912848874322763,-0.24376905915274522,-0.5740875735115845,-0.13976749977069303,-0.47545331684413433,-0.3594959091695223,-0.7076455969807169,-0.39030461129035027,-0.8425788446677189,-0.39397936222710783,-0.9439660360145227,-0.4031260038598433,-0.5090693195046824,-0.18637246782033953,-0.754559687986411,-0.12575900875014753,-0.8962530320607592,-0.08789898823994896,-0.9986067091752376,-0.05276969196614927,-0.4863540033467752,-0.02889876977630448,-0.5852448403552236,-0.03524300048176143,-0.5159973202107825,-0.08033119417709618,-0.46257590091853185,-0.10471892353957173,-0.4410761921384547,0.12538358596438465,-0.498493833666795,0.07225057093139554,-0.44741644485412874,0.029210378975966386,-0.389390170889002,-0.005360341232481916
3,0.0,0.0,-0.12804567114380194,-0.1963820849953082,-0.31978182063428234,-0.23969523368042783,-0.46164318939651977,-0.12034103461230089,-0.5335042747207458,0.008338008490824013,-0.4360695283455727,-0.2770982393286385,-0.6593228172901893,-0.32700363786612785,-0.8075309499194182,-0.35495950941282367,-0.9208389469284818,-0.37037784099927146,-0.4468029727763762,-0.1073380677174131,-0.7035771465613165,-0.03923445791846118,-0.8727008663152475,-0.0010612966068975745,-0.9992949090768769,0.037545767977714806,-0.4238475873421727,0.05536207189070686,-0.5501936983170934,0.08309347322641836,-0.48210059640533853,0.04023379422499021,-0.41600815998179974,0.017997655552374862,-0.37983892522689267,0.21129005937082557,-0.47665932254197874,0.20101606324918772,-0.4243570387007586,0.16038133877649108,-0.36996912042140173,0.13436000549685778
3,0.0,0.0,-0.09599120571235842,-0.27225779736936195,-0.29343215372182657,-0.34703265644083103,-0.4657962603914471,-0.27957877401965286,-0.5614205031286482,-0.2417326658787806,-0.40323736068405597,-0.33355678751353857,-0.6348696544576725,-0.42285666999150695,-0.7964009699003464,-0.45253717386229025,-0.9247111362430025,-0.45929359208926224,-0.43489934407440606,-0.13673765741160493,-0.6907039802477344,-0.1056345064961522,-0.8719488320087263,-0.08254868792324065,-0.9991260642057969,-0.041798418925046425,-0.4126512217100454,0.04148700769510184,-0.47231610653889666,0.009301351162267536,-0.3801475239017258,-0.04916279223705862,-0.3135871908000177,-0.0753321847178344,-0.3732759839749098,0.1913095622575656,-0.40412930271975855,0.11544275477658116,-0.33829897781418183,0.08793871403740415,-0.2927678432496899,0.07174271824416342
4,0.0,0.0,-0.3313504570608196,-0.18246350461609417,-0.580708141780969,-0.6876766532973162,-0.3799065892066289,-1.0587287301981543,-0.06491277107575304,-1.1593820447001826,-0.4492448747924162,-1.5651572553226083,-0.4856954279583966,-2.2786707450535064,-0.4965365742210728,-2.651764172524449,-0.47127549588998696,-3.021418581029261,-0.1289042130779885,-1.5308416660305162,-0.11246513638595304,-1.577340917957376,-0.17925714010882415,-1.0906228553657082,-0.18487655080013687,-0.9827617518830515,0.14596128271190137,-1.3893697580668891,0.16322038291770088,-1.3467439198630975,0.029711846662605998,-0.9367173590167468,-0.0055140412982166865,-0.9032386291194094,0.39094599248165934,-1.1931614982648686,0.38531119727840696,-1.1651808446061878,0.24896320261211205,-0.8633869377195269,0.1973205890426379,-0.830811830193286
4,0.0,0.0,-0.27761424794334993,-0.3137628695172827,-0.42578264928531084,-0.7530790508809844,-0.24194598716725274,-1.0349571726936675,0.01613930386505129,-1.1343506548150186,-0.28310167267813413,-1.4308944963297603,-0.32942181258449843,-2.093762454767784,-0.3482175602862748,-2.4594135035513185,-0.3251981180679945,-2.770367017363625,-0.008701261122220982,-1.341916935610597,-0.03867531425215886,-1.5448267621085636,-0.12270416066778118,-1.198656045541569,-0.15660888054996,-0.9876607001055009,0.2244820442560657,-1.1794188367975622,0.16572703444771328,-1.2984920123829296,0.045113479724268074,-0.9780360816265454,0.008973559411457544,-0.8083282202154161,0.43942443528883995,-0.9855201898694346,0.40297485244785625,-1.2110991048657898,0.2822540674770519,-1.1086409873933032,0.22247461213128036,-1.054658875229934
4,0.0,0.0,-0.33246491383771193,-0.15753302510070125,-0.49055974770031013,-0.6289100149791663,-0.2670745803486244,-0.9118299605442205,0.029486196675171866,-1.0748191907618816,-0.32669609703872093,-1.4249570212904867,-0.3908037984990873,-2.1178925218136446,-0.4565217209883053,-2.551265363680859,-0.49443441175924685,-2.9096249451801524,0.023346452253465,-1.3454462634971354,-0.01078271303250611,-1.58234345987362,-0.12023153637475029,-1.1738852273315066,-0.14012874413656867,-0.9901332915656902,0.3047779073325176,-1.1614422626543701,0.22830180911916897,-1.2281706761157807,0.04975369472702106,-0.8333006950858906,0.017043550664377953,-0.7051021814813123,0.5608419282137201,-0.9110039773843583,0.5022984597604345,-1.0615728682352032,0.3149220130145747,-0.8848456133243257,0.219448620790739,-0.862504872047915
4,0.0,0.0,-0.21403683892025996,-0.07006836853457517,-0.330646431623204,-0.25255173676614806,-0.20334002314972732,-0.40668979684773054,-0.05339702038591381,-0.5665419103749273,-0.25515443668809096,-0.8383372827872951,-0.2900999373972497,-1.372646434276978,-0.2992320223254048,-1.6971179829705738,-0.2784635866535565,-1.9582633190285423,-0.03319667022909491,-0.8084706569503463,-0.08253839115586155,-1.039628413941562,-0.08338808179133662,-1.015229524128304,-0.03965780139737545,-0.9992133199614216,0.15239131900472064,-0.6753972634834716,0.17929331385396002,-0.7446997496665626,0.12615561162100405,-0.5599797913852174,0.10464404487698209,-0.447553880360387,0.3265783635889336,-0.4994323689302783,0.34995321367730614,-0.5869809168085954,0.2744479858552471,-0.49950526588643657,0.21808935250847114,-0.449624478933557
4,0.0,0.0,-0.3879319976778005,-0.1241416454544864,-0.6263954983620004,-0.44892990669576843,-0.4734499055477855,-0.7254649864637006,-0.2720565464431319,-1.022675377351149,-0.4616904322156353,-1.3868728437999736,-0.5122574390882303,-2.263328519969967,-0.532807137038695,-2.8100189947206027,-0.5369018951598903,-3.2519097474936216,-0.09394439374110759,-1.2962493000511046,-0.04536330795222773,-1.5342877966694648,-0.0741738056919374,-1.197894188683826,-0.049498524302718755,-0.9987741967491216,0.21936875772250272,-1.0661610381475863,0.250369779591223,-1.1535003369688173,0.12769580456899712,-0.8629389670787666,0.09109189591752531,-0.7333978819374156,0.5212518814353708,-0.7976609627177821,0.5829040578185208,-0.965487092266959,0.4261237955000116,-0.8794278147573505,0.3209998297133257,-0.8861392570228045
4,0.0,0.0,-0.2753978679707082,-0.2884031683888382,-0.47123956063931816,-0.7683539529285791,-0.29999223996681357,-1.1070525892021388,-0.02846897182788175,-1.2796868941528161,-0.33196812218571736,-1.5779013084558002,-0.4209776021485345,-2.3128678721035576,-0.47003352708840984,-2.7094836879130004,-0.4625789054606561,-3.070601174938965,-0.01637055746205125,-1.4677446592405194,-0.06999990541273392,-1.7359849206661049,-0.10811470860105019,-1.2413911402372355,-0.06593612982063575,-0.9978238455680825,0.2537044955970579,-1.2742452732081646,0.19480229219482892,-1.4674013402680837,0.07102194192783808,-1.054496760380883,0.05985326092835567,-0.8751337691274873,0.4884137342941696,-1.0362847094065204,0.4536440825134118,-1.269473230880562,0.26797766962945424,-1.09108170742051,0.16183331339194912,-1.0173272267324678
4,0.0,0.0,-0.2800471921377908,-0.31060418706453385,-0.4510180510267517,-0.7659271763894147,-0.27909059974563877,-1.0829070108676249,-0.010772702016234996,-1.1793184423911853,-0.3734942773794601,-1.4932570761559982,-0.4507861250650077,-2.133281976932175,-0.4749851872520031,-2.4795966301027677,-0.4597075073889667,-2.7867829752328346,-0.09470155668926922,-1.4159490127304697,-0.0907413731991379,-1.6253776111183922,-0.12593961269521112,-1.1992425449590078,-0.11567736582156893,-0.9932868402614539,0.15029320134555416,-1.2578639439239976,0.12446956729257068,-1.3496882287670717,0.02557099554941512,-0.9911888778014007,0.014886594369378774,-0.8544296873374048,0.3654747082251965,-1.0581192764393053,0.3266989221958528,-1.2103286604370591,0.19282340811401075,-0.997700791937606,0.13387333381428157,-0.9016940725799562
4,0.0,0.0,-0.3238030790173839,-0.3046291802898367,-0.5311105243710351,-0.8162665507647704,-0.3342678734977223,-1.1763331254726839,-0.037725622294847036,-1.2787973163433743,-0.39063883021089335,-1.5874869609072377,-0.45582583220748335,-2.3181281904609166,-0.4817498970693661,-2.7239648546686137,-0.47105549389363555,-3.0818501467703014,-0.07796690515577864,-1.5153224307413447,-0.12484691979398656,-1.733765223823391,-0.17964072088910152,-1.2308802432531798,-0.17638171527720378,-0.9843218429537524,0.1981015295978866,-1.3774637524323525,0.15945148142700516,-1.4970822440862535,0.04697557259493344,-1.0803644792215428,0.013311612793006238,-0.8958324790334045,0.4385376304629681,-1.1977315175752898,0.3910204629283489,-1.3541101666509143,0.2655187165092777,-1.0775178106862366,0.21661131550392757,-0.933939734045707
4,0.0,0.0,-0.33006814990158856,-0.20474022260847952,-0.6037204761289713,-0.6787924139638023,-0.4879417554631825,-1.0326501766621634,-0.21240930794445553,-1.1121189148321533,-0.45331721543013986,-1.4672558154740372,-0.513902947567337,-2.1259003712460682,-0.5275605777614255,-2.483994289231825,-0.5170931593353825,-2.8388058381335575,-0.1758846185103648,-1.4502768804302066,-0.20640773781220015,-1.5594233555931407,-0.24541745347337093,-1.094202860333586,-0.2353350509464567,-0.9719143037305443,0.08227029256441488,-1.3424935772375237,0.04957713457902105,-1.297945458988084,-0.0481132618334064,-0.900131317645165,-0.05587240363469338,-0.8526470505018231,0.3150240983231871,-1.1713581417477337,0.26188728237193665,-1.1651214163973491,0.15534530181074863,-0.8828334734698987,0.14327717523223427,-0.8395125321241211
4,0.0,0.0,-0.3528662657519641,-0.2957898474684482,-0.6352294211914102,-0.7527861705700264,-0.6038363838431506,-1.1433967826473346,-0.3258300985755565,-1.2725304824247075,-0.37754581003574805,-1.6300942596146388,-0.43408549591204587,-2.3058371252027143,-0.4856500399983689,-2.706438018453058,-0.5036476334372246,-3.071452229655074,-0.06507578985070883,-1.617026516573587,-0.29710219496659,-1.6643285230467513,-0.35391473207072155,-1.1786958349453829,-0.28257696610248584,-0.9592446289806968,0.19739488617743992,-1.4846452181076086,-0.0423042189871041,-1.36754300020042,-0.14058462834791438,-0.9700486847130596,-0.07952227345342527,-0.8496012269341441,0.4245625395582266,-1.2857954194816712,0.2047914998988283,-1.2232934453360411,0.10216723428891639,-0.9255101884121826,0.15407058151667238,-0.8196686164084286
4,0.0,0.0,-0.3966715202995684,-0.22842097575075243,-0.7417911593081791,-0.7324420522349909,-0.7506916081537611,-1.1307160999758437,-0.47235481587176115,-1.1865951453679489,-0.468791359876613,-1.7419193551523313,-0.5973134733781639,-2.458386516227046,-0.6871457308546728,-2.9017188012973634,-0.7379345222390492,-3.2812369877961123,-0.12608841694277925,-1.7684762748500495,-0.407053406775436,-1.5998840205729397,-0.4058064985493504,-1.1084939945970704,-0.3127656315436196,-0.9498303320725869,0.15300837424871205,-1.6131066879243252,-0.1615539766283679,-1.2991296946211546,-0.18673578899569487,-0.9168623753106048,-0.08139700369296417,-0.8644180458848513,0.4027584663189513,-1.3724061080343308,0.11341200605211504,-1.1556249000252008,0.06471126047692659,-0.8584552033986299,0.1518993244928382,-0.7996338378766019
4,0.0,0.0,-0.4018099974388373,-0.2645931059843064,-0.7256359578308912,-0.7178621747840175,-0.6859305781613755,-1.0816068766385365,-0.36907555702721007,-1.1166699347273967,-0.46420043396866706,-1.7993442239978303,-0.5600428099819296,-2.547832048818069,-0.6302409950319349,-3.015266099293215,-0.6584730274750104,-3.436265382252611,-0.08530859653686525,-1.814270411585081,-0.3785136482658748,-1.6612868163892562,-0.40130223947501004,-1.0944096186969259,-0.30515434661560087,-0.952302905981918,0.22483798499982835,-1.639647189211002,-0.08418196006330696,-1.379569939453712,-0.14292541855243862,-0.9412787823122696,-0.044339597812378444,-0.8908985026592624,0.49728314979181587,-1.3689465049208835,0.21787420090509738,-1.196120521601112,0.11185382081725688,-0.865244742742867,0.17974511229985696,-0.8084455058765191
4,0.0,0.0,-0.4164641695877186,-0.21261819643006713,-0.7197387102886068,-0.6578957839266774,-0.5583392846615272,-0.9455628209152913,-0.24899289482358927,-1.0402725545286577,-0.4887620622222626,-1.7512987651965612,-0.5583960138125967,-2.5174084824694907,-0.5970362183036678,-3.003765295230866,-0.6061488164825004,-3.411557058234268,-0.11325667242900332,-1.7600274018485071,-0.23130388044216144,-1.5580380190894934,-0.28884487390817976,-1.124405379148782,-0.27035666057737423,-0.9627602381078326,0.1850220430325403,-1.5851864946408971,0.02155641196181562,-1.2441970501476134,-0.08990439188714355,-0.9220712960935337,-0.09403197830117553,-0.8814851652679766,0.45382289416474797,-1.3371310448797022,0.31218001925191585,-1.1153729670427222,0.1773592822483427,-0.8779589743997399,0.14055054762273764,-0.8612759458732011
4,0.0,0.0,-0.4512422755663214,-0.23631979047085322,-0.7604051238264232,-0.7809968510937693,-0.4993466050706259,-1.0717691183645859,-0.09292727084853004,-1.1548480050380274,-0.503052072563294,-1.9579618112836967,-0.5247566484456024,-2.8597363028553966,-0.5205877817365006,-3.3825609064718853,-0.4954282347922618,-3.8626664702363107,-0.07139397621633552,-1.9880777734398012,-0.11337150060038037,-1.6922476264763682,-0.1690204526950932,-1.133281911868577,-0.16098826354500984,-0.9869563207157461,0.279439701333822,-1.807943603527064,0.23864637676859451,-1.4295190675808813,0.09074492139299004,-1.0136247921780666,0.04288936208062045,-1.0042678106488818,0.5984052843428901,-1.5338387473115747,0.5735965474842711,-1.2383365857207003,0.38806040094419797,-0.9212821408707991,0.290357586349488,-0.9251926471723942
4,0.0,0.0,-0.3446614953475595,-0.27225221927934246,-0.5200836162721576,-0.7267081432809641,-0.26286776207116225,-0.941439586549828,0.07947087323464319,-0.913104350572391,-0.3096341643810095,-1.6480836333033293,-0.312817913176156,-2.4308111292510204,-0.2944059917488141,-2.8674105077107317,-0.262505316359041,-3.2562087494647525,0.07290932285157727,-1.5783096262358098,-0.0559734856429805,-1.7023007006104018,-0.11478046280886291,-1.209000218721916,-0.07815869145739714,-0.9969409305217974,0.3641989229729842,-1.3937711937803177,0.2217497393988861,-1.4450534130644614,0.09084974410474374,-1.054085789386607,0.09051103377554016,-0.9230074579721642,0.602732144082009,-1.148619970566693,0.431488733544593,-1.167455921402375,0.27683795940872086,-0.9191661749205146,0.23329315420732133,-0.8301931298083561
4,0.0,0.0,-0.36490943655270663,-0.2906609635666673,-0.5264978831693982,-0.7843946826638948,-0.22629638608957803,-1.0248841746687274,0.1234207576682941,-1.0567817749982187,-0.3304909550791468,-1.7938129859203071,-0.3372231415912845,-2.613846491225838,-0.33350066705241904,-3.0879297664786534,-0.3174907630340229,-3.5022536464518033,0.09161585466223844,-1.6964943363713494,-0.004914346866036285,-1.7733390287755604,-0.07055342574511916,-1.2372711017091442,-0.053964423840990185,-0.9985428588495889,0.4091663328259652,-1.4707791312534242,0.2825640085960069,-1.50513893914024,0.14078675062054669,-1.070468691034937,0.11252621830720484,-0.8941819901674146,0.6598132989572284,-1.1914362678515595,0.49580048751075717,-1.2021662434249765,0.35652432136312634,-0.9010589511509856,0.3137116979943334,-0.7644255266737375
4,0.0,0.0,-0.4083726040049924,-0.2806444123299433,-0.5991535328493559,-0.7973397983902486,-0.3146020125417787,-1.0762217633414377,0.06103429581987159,-1.1854494129736983,-0.3566525776991872,-1.8630202988942224,-0.3849893325185015,-2.7823558017520043,-0.399716807871086,-3.303015538886167,-0.3737739522248911,-3.722055269430878,0.11700097766165454,-1.7643207568537098,-0.05817249655588257,-1.8263882727830547,-0.15477466577265678,-1.2644306638747442,-0.1116307930320993,-0.993749750212308,0.45062938652767776,-1.5129272111467478,0.20989621196398603,-1.535300728637745,0.01871813691787374,-1.075833150272045,0.01553776737925009,-0.8824016171895107,0.71266445937729,-1.2032552158238126,0.429032739628284,-1.2504914366235715,0.24203874381420332,-0.9486535678980689,0.20765022041837555,-0.8103947798010014
4,0.0,0.0,-0.4229604368251551,-0.23594136289869652,-0.6406876927979194,-0.6612285055040972,-0.382579384296335,-1.0144512066239388,-0.01986191108731865,-1.298735250670531,-0.383802037647072,-1.8778202064996228,-0.4375901165736286,-2.8649051371018373,-0.4731105014470535,-3.4726932889716835,-0.4800224528098083,-3.9520256105073006,0.07575013257250507,-1.7515996686110045,-0.04335671418037206,-1.9123815394053734,-0.11681914924904893,-1.3029422341786905,-0.0731539150642853,-0.9973206629318212,0.43178655189331766,-1.4797537484196215,0.31831738614022936,-1.5612597688901497,0.13318489430959052,-1.0724596658404548,0.1001102101606337,-0.8418943526734551,0.7619001984313439,-1.136929708137453,0.6631347887496226,-1.3473238021667542,0.4582968129603286,-1.1033632832918412,0.3534610850312809,-0.9790198709471838
4,0.0,0.0,-0.3904407404043712,-0.19099585518092296,-0.6343091770275425,-0.7081949621425792,-0.42273795111883095,-1.0807428832331731,-0.12611255428313775,-1.3103678607078486,-0.4381936971249529,-1.6366429851448983,-0.4940272931230759,-2.5584927858075637,-0.5214000116417135,-3.058788624520668,-0.5201004012427173,-3.482997013801334,-0.0646107403412231,-1.5323686076331366,-0.04624988073413914,-1.8191582140913887,-0.15342277483976105,-1.2763764344064528,-0.17255930359762175,-0.9849991303254556,0.25652288508745485,-1.3298651415908915,0.24193447190973055,-1.5053660159339837,0.03588598257767748,-1.0193681484806874,-0.01725290962493149,-0.7940807031752503,0.5568485084852912,-1.0794908407274877,0.4966817204541808,-1.2592856722718584,0.29646220771265597,-0.9423824644497444,0.22673878686776786,-0.7929703227167972
4,0.0,0.0,-0.2957572568578195,-0.11833405675731556,-0.4391534108677557,-0.48327419415997924,-0.24341361116699897,-0.737599063075764,0.005111545859303373,-0.9486572969991496,-0.2715676898626953,-1.208504786812843,-0.2918673622891307,-1.8948127414778186,-0.34351004266072654,-2.3176007635115394,-0.37835978347910226,-2.637371392896131,0.03623206403530825,-1.102900984637942,0.09368126442885757,-1.3794362964395017,0.019601430360199155,-1.1477304945204072,-0.015293516457784663,-0.9998830473382152,0.28448489576276653,-0.9170218116830305,0.31269289486763396,-1.018659059717618,0.14759132523862925,-0.7205986116448246,0.07003988826030651,-0.5532359250595175,0.5136776798241277,-0.6791482502330661,0.5200356585762403,-0.8555637105651975,0.36542841666349113,-0.7089523479144587,0.2687910611156811,-0.6140428963878144
4,0.0,0.0,-0.3033167494807187,-0.2651151901272553,-0.4697798231233205,-0.756394093236608,-0.2561917430557391,-1.0880804339045083,0.017347810923042644,-1.2607997182736836,-0.3084374525012475,-1.5164074736238216,-0.3532155897604949,-2.257261460070125,-0.39812618376379255,-2.671008632562292,-0.40090202889236,-3.031109387089981,-0.011105679112864903,-1.3995527548635234,0.031437932986992295,-1.683350236060766,-0.021645615646478256,-1.2373780042251519,-0.02536158760049569,-0.9996783432056445,0.24424276558324834,-1.2193071403814963,0.2683154140214675,-1.3893943856967186,0.13326929865367645,-1.0083363021394114,0.08532283055572572,-0.8355342682208077,0.48057432945135586,-1.0087405681673478,0.521161546821846,-1.234320293443844,0.3675321237860749,-1.0303979641316268,0.2751388039514146,-0.9282735271440504
4,0.0,0.0,-0.27193097366665564,-0.3377051720767207,-0.45350301368784557,-0.7923840564910143,-0.2881462915826862,-1.1217040029930239,-0.012159710008297072,-1.2273749444972433,-0.3165811274063873,-1.5055698076073087,-0.3769626029777926,-2.1631513379162484,-0.40330231802696653,-2.5134004923415136,-0.3925822131383898,-2.819115420232881,-0.04789348079386014,-1.4222232842956495,-0.07808303296041222,-1.6384165891327798,-0.10602148956640593,-1.2261873493147506,-0.0852966033434328,-0.996355603917634,0.18547457132303813,-1.2647315644290211,0.13901542623045138,-1.3923770347409195,0.03251679082366961,-1.057853932728881,0.016141809528694928,-0.8847224471760955,0.3881010996910611,-1.0582064568229852,0.35908056800697596,-1.2480553041343392,0.21312637156551503,-1.1026284447439618,0.13110339443228097,-1.0135304829328633
4,0.0,0.0,-0.31353759268967074,-0.2932271620297554,-0.5277968275611202,-0.7061118751412815,-0.4104390792028714,-1.0739275353774995,-0.14550412023386786,-1.2210844090428716,-0.4206582914114588,-1.4909019213606052,-0.4915287071331086,-2.1780125785824485,-0.5088985493017759,-2.541383179025335,-0.4993306074559242,-2.879594291698178,-0.1559326158519314,-1.4266246819370993,-0.14116022997419972,-1.66310948810235,-0.17778577977753665,-1.167446991100479,-0.18920078047149813,-0.9819384220351987,0.09416963677714271,-1.2960989630647222,0.09880709569707806,-1.4273971378785166,-0.010662152306847654,-0.9957486761163403,-0.058972170512248484,-0.8625428496650951,0.3040113168967141,-1.1162509859960228,0.2966405104414337,-1.2694540668926124,0.17003997884620065,-0.9640715828303646,0.11185946333895845,-0.8410300946683711
4,0.0,0.0,-0.32199555686771686,-0.2536673303460477,-0.5612356585350676,-0.7158964306800921,-0.4080270495416055,-1.0757937192264369,-0.11753397838842243,-1.2023212947132678,-0.4268078895397173,-1.5066343080027245,-0.5067102492448029,-2.200188781912476,-0.5257203327173413,-2.5834217753852524,-0.5156621133817653,-2.9530868074648318,-0.13496051183422494,-1.4559658877906656,-0.16391627955319843,-1.6643012924395078,-0.20075166211349546,-1.1501489049147477,-0.177255717005787,-0.9841648290752745,0.13028642015225636,-1.323259531501587,0.10877422978087598,-1.4356166079759967,-0.0027833007149308505,-0.9942216093432145,-0.007438108890576024,-0.896300539860082,0.3663453189033018,-1.1269577543323597,0.33211508048458965,-1.2662045291206312,0.20397013688157511,-0.9585154631569448,0.18148441725439063,-0.8700530974321998
4,0.0,0.0,-0.321403458993437,-0.20505247172523602,-0.5846850856110389,-0.6604106879772247,-0.46408816926557495,-1.0244406076685055,-0.16866121905550327,-1.1534891721907874,-0.4180328548693392,-1.5259106768542592,-0.48648570230497185,-2.2110340286983274,-0.5189108413058233,-2.6172549328709116,-0.5247531568504945,-2.9978421560843844,-0.1098483361325413,-1.49546776747006,-0.1525284580886507,-1.6178342824945988,-0.2039814045193735,-1.1156681994549886,-0.1715377789992536,-0.9851775425658074,0.16386767180240197,-1.3544691428463718,0.10444681977104846,-1.3077202602836535,-0.014546085316958984,-0.8821700817463579,0.004032794615814403,-0.8532954334247655,0.40924981605334015,-1.150527013188946,0.3252129767383986,-1.1490357193466396,0.19830194298102014,-0.8327044721029804,0.2035024813859529,-0.7938206324072202
4,0.0,0.0,-0.35959760458118883,-0.2338401347244522,-0.6615010621287072,-0.7383661990114373,-0.5260111112291384,-1.1140827175044694,-0.2072583680273567,-1.1895801996596236,-0.43597082694093603,-1.6482210066574918,-0.5059096014565587,-2.357812485498972,-0.5564440759913692,-2.7706732563859577,-0.5712322471473164,-3.1548582782461754,-0.09623509843570477,-1.63289239129468,-0.22185080279164754,-1.6533832414856744,-0.2738707268321833,-1.1494037979107752,-0.22148403602922018,-0.9751639973790086,0.18881355872074548,-1.4929507242568514,0.027539860304639296,-1.341084431531394,-0.09956864653943502,-0.9313237515567379,-0.0704243654737362,-0.8536915515493803,0.4334549304807888,-1.2901863520165908,0.2482397742900493,-1.1705489164762841,0.10901708187191096,-0.8674483933930166,0.11992111360154245,-0.8041833327690201
4,0.0,0.0,-0.3604600025128936,-0.21299184643898944,-0.6427770450898335,-0.7019864163495746,-0.5348180285963916,-1.0830781816056343,-0.22427622896851626,-1.1925906627140501,-0.42014832746678576,-1.5956093691350757,-0.4811342090356625,-2.3026689760133063,-0.5290411811508396,-2.732870142272131,-0.555047804624846,-3.123129770189599,-0.09689551766427196,-1.6090685012325219,-0.2375817874393848,-1.5753646032829103,-0.2695089588804805,-1.1210381805587317,-0.20240081532255713,-0.9793027672567682,0.17218940216469122,-1.4803500202285298,-0.02035517166911383,-1.229873236941746,-0.11395898169961541,-0.8535136437249169,-0.05535655416724993,-0.8143397573170681,0.4045469477749473,-1.2738055275803197,0.2021379168759332,-1.0993971991076377,0.08932090030384046,-0.8076816811968128,0.1222887114294892,-0.7642633685520225
4,0.0,0.0,-0.3394419111020182,-0.24340777180030224,-0.5868498901843697,-0.7763207755205276,-0.411524386416742,-1.0990327441810557,-0.09696886256935724,-1.1393182962577573,-0.3914968102818914,-1.6469199854843621,-0.43907670359009904,-2.370184643423203,-0.46779720611401376,-2.78141257236676,-0.463330803779445,-3.1560534494266244,-0.06932467711852529,-1.6029798258361119,-0.11830038495370057,-1.5894381500909882,-0.17672423474784862,-1.1276399424960846,-0.15511739917640593,-0.987896043353119,0.1998082538920224,-1.4354170456924493,0.12774648539539613,-1.3586670785913506,0.006670074412664735,-0.9795453627533145,0.008780711631984586,-0.9074103912800336,0.43303789548408317,-1.213785555397599,0.34274377365259573,-1.201201934546142,0.19755164818738133,-0.9390049126622857,0.16737233574623048,-0.8810485703246209
4,0.0,0.0,-0.3157037443733602,-0.2417183448944747,-0.5192923525360216,-0.8037356506659061,-0.2767681098555254,-1.1136074226296788,0.04018928682068729,-1.1378205627750253,-0.3196639882484723,-1.7000125652211502,-0.3412248466686142,-2.439219065944561,-0.3479800864781365,-2.83675402150733,-0.31766930825469175,-3.2262776711867445,0.002874801237443757,-1.6395569555291511,-0.017983197245394923,-1.5995963735088399,-0.09713587695018952,-1.089450704380995,-0.0807902724541886,-0.9967311231604931,0.27128613423806996,-1.466647074803732,0.2453513719410805,-1.3698304190656767,0.10092851460286249,-0.9569669617536973,0.08256695875631785,-0.927442620287746,0.5070282839068888,-1.2465141786212601,0.4922303591912687,-1.2207085530717126,0.32713355340745387,-0.9174604703990402,0.27212069555448154,-0.8708282253893967
4,0.0,0.0,-0.3071477562128336,-0.3461433044361301,-0.4732893656361089,-0.8504293013206449,-0.2201085959132388,-1.1000899715949428,0.0983263449259456,-1.1235504854932516,-0.25385437788864035,-1.6423981111446937,-0.27179441511758173,-2.3621840030117838,-0.26950547210708914,-2.7722198627421837,-0.22909099808954284,-3.123475562286802,0.07347109637743346,-1.5235784113336632,0.021787869081381202,-1.643680817758777,-0.053346944428867525,-1.2062816062239035,-0.04037300348489524,-0.9991846779197571,0.32876830321455996,-1.315402385211158,0.26290532163974273,-1.364715168380466,0.11402294153438655,-1.0233942533140763,0.08392599045266155,-0.8939739365839189,0.5420742918239682,-1.0618043182534862,0.47545879287541953,-1.1563245898494532,0.30168660544434195,-0.9569149735456942,0.21706569557996444,-0.8845823008874953
4,0.0,0.0,-0.3192258726327131,-0.2848823661306379,-0.46186893846680527,-0.8156532574648645,-0.1750715318098282,-1.0718776447539677,0.1632967109512009,-1.127471739949806,-0.2299270641733057,-1.7294694165666462,-0.26364048216653996,-2.5475509588108007,-0.29245514614204793,-3.0413429867368196,-0.27247176520915783,-3.4590300653961292,0.15947466503359817,-1.6013066685305777,-0.015949743124964555,-1.7280642723203097,-0.11025209715537526,-1.2374382550127045,-0.06163049042134446,-0.9980990344902777,0.4463105733794789,-1.3671075908754384,0.23191843848286256,-1.423802834373922,0.03428826494843083,-1.0140658522772779,0.03140197746983471,-0.8287301050030256,0.6866913482860737,-1.084076653785125,0.44983096693445374,-1.1639248042065076,0.23144871787823776,-0.9032529696530882,0.18139216993863186,-0.7713066773883206
4,0.0,0.0,0.32521334282408054,-0.21277430834199326,0.5587961261086071,-0.6935746308565401,0.3487897065346411,-1.162943989147785,0.07863981804058766,-1.3977375137477321,0.48308892603034337,-1.4436849056008287,0.507397549361139,-2.096793572463805,0.5023678666623737,-2.4973137248056436,0.4941461631769174,-2.8757385421221415,0.1859988379326145,-1.4203269633053222,0.18589408331415713,-1.7159357305152692,0.18723419731387897,-1.1802043944818967,0.2363107133522078,-0.9716775425803412,-0.07309118359180741,-1.3065098284904602,-0.10692824026507894,-1.545577399963982,-0.038111322698767616,-1.0647729866135678,0.04917294288377079,-0.9260997869681055,-0.3280173916591486,-1.1228070452389718,-0.34531015842699586,-1.341104566406856,-0.25932035019387534,-1.0086923021147685,-0.2059409322789798,-0.8734445931029915
4,0.0,0.0,0.31064372444937965,-0.21148149516674475,0.5553635706147901,-0.6898974296564548,0.3553561734967281,-1.1480358910059678,0.07765523370052915,-1.3667850466290297,0.4268878429590591,-1.355299483849822,0.4631285552173957,-1.9913997840281916,0.47021026333714944,-2.3700913679050766,0.45415852209190877,-2.7165973985985756,0.16095544904673278,-1.3213647203786583,0.21881109313065406,-1.6696168155497302,0.26322336197755014,-1.2013320676856267,0.26495719274877017,-0.9642601754768736,-0.08255039400711378,-1.2094314803601511,-0.050485639935600825,-1.5066760107291628,0.046809516036908104,-1.0533449066280678,0.06754334137751343,-0.8680341755327108,-0.33302280852721033,-1.0381577738409533,-0.2612045208017553,-1.3244341922560363,-0.16637505086794094,-1.014478771079515,-0.17709569241907472,-0.8434820356721457
4,0.0,0.0,0.322029703816445,-0.18964684223742448,0.6302493313151641,-0.6999611107907028,0.4802051878620278,-1.191319096831696,0.21573573558169468,-1.4817466789772256,0.46813388679140483,-1.5010352397020361,0.5036434359976354,-2.192783835470046,0.5138508837107372,-2.607334149209415,0.4960398871286965,-3.0033929593240756,0.18006131068445816,-1.47660299961318,0.2896068360093631,-1.788293702602914,0.30826700557084724,-1.1807837928594673,0.2826383112338484,-0.9592265556284804,-0.08337940572306587,-1.365786478539984,0.0020088302582333536,-1.608791453169568,0.07775689197671179,-1.0360305166477881,0.07499964610576085,-0.8925393922776026,-0.36654298184990836,-1.1906548562604593,-0.25321036929289364,-1.4301920718640773,-0.16099921714442023,-1.0279898261000135,-0.20093198316453445,-0.8858259194570445
4,0.0,0.0,0.4287488817225627,-0.22174863841517514,0.7228101406795645,-0.6746863063892352,0.5633528484398431,-1.1889136640136417,0.2551221385502402,-1.4110257353273072,0.5224248193355511,-1.367979019847937,0.5049894584386208,-2.031953058452138,0.4783128742745161,-2.4356103888194074,0.43784052132724877,-2.818735976476238,0.25545094560093223,-1.3504090336547672,0.3298499812276891,-1.685803305631909,0.3575606317104402,-1.1755796655367163,0.3528853112373318,-0.9356665843733715,0.018028986431583183,-1.253198350995144,0.10315123161127882,-1.5075181394002037,0.17674140743346906,-1.0058069177277282,0.20256647274851966,-0.83392337823696,-0.2246583176573561,-1.0991504472018536,-0.1051229658883013,-1.3020703806046976,-0.02071179711899016,-0.924377172957236,-0.026166060664167587,-0.7639575591555061
4,0.0,0.0,0.14974660425083075,-0.10063181149666692,0.254073022345597,-0.2747564807850276,0.21762416570874102,-0.4329622248527735,0.10886572639123794,-0.5078436232989267,0.1553968836175351,-0.5111571832723527,0.15299898721247815,-0.7057601753442299,0.13464129432062166,-0.8326012491276662,0.10828815998138203,-0.952251274741734,0.0723763448548599,-0.5081300685288823,0.10030423522552975,-0.7280884857684308,0.12455483733122943,-0.843478158136904,0.1321213902586701,-0.9912335437403822,-0.01189085411811448,-0.46924326684160833,0.05792991090854789,-0.5624593247965564,0.08226675831323056,-0.39398645022904877,0.06988640150922171,-0.32634086784340294,-0.09768734849805516,-0.4075052276612999,-0.00995743540758033,-0.48765395383283994,0.013400752991976177,-0.3715070806441291,-0.006879707835540052,-0.3165899535583873
4,0.0,0.0,0.12509944196316156,-0.09354542673859134,0.2282039521295045,-0.26758586580701016,0.20088527955791322,-0.4263553288306089,0.09365248077471439,-0.49115087138935365,0.10814669049865896,-0.5249152702517316,0.099778895502268,-0.7353634731185539,0.09052052565913168,-0.8795580426502743,0.07468133973027381,-1.0096363763020975,0.023005051859355617,-0.5222486347106198,0.07668150144062129,-0.7558081569912378,0.11259512342405911,-0.8586212988259028,0.12064018334871524,-0.9926963010717771,-0.05829383727759122,-0.48052911241719987,0.011042665463358388,-0.5580989680504033,0.0407824987637586,-0.3893657073777891,0.029050967873489125,-0.31569430265553866,-0.13973383048116525,-0.4071623999516074,-0.05686484632349925,-0.4885626064347554,-0.026840676762938158,-0.3646240114354658,-0.0436748082842171,-0.29619945733758346
4,0.0,0.0,0.22182313733349332,-0.14744754920501382,0.3769716408412481,-0.3872005321802611,0.3089792442485433,-0.6058666931590437,0.16175420166886148,-0.7135485127159712,0.24415429491056476,-0.7601009562091844,0.22195376181118823,-1.06451122323591,0.1965025378019612,-1.2542892836047124,0.17472568349446688,-1.4260219257728382,0.10090675458806798,-0.7411076597845936,0.14822383555492213,-0.9172153711948726,0.159605965644406,-0.9195577115283677,0.1645728370668173,-0.9863649331255541,-0.026418211625669926,-0.6769952551926782,0.02728428594321224,-0.7480164905011526,0.06439354825733482,-0.5669018564759024,0.08826117952544889,-0.5020711481429153,-0.1371643400721697,-0.5816832333692085,-0.061391279450354976,-0.6221490735695895,-0.032023284404033535,-0.49569816573465586,-0.023880981665634,-0.4552613822818181
4,0.0,0.0,0.32769541787866746,-0.29657141606557524,0.5949709896474923,-0.7588422195147558,0.48370352225497043,-1.1571035925439075,0.17491998755222263,-1.3059091395119529,0.3343703400890392,-1.4672122276133974,0.32444186570177047,-2.131856962830576,0.3091736121142578,-2.502884536958172,0.29735157088859526,-2.8661286660416705,0.08871472956913078,-1.414372330879046,0.1569067888192839,-1.6248938856539195,0.20146718678229955,-1.1387038841806616,0.22245485791804676,-0.9749429912505969,-0.13146309110123958,-1.2954632047102284,-0.08073360301838754,-1.4619768390483476,0.005836757907794484,-1.0133471166780974,0.04196133542677218,-0.8910996044237822,-0.357659626520749,-1.129798173738206,-0.2908646839616174,-1.3149530684410073,-0.19053312665600938,-0.9761100521240579,-0.18124698502529563,-0.8198372712385222
4,0.0,0.0,0.30692296500526406,-0.29875360849751115,0.5375899093188204,-0.8851082583396755,0.2925458248354604,-1.3001995195442184,-0.05887163965529803,-1.3972799181573259,0.3013626544584211,-1.6522524420394342,0.28013548761839135,-2.3453705389256556,0.25112832453604694,-2.717847312091547,0.19929838790600643,-3.0767925261759816,0.0065823017318560615,-1.5575835468310741,0.08028913998504009,-1.7993501918101862,0.15616315083200394,-1.2201579615177607,0.15097036131988215,-0.9885382895988117,-0.2370362251995183,-1.3782448729351637,-0.19950582525925772,-1.5895725776932041,-0.05724535907665687,-1.063715848084979,-0.022909847762076177,-0.8881044028981178,-0.4795255437517119,-1.1376989632083025,-0.4308683031310239,-1.391992138593153,-0.29674114812392455,-1.048869411824685,-0.26635422626469035,-0.8822308513462971
4,0.0,0.0,0.3393926437811151,-0.23081802339935503,0.5501987101830018,-0.7217990444115184,0.3255860223298283,-1.1418866939101828,0.023574845485601983,-1.3117404983966177,0.3881965404756249,-1.525280951046148,0.37358541613090396,-2.201527835366867,0.3347849090842797,-2.613818565799003,0.2985517724210943,-2.980383193350891,0.10682077888525451,-1.4763869343545308,0.08529007603590918,-1.7011744745933968,0.09883424398630264,-1.195014671211253,0.14799918042077767,-0.9889874835379759,-0.1440759168976264,-1.3269886899569168,-0.19562361066245917,-1.4900750983872593,-0.11295075788105959,-1.0628024781875192,-0.014576454734032424,-0.9356943795341309,-0.3829207423219701,-1.1244224460234926,-0.42892895997577235,-1.2939247265460543,-0.3432978903017391,-1.0233895329928493,-0.2647800731633812,-0.9254691183716273
4,0.0,0.0,0.32541385136552026,-0.23976180106497944,0.5515873261949211,-0.8091410162208397,0.29350281803296235,-1.2469332388036403,-0.03220811731184474,-1.398715199636759,0.35043127219147796,-1.5950726801648376,0.3402195898226019,-2.2080546932395055,0.31362123273807535,-2.5744398667470203,0.26428984100023484,-2.9182446913153988,0.04928293123058093,-1.5304727170092771,0.09627318883945049,-1.7600318254806402,0.16095188276115294,-1.1871531998396865,0.17473482358458117,-0.9846155297510116,-0.20238126204567922,-1.3779988244116348,-0.1768590793854108,-1.560919400231166,-0.04273577623457691,-1.041374161436261,-0.008202397365704233,-0.9025751216610726,-0.45003706904538215,-1.1595540279313212,-0.3772070368721461,-1.3202074922934224,-0.25418364802542237,-0.9594865795257377,-0.24071134607678982,-0.8351534927958602
4,0.0,0.0,0.3225447003740786,-0.25836006261174616,0.578521322261552,-0.7893697219321609,0.34776481876900195,-1.2489235242689105,0.05522356433023975,-1.484208185050123,0.4008805788743319,-1.5616587521527932,0.4172122059225159,-2.195434557397258,0.4050986725113639,-2.5700084794086124,0.36626455237886957,-2.9349616569704375,0.10179268347416463,-1.5026713717892184,0.16542707155015246,-1.7943208094874001,0.21264299721300187,-1.1820857298760072,0.2287622138482584,-0.9734823313831863,-0.15303987517065906,-1.3680790412969646,-0.11285498269442812,-1.5951910908361213,-0.006367926763329597,-1.0299899334711329,0.023838719773479698,-0.8981691714707514,-0.41736584896724177,-1.1783980044276199,-0.3354849970958369,-1.4007199287084198,-0.23647886633056134,-1.012292184393488,-0.2493625154026229,-0.8838182386309318
4,0.0,0.0,0.30002009667973917,-0.31206682921012796,0.5071603053787948,-0.832260317569001,0.2661317071091436,-1.2057063837330635,-0.03171717102872708,-1.355661824994468,0.3797979556593767,-1.5578445330109476,0.4717530463434765,-2.214482320921357,0.5416031329476756,-2.594249890383846,0.571352834426226,-2.942744191519968,0.08511445315720213,-1.4989117518895314,0.14445612679760775,-1.8136127854627067,0.17663422854240995,-1.260655196818085,0.15231470192024518,-0.9883320452049235,-0.17516570915272348,-1.3502657061655123,-0.15150792637389204,-1.6086320518477852,-0.034274455743613916,-1.095075965800394,-0.014537373122632927,-0.8917071685527402,-0.4358898475616202,-1.1332119640335212,-0.36878053719940784,-1.3721414192331487,-0.2552683481353279,-1.0241278658980286,-0.2456899436274879,-0.8460107322302075
4,0.0,0.0,0.3425449543954154,-0.25367411050399813,0.5978423058324874,-0.838092611889948,0.3109232905510261,-1.283622694039294,-0.06326314928055392,-1.4191719122283877,0.40683161859673284,-1.682824637950598,0.4927806615715786,-2.477143967349019,0.547803598377061,-2.932552901498468,0.5607502102877177,-3.3462526197379554,0.0646989041658023,-1.6059804220077682,0.13438334820012524,-1.8986342660898199,0.19723663283091117,-1.2779225939780126,0.17525137507069505,-0.9845237201489005,-0.23237662921542504,-1.4295053503208595,-0.2021393643139571,-1.6737198109185818,-0.057028521500570126,-1.0908103715444875,-0.030855338172281133,-0.8777567637360795,-0.5330763195027842,-1.1793175465620098,-0.46772502286388,-1.4373324218500017,-0.32174923786393234,-1.0397017895776166,-0.30873595332639503,-0.8477734117871056
4,0.0,0.0,0.30590146512073063,-0.26733006424192846,0.578360535604091,-0.7515716736506565,0.4300495873885327,-1.1426924636941576,0.11139165785151094,-1.2941349582420587,0.3962463344826642,-1.5258502776869087,0.4739282080895638,-2.190408028118657,0.5254608736068784,-2.5795338507507024,0.5397986892995505,-2.9401481314249445,0.11065706341007477,-1.4784784215524922,0.2187129285953845,-1.7322387747891466,0.2354842528109217,-1.2142606560222922,0.1936363253207599,-0.9810733782527548,-0.14893310331930423,-1.3402287169788398,-0.07668168969540225,-1.5216210630911795,0.01781152656126171,-1.046719673147815,0.03258580628398223,-0.8808616800643302,-0.407482929230868,-1.1448357347148077,-0.3155916035594228,-1.326832096087005,-0.2162033988946969,-1.004791154900836,-0.211859252463644,-0.8698296085941662
4,0.0,0.0,0.32643541768039375,-0.27783103621329125,0.613492265846105,-0.7760642353971191,0.444859965151519,-1.201056869426741,0.15518462397734745,-1.4435823027345729,0.41686769926901607,-1.5452380397753398,0.5149070026056354,-2.2567449394411607,0.5654069721305114,-2.6628015166119887,0.5818468556688241,-3.064114644946326,0.12408943213242994,-1.5056117471950856,0.21977411818603768,-1.813314778373501,0.2336595319859489,-1.2206068742032319,0.20298768667217718,-0.9791812901906766,-0.14946335184883497,-1.38286093003939,-0.08557547044826629,-1.6098792224956373,0.007896741729249425,-1.0559683920844707,0.029626034007902792,-0.8908003964064617,-0.43456837133192744,-1.1982060718007737,-0.35073019287463775,-1.4054969739066057,-0.24751454941681844,-1.0246104992530045,-0.2589178867630505,-0.8790679853258218
4,0.0,0.0,0.3676999798650324,-0.2482151858686242,0.6847543210262682,-0.7159387600144939,0.5701246402193413,-1.1656487833011504,0.25373724752457055,-1.3767197216958946,0.5123627151417096,-1.4654000986771203,0.5579993077049188,-2.146660934015235,0.5739658898724016,-2.551803689411899,0.5735156925834132,-2.9319941681027553,0.23160938580307405,-1.451077260099665,0.3349861151401739,-1.7166990369375714,0.3159541733048013,-1.1578683781106864,0.29091177225170106,-0.9567498841209099,-0.02378745135060875,-1.351654117514135,0.07117276751278019,-1.5651927935312984,0.11014129023625707,-1.046079099809647,0.10662205473459145,-0.9162533504857184,-0.2894017296164483,-1.1970731765955118,-0.16590123805455909,-1.3895886861873517,-0.10883540683670839,-1.006419293631111,-0.14186732420319043,-0.8767658699822258
4,0.0,0.0,0.3142658970645835,-0.27125495643948094,0.5989532458732274,-0.7397802013448963,0.4953145911222695,-1.1168583502567246,0.2191740510489375,-1.3100613173657665,0.3824877556852505,-1.478091519294701,0.43855331799919633,-2.169511870902027,0.4792013853942964,-2.577239014676194,0.48852281189797603,-2.9550183660902833,0.11884847695839602,-1.4229164783778976,0.2264993916166664,-1.7331264710265777,0.2653172800157572,-1.228100109633397,0.23913057486123396,-0.9709874191597622,-0.1267410516195659,-1.2898169132186588,-0.04201549898545383,-1.5594035510913415,0.04156200074718178,-1.0958292120644233,0.038122177589963446,-0.8961125188255542,-0.3871649440164922,-1.115117772569743,-0.28129434956130445,-1.3698571845000687,-0.19136137117204374,-1.04100072588802,-0.2126256405414223,-0.8632938716205835
4,0.0,0.0,0.32700182080935497,-0.20887491038293024,0.6206259366267974,-0.7123449365442519,0.45333929863840433,-1.2606977536255006,0.1933835179360245,-1.574713782075328,0.5011637109514728,-1.3976478743328493,0.5676249892443989,-1.9917724238159913,0.5898567473656626,-2.3563069403563963,0.5878964783946404,-2.708633773787887,0.22134658125168868,-1.3893185581109178,0.3116052751758188,-1.7303018344570666,0.3351408344362433,-1.1853878613892888,0.32730934980294496,-0.9449172395144315,-0.033951353134411055,-1.2869815868425025,0.028696108911771004,-1.5595730031295303,0.1042844519050503,-0.9941992174634557,0.10519638194049785,-0.7918693461713311,-0.3096080113803203,-1.1320866926329498,-0.19925123203055198,-1.3970810770837723,-0.12414481132896035,-1.0077212064147771,-0.15618309053592,-0.8328067836908201
4,0.0,0.0,0.32541530691764126,-0.21516831434359923,0.6041032559701561,-0.7228280038433395,0.4259082159995161,-1.2459692769928972,0.17159409603894787,-1.535321680615269,0.46837853401062457,-1.3861688345361258,0.5227882782714205,-1.9488984380516752,0.5419743487337311,-2.3157844634792264,0.5348087938654452,-2.657014754845336,0.19334834742721124,-1.3692876307162045,0.2904433416787158,-1.726629982920538,0.32830799594463145,-1.2033218586479666,0.3144417180629597,-0.9492767804711196,-0.05246277101641564,-1.260724221741135,0.020946975313411373,-1.542247735542752,0.10477858643668105,-0.9953192498963416,0.09542768881087485,-0.7884289819648076,-0.3172890392597537,-1.0980415130527377,-0.19745926066536487,-1.3735870239266512,-0.11521168014490646,-0.9956686274059583,-0.1509443478389809,-0.8135663772619821
6,0.0,0.0,-0.40067316815730303,-0.02913315942810259,-0.6960250757200112,-0.4126970465410945,-0.5840247696309296,-0.8860810955346758,-0.3139687348156091,-1.1127595408325979,-0.8418106098891942,-1.2118963838963792,-1.1457858642214616,-1.8711817203538528,-1.257864284467342,-2.280397127698199,-1.3563442844024187,-2.6518228160738357,-0.5739708504569256,-1.354169061714911,-0.6615316886417746,-1.612328367467361,-0.487484224472146,-1.0479960627302192,-0.42674847194370064,-0.9043703564877149,-0.29863384250092434,-1.4330535267317897,-0.3389321947643553,-1.6357985356156923,-0.2512732862512622,-1.1248216210302984,-0.2462865240953138,-0.855962671413516,-0.02788447327197098,-1.4737816494016975,-0.05302383261759692,-2.0062386742101084,0.013971030540499028,-2.3722154725167623,0.05228374374514996,-2.7652847691771836
6,0.0,0.0,-0.3545621312921029,-0.07917806200593128,-0.6158737882293588,-0.4516230398806923,-0.5114562769813004,-0.8963983952400082,-0.26059834571327595,-1.0953451279900992,-0.7390438489634084,-1.1372168065242163,-1.0065329772351101,-1.7188906248863365,-1.1012135580109719,-2.0891788944040783,-1.183877270540306,-2.409566992072796,-0.49712063111268145,-1.252105979450937,-0.584863589247935,-1.5016747116526112,-0.4420070161771043,-1.0003707321532747,-0.4014615700525505,-0.9158758691934956,-0.2467058096028241,-1.3211201307313885,-0.3057542495138073,-1.5437942684177823,-0.22633798697975246,-1.0698620587062075,-0.22710446105182935,-0.8440985401723955,-0.002616076656108829,-1.3552646151018268,-0.02329255348463633,-1.8363180657376068,0.030113140437807905,-2.163109318773104,0.04461782351760869,-2.5091643620813877
6,0.0,0.0,-0.3761785640440808,-0.053898214899177815,-0.6777559836037907,-0.5170866074791755,-0.526475266930131,-1.0031211447938184,-0.2207941583388346,-1.1955610635059832,-0.8562003616633104,-1.2618952719624748,-1.1036863660968688,-1.913295113023825,-1.1955198087206744,-2.304967318427905,-1.2746194679636353,-2.6743691303000543,-0.5613832068877409,-1.4107932342579004,-0.5960096265146174,-1.6951655199206146,-0.466168615028565,-1.1531255778628224,-0.4277078245812369,-0.9039170408792977,-0.2810528733419786,-1.4821560233588673,-0.2582352002197295,-1.6914902124449274,-0.21389211654602758,-1.1975892300992224,-0.23481584639061917,-0.9102999115358609,-0.014404021132532715,-1.5073243476637406,0.005290199899197003,-2.030050949137266,0.06555385385551175,-2.360019795735755,0.08422716421417989,-2.718040734237526
6,0.0,0.0,-0.3924810302553801,-0.07823205794526648,-0.7288398972105783,-0.5265475395221438,-0.6031638721594079,-0.9999608730070682,-0.2960285712494713,-1.1919952368265563,-0.8571422758952822,-1.280726745609736,-1.07918697729325,-1.921564450448219,-1.1675666279993628,-2.2978590636944918,-1.2564403927558252,-2.668640894336039,-0.5648103235670906,-1.4101004077742236,-0.6173931058878321,-1.6699636705766412,-0.49625167180506075,-1.1314529564342266,-0.46021872832292254,-0.8878055654820102,-0.2916756548318191,-1.4567948400842925,-0.2845986383450034,-1.6645973621693553,-0.23690797785393813,-1.1800490805589177,-0.2334915071990623,-0.8710912159012973,-0.019339539566203223,-1.469438312441827,0.008368374902772332,-2.0100577022945503,0.056872425376044033,-2.3785296915703182,0.08177100255669056,-2.7530527961268034
6,0.0,0.0,-0.3685129274499517,-0.16168333965635026,-0.6399677874162575,-0.48710534857429705,-0.5999870508338472,-0.8872299833004972,-0.3453502342566371,-1.115141082242937,-0.6851919569900604,-1.1498787499528171,-0.9188521893372779,-1.6888357168882602,-0.9959393082023794,-2.036368479606072,-1.063132225219715,-2.330632109231448,-0.46626634058781125,-1.2398498506447817,-0.616622913418793,-1.4812386879056914,-0.5182230679272343,-0.9866329762579447,-0.48871523943788425,-0.872443359044684,-0.24651987889677737,-1.286394800705433,-0.34834134933822963,-1.509010883150975,-0.30969668623488816,-1.0533445281391987,-0.2983257396542161,-0.7912822356012373,-0.019534127356628517,-1.2841636016896518,-0.011396920392855966,-1.748281034124582,0.034180808596329194,-2.054049666758467,0.06282167007432486,-2.378421253444891
6,0.0,0.0,-0.37945614477614825,-0.19751755552455064,-0.6582692529598864,-0.5166037316368842,-0.6483705844916097,-0.9408784001181661,-0.3900740453791557,-1.1550193367683426,-0.6786539226447978,-1.182051355047442,-0.9369423448719366,-1.7668451670440493,-1.030080877098235,-2.1259946403301124,-1.0970783460351154,-2.424165251727384,-0.4757019855753563,-1.2691566951973507,-0.6436730639417435,-1.5352351712794647,-0.5483322558551855,-0.997284158089814,-0.5037188103305948,-0.8638676751210976,-0.2607297023120323,-1.321773516469108,-0.37042826591059785,-1.5640267781033101,-0.3309044879576662,-1.0712921428255733,-0.3068867511361834,-0.797003310420754,-0.03002651482876046,-1.3335730580171492,-0.025974667140455605,-1.8287231008078373,0.011209545446689137,-2.1528404775522936,0.04149909809019682,-2.4844300813610998
6,0.0,0.0,-0.31272336268839546,-0.1618823376296954,-0.5563042382674454,-0.46588742933217614,-0.531059596988889,-0.8254995815737726,-0.30241649887020466,-0.9873881198864406,-0.5719441323479727,-1.0706923025462456,-0.7942041256155639,-1.5604576761939346,-0.8793244993906828,-1.8496645058029326,-0.9345501625637447,-2.118650243879491,-0.39092017565547277,-1.129379995257912,-0.5461010144360817,-1.3214020811935625,-0.48640726091211595,-0.8999943653532625,-0.44780778795490583,-0.8941298479789913,-0.20877666350697904,-1.14698993490001,-0.31580333050205617,-1.302946634137562,-0.3054045637040934,-0.9022066804566901,-0.2856073331434213,-0.7216773389577342,-0.019255002980017224,-1.1471748481243706,-0.004841183230833845,-1.5702704784509895,0.02571390010780186,-1.8540869214801547,0.0550302862961851,-2.131514667970903
6,0.0,0.0,-0.381197010666285,-0.08479352937596714,-0.6913470392676532,-0.4535364904151569,-0.5892540734571807,-0.8702767435379855,-0.29341975867214865,-1.048551765774034,-0.7651661743893774,-1.3352356230548001,-0.9681118349383676,-1.994138100210777,-1.0587562243658108,-2.3865164882196583,-1.1418295304620907,-2.7780114623467975,-0.4831060737041892,-1.4393379078952402,-0.5473128491044649,-1.630758353576736,-0.4487656707818211,-1.11446559683794,-0.4187153955313453,-0.9081175130703235,-0.2082565003913962,-1.4540625575630477,-0.2172659608383349,-1.583144549816908,-0.20323771531411472,-1.1182347899465075,-0.22935205696955133,-0.8556245897338615,0.05522675715103689,-1.4260554820625058,0.11680119294589444,-1.9392773731959703,0.18859724961862542,-2.2776905800326475,0.22593528252893055,-2.627848560638261
6,0.0,0.0,-0.4083639828118129,-0.0929073865198399,-0.6523490894108956,-0.5775688479896927,-0.44050830901810584,-1.0079250264366872,-0.12382456402096673,-1.176848838098343,-0.7500356764230351,-1.456529354653483,-0.9730698729171942,-2.214508584389541,-1.0574523996837384,-2.6687894837399897,-1.1375161890666532,-3.0841744802518702,-0.43837281858140076,-1.565296097394782,-0.45223704978470525,-1.8174004560894181,-0.3396849582502683,-1.223897067642583,-0.3053315707672025,-0.9522460983867735,-0.14195622662732715,-1.5818379199616068,-0.09904442076216285,-1.7268754095354582,-0.08379847755372526,-1.2159878796561705,-0.12433988258056448,-0.9401404684043881,0.1504455916770813,-1.545546521665176,0.23335863771700802,-2.0889649473402354,0.3514043413222977,-2.4188462684723455,0.4241320208414334,-2.7769132883285033
6,0.0,0.0,-0.36482695805655846,-0.13959576362427606,-0.5693207139661668,-0.651273572025421,-0.3616158492156204,-1.081225613342844,-0.06297454081834035,-1.2262712571876717,-0.6884091619655378,-1.4228653397094373,-0.8802667755690583,-2.140289694288414,-0.9463523717945241,-2.5359382642270654,-0.9973244420542566,-2.9096637624523622,-0.39618612975122613,-1.4958631122502375,-0.35424009199028755,-1.8060704460001458,-0.26175554884947116,-1.2631385220098363,-0.24776868518691283,-0.9688192187610383,-0.11908177777045018,-1.50498555987616,-0.03295244683007785,-1.7940426588908611,-0.02332215222950038,-1.3230232308767085,-0.07228223889292801,-1.0229578286048286,0.13405644169774047,-1.4764321290193774,0.2318392689472711,-1.995057284033803,0.3364102668926532,-2.317459009019905,0.3971514937914062,-2.666438261141102
6,0.0,0.0,-0.3335774960208917,-0.16380526738679807,-0.5250828891886578,-0.6141588197152529,-0.3445685227858484,-1.005360215869173,-0.0826901816698118,-1.164724006457796,-0.6442815944006107,-1.2918411511158558,-0.8245803309158082,-1.9264708136126882,-0.8723711755826491,-2.2872865495434613,-0.916350803559836,-2.6277104330756496,-0.37853743622492075,-1.3604757563197798,-0.35713713993677776,-1.6732013156060506,-0.2778973136279944,-1.2051063846775094,-0.2736880962717458,-0.9618184994889357,-0.12450630463067705,-1.3690090735366667,-0.037614666063296706,-1.6351868473411084,-0.03440543923982905,-1.2100581116339022,-0.09160140550849666,-0.9327544730949369,0.10768052157522542,-1.3404424093962921,0.1762616350461043,-1.8088350093470633,0.26531594715209056,-2.1028379077490706,0.31664500665858847,-2.410141539430705
6,0.0,0.0,-0.3514948779434028,-0.13193131300993352,-0.5984977537945131,-0.6289624514399924,-0.42074655513553155,-1.0855250493858373,-0.13516811090477762,-1.2492014334414268,-0.7053048243255008,-1.316730022502472,-0.8737145824423688,-1.9429724427669703,-0.9266775809766157,-2.303462168906578,-0.9790531004025484,-2.6488706993998563,-0.4264903758391132,-1.404933055536928,-0.4282086723709446,-1.7116873192628446,-0.32978573893147345,-1.2378057036199193,-0.3074795376127256,-0.9515546930941303,-0.1676017202429757,-1.4259227286611418,-0.10967622208320907,-1.707781585072399,-0.09738998080068051,-1.2739767603748267,-0.13329590239696676,-0.9533717256105523,0.07744589271328577,-1.4009677893557733,0.1448645653914853,-1.8595059781932946,0.22305765718815826,-2.179174763503686,0.27031850741231983,-2.5079986251852766
6,0.0,0.0,-0.3653980239757385,-0.171136351633569,-0.6299550910322395,-0.6270856998976404,-0.4913914004301731,-1.0730720186706448,-0.20698882418722675,-1.241492123225615,-0.7369364426940643,-1.2722504960018466,-0.8925694447623892,-1.8708023897029509,-0.9454917970348322,-2.218328942739141,-1.0067265472708193,-2.555919032089897,-0.46699390437696736,-1.3603996747958267,-0.4920389241845796,-1.661247905356755,-0.3973507215003894,-1.2065445928210512,-0.3648783570398853,-0.9310551995257177,-0.21567399580841953,-1.3861973450753227,-0.1900759242289985,-1.6572305020546791,-0.1782659319623635,-1.237681563843332,-0.18821461307712617,-0.9249338412427817,0.021901304765650435,-1.3687237219361723,0.0942370101778288,-1.8229393317406613,0.1551820936882269,-2.146898392570754,0.19243928648839007,-2.4664949077202425
6,0.0,0.0,-0.3412374662587143,-0.17497197889354632,-0.6043984638446814,-0.5427470734616763,-0.5494948798466386,-0.9472376579882116,-0.29530507173388015,-1.1304250964653382,-0.6540026463103414,-1.1514247764987098,-0.8545481104976049,-1.6683940667042347,-0.9194798836607879,-2.0020061347458538,-0.9837351106475278,-2.2867451919768405,-0.43043377081140216,-1.2405925404003755,-0.5467661281144761,-1.484035001315838,-0.4789364168948144,-1.0163337776299801,-0.46919622281057166,-0.8830939386612799,-0.20506749803412658,-1.2721030120955927,-0.2676182507923702,-1.481659622667496,-0.24837773683968625,-1.0360825806652896,-0.2546464585291157,-0.77193407655395,0.015420845615398257,-1.2579274680952663,0.03781131821044869,-1.7130542119295433,0.08427974598564639,-2.0105052087522672,0.1180593985579598,-2.3166438469989736
6,0.0,0.0,-0.38965453818198775,-0.20391537827926576,-0.6747003362367715,-0.5487481045054105,-0.668081367979612,-0.9741996909195216,-0.3977612922396092,-1.1688386554592123,-0.6739018236930779,-1.1613662885776117,-0.9324361127323306,-1.7451503632100203,-1.0257852131876999,-2.091228284088468,-1.0925663199230793,-2.389725168485717,-0.47726178192302,-1.2528672468043087,-0.6564132799495915,-1.5371271880864452,-0.5679322551318016,-1.0210550854545242,-0.5274043464639682,-0.8496144156797921,-0.2701127875321304,-1.3041521612054792,-0.40063908135687115,-1.5567197870710219,-0.36274756962592386,-1.0857719027136268,-0.3344880321916283,-0.8018350166397747,-0.0444855681019421,-1.3111873045020945,-0.04136545427380622,-1.806724153034461,-0.0028079825485439586,-2.1263706959108966,0.024942126796481626,-2.440230087734514
6,0.0,0.0,-0.399526002142747,-0.14990978800358684,-0.7060555738417177,-0.44154136973637165,-0.7036912999903266,-0.8273405173427544,-0.45131135292339913,-1.0307744163558359,-0.7415723316285522,-1.195872031353812,-0.9655733307227315,-1.7139206847419073,-1.07077454565169,-2.0166335231937453,-1.1495722359682223,-2.294584351896685,-0.5296855511338782,-1.2660765056312644,-0.6947789096007126,-1.4667173343942481,-0.598959154793185,-0.99300339967635,-0.5544822024977603,-0.8321955822480871,-0.31701609278988474,-1.2885431318481726,-0.4454564615954251,-1.3967368191399445,-0.4069103633375804,-0.9761328676939997,-0.3737030028929561,-0.7628819671960482,-0.09994976874669038,-1.2807134720108215,-0.09589755109977924,-1.7552774032551726,-0.07304547961671527,-2.060119816979757,-0.05650368280869418,-2.3684198436933026
6,0.0,0.0,-0.4957437150613382,-0.16463486643255382,-0.8371666916840805,-0.5660015957655286,-0.7497869996923837,-0.9250297320038745,-0.34938133850523234,-1.1664759413824168,-0.7444169317560576,-1.9274486673518119,-1.1061201348087848,-2.9182855354841237,-1.3118896794197683,-3.5709460221319818,-1.4496038497910564,-4.099231438944946,-0.3653011110466632,-1.9975742780622872,-0.6467301474083663,-2.1342007388044077,-0.5982220033834847,-1.2652276867965269,-0.5096891703295591,-0.860358616885288,0.01620260518756628,-1.8988914819002203,-0.2221772386451877,-1.9545823087221084,-0.24569327223525025,-1.220712736358501,-0.21288128472519072,-0.8114642163362065,0.439848620217241,-1.7602969186984243,0.5524586962494564,-2.556539297779186,0.6799266325331349,-3.1054888523336803,0.7560508281713483,-3.6662887664314776
6,0.0,0.0,-0.3627883037063668,-0.22860182634961984,-0.595446672639328,-0.6072518548543616,-0.5178919091393281,-0.9907511084391565,-0.2477147606141339,-1.1259684767848357,-0.5557186102175504,-1.3004862089148477,-0.7634489314733641,-1.9922081409213364,-0.8465378031138185,-2.3750405453089822,-0.8945043802586348,-2.718229538767284,-0.3362767751707627,-1.3389866228247402,-0.4521442119893287,-1.634614666480346,-0.39732517055163225,-1.125112810347808,-0.3612085911178437,-0.9324850420798515,-0.10224850553592925,-1.352103701300885,-0.15764368853023386,-1.6116785532062254,-0.16161383006724442,-1.1248616820729584,-0.16794263942044638,-0.8529344413258223,0.1389790438067294,-1.3245511881961698,0.19861985578639238,-1.8173170809057761,0.29029217342986363,-2.1151151097187637,0.35307101219659354,-2.4266393309264216
6,0.0,0.0,-0.35305673989324826,-0.21211066369692846,-0.5827114502447972,-0.6941395040622764,-0.4232322364803965,-1.1244082660630594,-0.12231412614127951,-1.2305773150752868,-0.6177461351288239,-1.364616177623121,-0.7742301988869692,-2.0291685181669386,-0.8063733764710345,-2.400233143777196,-0.845469999802931,-2.733584934891788,-0.3506569489215496,-1.4135326368622703,-0.39732142190063924,-1.7118573334375042,-0.33323572784429484,-1.2066061785740405,-0.3252949852644702,-0.9456125911607715,-0.09927950016587975,-1.4103373777692954,-0.07930088496035148,-1.6581766218592335,-0.09178990007190727,-1.2189461469175569,-0.13685281032590846,-0.9133519702437418,0.14137444764816595,-1.3613454291022595,0.2190937807921009,-1.8232761408351144,0.31335123291265804,-2.1324945000788174,0.38027571587508335,-2.4534947303234897
6,0.0,0.0,-0.32140525602073144,-0.22894116833567568,-0.5057866443321698,-0.6997202491028803,-0.29938704844141945,-1.075159427630255,-0.007580983153706017,-1.2069972987313646,-0.5923694731840183,-1.3453785767556896,-0.7289059169791176,-1.9508328446315648,-0.7607532344149667,-2.29298861568482,-0.7975719796329223,-2.6140831238165934,-0.329476759125645,-1.3879811229460748,-0.3159774993048727,-1.7008100872183614,-0.25763766236375474,-1.2400320136671044,-0.2630786108894978,-0.9647744008277024,-0.08154476896879588,-1.3794814244611417,-0.014489453223923358,-1.6223106071782614,-0.037024833594821324,-1.2074956260802587,-0.09614514108399118,-0.9296047664555874,0.14825090558264964,-1.3264092925833069,0.2245989091188667,-1.7812211681989383,0.3136433566171838,-2.0631755090988846,0.37107941997092325,-2.35917791603285
6,0.0,0.0,-0.3019190350049363,-0.19690642204314854,-0.4546465214577491,-0.6860141099665517,-0.2469457399574138,-1.0786560369119647,0.027964473409223235,-1.20698660578084,-0.5728543482844048,-1.2545327185993322,-0.7190951540235758,-1.851659093665519,-0.7611022016768486,-2.189815959015718,-0.802062169060573,-2.500453373245387,-0.3189242087836619,-1.3157779559559466,-0.2894357514088956,-1.6408973018402018,-0.22648472702030942,-1.228080504175281,-0.23177045356470072,-0.9727705057486133,-0.07794319030134556,-1.3190569982192908,0.012449030844394629,-1.5605412686680988,-0.001558236717189084,-1.1734849115853323,-0.06458250929775677,-0.9111566560877469,0.13792529157033645,-1.2759014294550564,0.20427023668163358,-1.7062648578574149,0.28375005811836074,-1.9763148692481862,0.3255779375322544,-2.2501792538881236
6,0.0,0.0,-0.32476171957334504,-0.1632736515214131,-0.46778165676193917,-0.6478858833223473,-0.25177315665999583,-1.0702177262744372,0.013730405152745722,-1.2393966435219321,-0.6252404571700679,-1.2675418013307997,-0.7942944760919775,-1.8898369849667755,-0.8500809930765432,-2.250272035330363,-0.8923697998808344,-2.591533720850791,-0.36576089159044634,-1.361316052926684,-0.2930563286856674,-1.6969077609808456,-0.21236836573740533,-1.2559900379022397,-0.21036298364332487,-0.9776233503311377,-0.11264847723949255,-1.389410606587924,0.00390394878513495,-1.6664684550277222,0.026367704645653658,-1.2811906230654864,-0.01407356014829367,-1.0224485323353654,0.11880339943905109,-1.3734589456919377,0.177372163299285,-1.8265752120804184,0.25241825440897936,-2.1003088866785404,0.2888392229315561,-2.3784327163943373
6,0.0,0.0,-0.33266353952164707,-0.1584308776465777,-0.49805383161986,-0.6097787399874736,-0.29968087260219767,-1.0046255052324138,-0.0509442095831831,-1.18391148699795,-0.6473305382851898,-1.265393124741839,-0.8325826827993182,-1.8891525910887423,-0.898601236880896,-2.252201418294741,-0.9425993370731136,-2.5997455112137233,-0.3770148023025121,-1.3380328265695456,-0.32311484456749573,-1.676402501675826,-0.24372123362741177,-1.2401467721209594,-0.24212202318299586,-0.9702458069426392,-0.12458222482179623,-1.3491599066557602,-0.03892540119164494,-1.6669334924654686,-0.020024116307996696,-1.2807396445030652,-0.06314495021735783,-1.0226778693972411,0.09440490102052194,-1.323966195796661,0.15307645844834522,-1.8012927675761723,0.2119681278581183,-2.061083188227493,0.2308789576765949,-2.323507287790304
6,0.0,0.0,-0.37428980483734836,-0.14537403526781978,-0.5366481178198287,-0.6056700058884028,-0.2726562231811603,-1.0108164872120704,0.040466890869119275,-1.1421859988412306,-0.682380065463217,-1.4832868205777348,-0.8796959116530817,-2.240886178248473,-0.9572831236468262,-2.6690953934322756,-1.0317456359557573,-3.0818160841127487,-0.3715436731676885,-1.5684069306491144,-0.31474921147002627,-1.8484418468744561,-0.22841433611201578,-1.2657099287452442,-0.23624745322706808,-0.971692925179413,-0.066842718092352,-1.5822219922143388,0.0329959597102392,-1.8957966812817535,0.047928562603357774,-1.4670935114064945,-0.006082729726078353,-1.2265461238285675,0.20982853406608037,-1.5693332292449886,0.3069395990482949,-2.105173640330699,0.42906072611911034,-2.4328230109850186,0.4977179353094933,-2.8039159994648646
6,0.0,0.0,-0.37383333140147373,-0.1497167773078095,-0.5860173112946095,-0.6159410690978565,-0.37943399552263124,-1.0087241362332346,-0.07219737327998656,-1.1418978902338761,-0.6694543415704182,-1.4525761012479486,-0.8586640666114052,-2.1298921701029334,-0.9369880411693682,-2.5421809065448233,-0.992614394487451,-2.9119372251004236,-0.36772406138595265,-1.5370643392503778,-0.3549709185668637,-1.7696612133808625,-0.2784187323014544,-1.2552136836892496,-0.25884607099968254,-0.9659185843165184,-0.07948816878405227,-1.5445501114570663,-0.016129072769291514,-1.6962766486226823,-0.013720027287993826,-1.2244620248102493,-0.05157583730615553,-0.9533994135405771,0.18945302930237984,-1.5102572090475201,0.25193856303068773,-2.0333873679357692,0.3411459038236113,-2.361363845347854,0.3980357728333931,-2.707553479839489
6,0.0,0.0,-0.37804557857741633,-0.17555274891834602,-0.662573770090423,-0.6632958544242112,-0.5011711777142857,-1.070001700994858,-0.19143222568094434,-1.1742068349993482,-0.7033336258843571,-1.3710739014098094,-0.9014584324433722,-2.016266473875616,-0.9672279784964556,-2.374448572144726,-1.0323063183452623,-2.714329942387851,-0.4259178418365826,-1.427848488871667,-0.47920030130875413,-1.728729766767526,-0.3931658592637149,-1.222365409553281,-0.36677955530577944,-0.9303078833427646,-0.16345461079508394,-1.4279838887447363,-0.15583162693483024,-1.6839732952341402,-0.14040879856641647,-1.2316810367946454,-0.16238996768178518,-0.9191381186532669,0.08521464945166991,-1.389804313829561,0.12582968246916265,-1.9037671553552924,0.18481937706217566,-2.2294986589916967,0.2175322183441133,-2.5645104177398843
6,0.0,0.0,-0.3322189651460111,-0.17586535840066275,-0.5756180132976859,-0.5327459263103098,-0.5192047702215327,-0.9199826544588761,-0.27430013475204945,-1.0730926623857746,-0.6115036251441965,-1.1306468519060533,-0.8185627178207794,-1.6518661117084694,-0.8924328539817282,-1.975872737394834,-0.9638091875581516,-2.259198146260211,-0.4001589847273051,-1.2001152832339004,-0.5228407842185236,-1.4498643624555119,-0.455016041752047,-1.0161328979880848,-0.4370406216450672,-0.8994417685609742,-0.19311853658408246,-1.2181702313504348,-0.2754536758809522,-1.439259857867534,-0.2530125875417617,-1.0326011358171754,-0.2439919333128063,-0.7809214949141132,0.01484192853274012,-1.1936340254483369,0.026160535248003037,-1.6476972710471889,0.05805643694991256,-1.947082332967812,0.08386960089200592,-2.2415487579932303
6,0.0,0.0,-0.38596990658108793,-0.1725511564917451,-0.6529233553420072,-0.4838582260452767,-0.6026938638792885,-0.8567610427188592,-0.37952305696198374,-1.0710201444072203,-0.7007823555017775,-1.1669223198882739,-0.9034115206981221,-1.6844135426695024,-0.9883523382907131,-2.0131837008132116,-1.0654921934387749,-2.3050210472582195,-0.48108217792115654,-1.221772007644069,-0.6019061765505923,-1.4217368640384216,-0.5188175355822741,-0.9593457688877849,-0.4985039259578392,-0.8668874412544118,-0.2550931435323975,-1.2627494832345798,-0.3430795017268203,-1.4566584877665083,-0.308748868172177,-1.0303592535770982,-0.30436497208632496,-0.8123969969171047,-0.02685698044887328,-1.2831074890186376,-0.03622534900932396,-1.7457979137421173,-0.019530475748007668,-2.040165421888718,-0.01452383515052039,-2.349146755781998
6,0.0,0.0,0.3614132293901367,-0.13499514671691543,0.606829438357241,-0.5521395195832932,0.533860317800177,-1.0439382885606385,0.3372769841009018,-1.2917896087361014,0.725038185456909,-0.9958204910834725,0.9333402771856898,-1.4694759299270705,1.075251689265787,-1.794168094443742,1.171443046938929,-2.0618121633801767,0.48181666769169623,-1.1517398718032237,0.5768942625120221,-1.5337389612099517,0.5008432322377728,-1.1983512662112978,0.4226776049695006,-0.9062801124692337,0.2304013613403665,-1.1831414723050304,0.28192900142353866,-1.5367622084455588,0.28604705267716624,-1.2454278389861704,0.262998467497188,-1.0339008219820716,-0.03850525608717195,-1.1725995358614656,-0.022780963367065227,-1.6237769405461466,-0.01601320887644964,-1.860136184412487,-0.004787586625922969,-2.1160187692496955
6,0.0,0.0,0.3334703396620083,-0.17544577775083886,0.5578446606311123,-0.5769766540657166,0.4862925847352705,-1.0408799785328458,0.30167237262758717,-1.268638234304903,0.6623643555909641,-0.9937945809375553,0.8509034213364451,-1.446317168356549,0.9822388520896715,-1.746293393539669,1.0716937987788877,-1.9961510299318586,0.432843895028389,-1.1164664292545927,0.5211057561136743,-1.4950311360346231,0.46736851677246277,-1.1744190519500053,0.406897861513026,-0.9134736615229399,0.1995849560164648,-1.130034215462668,0.22612607565214504,-1.4578499069679838,0.24216034056069205,-1.1497840319180999,0.22815630986594757,-0.9373750206759869,-0.0443099123834277,-1.1127379575748275,-0.04896629027315115,-1.5628163598559666,-0.04537766003162138,-1.8104731402795502,-0.04298857546046283,-2.0829653294626556
6,0.0,0.0,0.3315856798315531,-0.2043439418709889,0.5420178396480427,-0.6169287620979303,0.4553103051184689,-1.0743721191748008,0.26427783041431224,-1.2874789033780503,0.6475082578969586,-1.0288497152558629,0.8277420143423394,-1.4726270268250108,0.9481417223711521,-1.7718067835323834,1.0352278120954368,-2.0154988991710407,0.41656370934454023,-1.142673929701479,0.5041038369514894,-1.5223754463760573,0.4388755038719504,-1.1926083284467097,0.3722409092865899,-0.9281361459686249,0.1863247653474109,-1.1503090987342133,0.2037847356718314,-1.4943145351214648,0.22112545603545153,-1.191723468365239,0.20625688884855145,-0.9770394131379139,-0.04977886634954867,-1.125260898191416,-0.07461964807754967,-1.5938973864293264,-0.07663636789334065,-1.8593349861432527,-0.07833859765293574,-2.1423330306166566
6,0.0,0.0,0.37344426250475377,-0.15375419705789425,0.6387945059805353,-0.6180620688412254,0.5621170831269158,-1.1832345522980974,0.3588306311772414,-1.469713865533015,0.7330202790509375,-1.085782098855514,0.9162805597144273,-1.6097922423587896,1.0545192620125996,-1.9514515206608656,1.149222172343486,-2.242259279936404,0.4720139632774417,-1.2261901973146019,0.5445214572018294,-1.6245717162668691,0.4833515239560466,-1.2201997760141723,0.4182009156548485,-0.9083545531043735,0.20632523781345352,-1.240592824921666,0.23169356413796016,-1.586758248532156,0.25362118555780516,-1.203911406496015,0.23481919834766468,-0.9441253477429215,-0.07380568789522039,-1.2215958442948478,-0.07315908307973064,-1.7168730810321662,-0.06640484945696237,-1.9624342869662899,-0.06654456201345105,-2.243193843658862
6,0.0,0.0,0.3917632479954094,-0.237052444460226,0.655364846894227,-0.7228834845175329,0.5679434189780783,-1.2798354519120299,0.3147326107965966,-1.5387334098852146,0.6618146209656677,-1.2775239826789542,0.7901616902459818,-1.7571670429754225,0.899209422572345,-2.075887863205639,0.9724381082630544,-2.34362106500847,0.41743109806679024,-1.3594445187289164,0.5050929578777958,-1.7467271047395094,0.47935054878675554,-1.2774406273704584,0.40886379198756784,-0.912595419450233,0.17322796890087166,-1.3622044590690074,0.2270175543816766,-1.7461665158557402,0.31072611066714273,-1.3089136092028535,0.31156985627725914,-0.9699103620235133,-0.08709275388566486,-1.3357689582671253,-0.14179017222382156,-1.8840226526152828,-0.1507669944166417,-2.1996636547637602,-0.1721718557459949,-2.5498630417716646
6,0.0,0.0,0.30642716321345126,-0.21012909622119327,0.5122634051565492,-0.6129617436921274,0.4412445500045737,-1.064352575162393,0.2625166359743217,-1.2773641509195728,0.569692232470801,-1.026157367198428,0.7295248217847538,-1.4728911254599169,0.8352461962465633,-1.771726887335217,0.9104080562665964,-2.0134224767334445,0.35914695247308703,-1.12216398929467,0.43507526490613724,-1.5051514132677544,0.40744461472851257,-1.1990524307250063,0.36333982964285616,-0.9316566793594625,0.1463028964985794,-1.1281936551988043,0.16982367375683594,-1.4321597540131092,0.20655572836569203,-1.116426698306164,0.20092817969144178,-0.8762061200131027,-0.07916419942172472,-1.101912812236035,-0.11498390479087836,-1.557813076301619,-0.12255036997817363,-1.8246749964096816,-0.1339341006643055,-2.1088159834002536
6,0.0,0.0,0.26546643804061554,-0.205293404926398,0.44130793233452587,-0.600238221342873,0.3514889013530869,-1.0244629398636984,0.1976393392043665,-1.2581229757440595,0.525253228648343,-1.0824369452110691,0.6869285797926248,-1.5608833158744126,0.7879298195796947,-1.8773632615922953,0.8523727148071335,-2.1500888018258233,0.3096398825429355,-1.1680436784590182,0.3462985226224554,-1.5504169820309919,0.3226252427715516,-1.2075681004242367,0.29622338850100877,-0.9551186858736355,0.09592644622327282,-1.1548630899772396,0.0816545877162187,-1.4820220553736656,0.11771293800036273,-1.1453597756877008,0.12273193576299296,-0.9131978970043145,-0.12939445647042339,-1.1076304039146232,-0.20248712715175982,-1.5714553080243374,-0.23344638017957398,-1.8276158850145128,-0.2507906019588554,-2.1163242408890355
6,0.0,0.0,0.29803839707587765,-0.22272544568949504,0.49574728364148374,-0.5761612976147485,0.4140845178230292,-0.9918095191072124,0.22662352085952678,-1.2092093222763738,0.48711040475833395,-1.170818108970337,0.6499798347330304,-1.740225553955625,0.790232638484584,-2.10222321053327,0.8599624581653423,-2.401766948777273,0.2669358117416925,-1.2266741079654604,0.34112329242551837,-1.6580773766725385,0.3240005829830913,-1.2032805148746701,0.3111114688173405,-0.950373428695435,0.055627433956957135,-1.209562582526588,0.07952340734535929,-1.5887692067809733,0.1435686679779098,-1.1625308908879814,0.14592579314091153,-0.8609561633087762,-0.18215386589732854,-1.1535428085828574,-0.2728616624528013,-1.6673930088748772,-0.31729204485079265,-1.9538173967420185,-0.3651008319088117,-2.273851643567864
6,0.0,0.0,0.43180511321137177,-0.1741886467246971,0.7480989597497302,-0.5575650043370368,0.6448306876578167,-1.0909667557601148,0.40510526662702867,-1.4223376141512774,0.7600818335776038,-1.5621160488150825,0.9097824927732392,-2.2143167134605912,1.0203138292257186,-2.6479236874593552,1.0914656813533705,-3.007439877798499,0.4368483250492078,-1.6548785732514115,0.5163353653589812,-1.9287197802920646,0.5134337366751067,-1.2889173167206178,0.47920737436553457,-0.8777017103513529,0.10938727142388573,-1.613071406250188,0.15115180659871622,-1.9547671600959085,0.28117121669110196,-1.292367164047015,0.31823759137296487,-0.8094158493652002,-0.2343511464161187,-1.4925442387531216,-0.3383841268939569,-2.1329635315626927,-0.37493359068080456,-2.479703829490824,-0.41138330265511547,-2.9026505154633284
6,0.0,0.0,0.4175490176503486,-0.19554389011602905,0.7496141641405513,-0.6530935764542551,0.6888797312776856,-1.2319546674374837,0.4793006990823675,-1.5509597086287132,0.664381342040333,-1.301520250859747,0.8176370733062909,-1.8921117757935715,0.9564608161360609,-2.278648458687032,1.0424401203967717,-2.6116692023179544,0.4175317996838491,-1.376135974939955,0.5520160595374826,-1.7494548137445762,0.5424531454018582,-1.2354757415866222,0.47997469915808,-0.8772823309334975,0.14936447083708118,-1.365077597101112,0.261238485876423,-1.765326446347428,0.3345167627524153,-1.2818112334006135,0.33075185998091367,-0.929063976634921,-0.15972218852305134,-1.3297346660604739,-0.18153568582303747,-1.9030426851384912,-0.178873010616638,-2.188498796314671,-0.19238467097251627,-2.522717299453854
6,0.0,0.0,0.4892741320453959,-0.22815487036653564,0.7665549084429294,-0.6968624302994952,0.676685301363986,-1.2748282860901334,0.40466992745475666,-1.5611565138529975,0.7320050886776016,-1.1317439967462575,0.8375876845697066,-1.6979603720022756,0.9376396342345414,-2.036699568359419,1.0024724950979091,-2.3293095472501792,0.4817834477243083,-1.1976276502229024,0.5922663902668234,-1.6209015975376146,0.5651288130722918,-1.1814345828130062,0.5135910746357024,-0.858035085561508,0.2337938768321889,-1.1923965660003506,0.31622936815996644,-1.5804402365075445,0.35379416699418337,-1.1376507611095397,0.3607302279141728,-0.875261849305772,-0.03705995577464979,-1.1749568530173151,-0.02800395626986443,-1.6038946969684462,-0.034910601533494595,-1.771183608864351,-0.06156646592816027,-2.023413748319695
6,0.0,0.0,0.37485922777913644,-0.17694301364431436,0.6326873714241797,-0.5905797421939485,0.5229532516421521,-1.1357969074083643,0.2708446080621413,-1.4112350790551127,0.5511555542505298,-1.158344578263808,0.6703568992468333,-1.654525845857855,0.7748720583840214,-1.9789667602098997,0.8442015361789115,-2.2512868174357736,0.33400017494929807,-1.221260187839202,0.43568574504694574,-1.5876768879632126,0.4295045156629757,-1.198982635288497,0.3919303498034073,-0.9199948917809156,0.11702576160592087,-1.1868950629234498,0.18165722120082453,-1.5157812862733053,0.253569677563277,-1.1151997213560212,0.25192412927004154,-0.8351523511981598,-0.12065372987128992,-1.118147182217375,-0.15346689428083432,-1.5875756490419375,-0.15311948843159534,-1.8297267294998094,-0.17805930304242765,-2.1233367885284395
6,0.0,0.0,0.27352315228486146,-0.19487146965487584,0.4366099428275434,-0.5644158881545008,0.3180187917182921,-0.9574353806993867,0.13213557891031646,-1.1342915190119172,0.4590369403620872,-1.0158108566783424,0.5700455086136141,-1.4572368667475752,0.6424511384385806,-1.7583690715601217,0.6889456845968298,-2.0015210530130125,0.25554037115822315,-1.0800389018764796,0.3060591146366049,-1.4555938895553795,0.29741096710879306,-1.1907865629642178,0.28234688901976396,-0.9593123757467433,0.05918074001101311,-1.0443334380859801,0.0664830068806762,-1.3331978001876996,0.11550807959108392,-1.0692407216223518,0.12506920001690322,-0.8685769309736406,-0.1465826686714943,-0.9694064806828593,-0.19954171799545523,-1.3669509586491597,-0.2140860035094354,-1.5902599950178546,-0.23622924807661977,-1.8276883445190621
6,0.0,0.0,0.2892315964589687,-0.20037707532774293,0.48162806692954246,-0.6019705276118548,0.3671460637307519,-1.0155605753228303,0.16458257730172596,-1.2041804219931425,0.5028112086744058,-1.1303755902418269,0.6168268553477744,-1.6437512220940822,0.7002288933820141,-1.9691218879627734,0.7529416595251287,-2.241436967768811,0.27374083001977423,-1.1980587044381055,0.32967220347967735,-1.5949864897109989,0.32471194019563976,-1.2461004324132239,0.2963618070811235,-0.9550757453226476,0.04886018718016215,-1.1682177250249948,0.046543350380607654,-1.506834597621267,0.117988142549593,-1.2096333137651007,0.1401284010793544,-0.9783246806698553,-0.18395277848776034,-1.1033185047393592,-0.251395533418245,-1.5860295019630992,-0.26951051861822906,-1.854040416961901,-0.2933282127624648,-2.139626691050963
6,0.0,0.0,0.35442719882259777,-0.2376760413416865,0.5700437397171184,-0.6548206727392358,0.484514001286893,-1.1320695674474432,0.31529666419830316,-1.378514818928937,0.6552868256330079,-1.0862406541599954,0.8082492386665461,-1.565371288342092,0.9069281335180085,-1.890933455919471,0.968988813941329,-2.1615016400725025,0.40962425061513147,-1.1912767399304922,0.4846859653908565,-1.5888570631782273,0.416956635580308,-1.218627390875309,0.3567289143750913,-0.9342079434733837,0.16774324160616777,-1.1959429276566869,0.17033325395128227,-1.5227711895134464,0.19307156728373517,-1.1728191680896127,0.1894274355348028,-0.9359780090470895,-0.08250317020046731,-1.177557292990772,-0.09607846874387692,-1.6604327709667521,-0.09584463866944364,-1.9234537177920454,-0.09277257874046961,-2.215141149259655
6,0.0,0.0,0.2987655317658127,-0.274643943349032,0.4855686803814296,-0.7183351986955901,0.3829817137759714,-1.1361775923927673,0.22335747558184152,-1.3440483942307184,0.43106280754708987,-1.122779975791751,0.5448898716604346,-1.5421474017660026,0.618733463419304,-1.8183031325448427,0.6640318087317948,-2.0515409013151804,0.22571844520558987,-1.167614932886168,0.2805679583238104,-1.5585927847284917,0.31170750142934966,-1.2498343483330379,0.2936467309303495,-0.9559140115166839,0.028963033683451656,-1.1511714852438275,0.06588942594823922,-1.4362134199210987,0.1412493410435147,-1.0854930091917827,0.15153762391083178,-0.8060749939087517,-0.17208431314067243,-1.1140824051290505,-0.23130910128477672,-1.5647968768160212,-0.23536250837845113,-1.8315819083929856,-0.245807310262784,-2.1138277892856077
6,0.0,0.0,0.44538488561889067,-0.24653367242091584,0.6529306919155314,-0.7130749808160165,0.5554502922079815,-1.2147004577364002,0.2902350122074943,-1.385482699118627,0.4874411790862981,-1.1480860111270712,0.5326745856650703,-1.6559591753813245,0.5830414491833894,-1.9674130040467919,0.6114653269954021,-2.2353031615654415,0.2807565397779477,-1.1744111801725134,0.3455201080082681,-1.6166633662470578,0.3805875040384535,-1.2606812466967208,0.3467226288167845,-0.9379677066223433,0.06658922077670228,-1.1471276978471756,0.1447777624430505,-1.5510736519982107,0.2375487138871205,-1.1949417876116424,0.22936293119973486,-0.9023792898044466,-0.16658603146873302,-1.0832086582900087,-0.13793565788292247,-1.5196060359558492,-0.09581790999347752,-1.6882101340347235,-0.12656766324566243,-1.8711123816444057
6,0.0,0.0,0.42283538214915944,-0.2787122412334781,0.6529677744977205,-0.7309701105166592,0.5960508859905357,-1.2312144070309232,0.3376489018201093,-1.4548593908985255,0.47255877059943807,-1.372049938522953,0.5091833116160067,-1.8727251340038749,0.5737679028890623,-2.22449372888652,0.5893075310079795,-2.52126336335489,0.26822819137535636,-1.3728842038299873,0.37459100361359454,-1.7486409334941995,0.4115427284609258,-1.2414650978332804,0.3901963892671258,-0.9207316535250093,0.06307804873206041,-1.3136625939266953,0.14293522837980785,-1.7111872060045705,0.2746219087348427,-1.2453204674338436,0.29622192232030425,-0.913799847071303,-0.17125079701449286,-1.2271363706566465,-0.274837625525223,-1.7820687494845504,-0.2851604892314249,-2.0799592024189235,-0.33418086013684595,-2.4282493306433053
6,0.0,0.0,0.5562056851741508,-0.29803318054616396,0.9172785233760304,-0.7029120996740804,0.8718847692415892,-1.2703536595764642,0.5423594645250924,-1.6110646652319751,0.5908783912871239,-1.9309208263253175,0.7678055697679688,-2.82538990882875,0.9482881065822261,-3.4488799542265105,1.021293587658215,-3.9460404698074756,0.2445662455795392,-1.9401410236084202,0.45441659195799533,-2.250317133733126,0.46937841590298396,-1.4061915587440048,0.40249719116840016,-0.9154212205873035,-0.07591948749504172,-1.8462898601404676,0.081157194795645,-2.2541312143013785,0.28347100173964707,-1.5435250731240795,0.2985336095568922,-1.0004112565854306,-0.41562090925271056,-1.7105483819069904,-0.5955851290096487,-2.59582824398849,-0.6150691383916013,-3.1117749169874496,-0.6552753590146578,-3.6441720484428233
6,0.0,0.0,0.2827362768830008,-0.18171241237183053,0.49011989309187765,-0.5776343681736449,0.42575450718788027,-0.980452716492878,0.25384857423558654,-1.200528466332729,0.5163615471417788,-1.078358639182659,0.6714415004451353,-1.5699443756830707,0.7914128575632096,-1.8702674685634593,0.8685513472711622,-2.1333475867774867,0.31470686575213164,-1.1552614183433179,0.4028341646503985,-1.5716357788591953,0.3979804394997637,-1.2131775181661253,0.36287809902755436,-0.9318366193953469,0.10723602365720063,-1.150737003371426,0.17442533286816114,-1.4511032960817143,0.21222789877374126,-1.1026258485479674,0.19325066202166047,-0.8493801834138216,-0.11393506613201775,-1.1170869325907056,-0.14891252840741342,-1.58565117285357,-0.15298895170066035,-1.8472209494736205,-0.1634368777748133,-2.1274901147594574
6,0.0,0.0,0.34940375217433917,-0.17910241275271957,0.5977553635541232,-0.599867682196958,0.520661510409677,-1.086252831189565,0.32397075842387424,-1.342095481559981,0.6991690409795003,-1.1003119915403887,0.8806979277228022,-1.5910704620290497,1.015334459723636,-1.9280260901477795,1.1010950181126717,-2.209967979058887,0.4530803945612836,-1.2156984965492699,0.5299462071132636,-1.6017966543324322,0.47613647572462764,-1.224437291107985,0.4035665177242883,-0.9149503078156167,0.2076170066700201,-1.2368241537807234,0.21855554269908345,-1.5761072784244718,0.24384631992964512,-1.244770256566774,0.2354997290285272,-1.0014513804293914,-0.04498518542803732,-1.2298692790639014,-0.04942165774463083,-1.7388323361483329,-0.031281457370952205,-2.025671647496497,-0.012733647155609132,-2.3370960311059936
6,0.0,0.0,0.3158338679270648,-0.11896426657052832,0.5935420252533357,-0.5224652963585127,0.5538557100761974,-1.0106291053860468,0.4142958773903144,-1.2983922596886228,0.7243639944814804,-1.1117562819331501,0.9006059880486001,-1.6622218915634028,1.0386046833987128,-2.0266378632409703,1.1223167153879485,-2.340934568006444,0.4703752001118942,-1.2416719512688246,0.5516102052032172,-1.6587872676511248,0.46835786849031025,-1.2384242498066562,0.39588576654975727,-0.918299765786375,0.2113857735509343,-1.2614236264530645,0.22473428930006153,-1.6036892877926214,0.21704093875165012,-1.2201627788460114,0.20874709222141208,-0.9579879075672602,-0.05813470858789291,-1.2468729010044526,-0.06883723659250994,-1.7812458271896665,-0.07615598115580718,-2.0724926192717317,-0.06571229812383811,-2.416149696015567
5,0.0,0.0,-0.10985518855614333,-0.06337678165127197,-0.20420470836324656,-0.17930302080789426,-0.2887998614164021,-0.2624618610392027,-0.3696871825176336,-0.3169109277959341,-0.15788017721463787,-0.4440090684699598,-0.2603253352844504,-0.5238147212465747,-0.3209344397739266,-0.48587490613735584,-0.34861340216536363,-0.433890668189586,-0.09557124115055557,-0.49276572330916507,-0.14356076014319974,-0.7134012849261402,-0.18269152144461834,-0.8564376938693974,-0.21794430072057763,-0.9759612091591646,-0.026087939232954268,-0.4902799778296065,-0.03935067322969095,-0.7082468122202538,-0.05413557750414201,-0.8480907425918836,-0.0728358112757419,-0.9765401471316254,0.04302741706272266,-0.44420096979446505,0.057529711558383496,-0.6201432397630359,0.06311096780248736,-0.7379338793115554,0.06008071079085212,-0.8516923220300764
5,0.0,0.0,-0.11348434319544398,-0.06426113365860923,-0.2191891456591203,-0.176186567490323,-0.31151673141360986,-0.253593134651258,-0.3931314920205454,-0.3080036848032343,-0.1535860825417163,-0.4429768458081671,-0.2633363435226916,-0.5116845973270086,-0.3341308029543948,-0.45524275025191213,-0.3716617359970977,-0.38748408303220544,-0.0908226171895564,-0.49231726505065854,-0.1491620245080486,-0.7180558578870245,-0.1963995637372871,-0.8570119689459886,-0.23840403434338128,-0.9711660601610828,-0.019054181605138235,-0.4915569735473134,-0.04373006920520471,-0.7149927910981927,-0.06612219260958602,-0.8543436230776773,-0.08865231117780713,-0.9826498737185102,0.05206595046892606,-0.4448677648441922,0.060015526387879145,-0.625274388700552,0.0606783290227217,-0.7463049685337185,0.05535329742117718,-0.8651322137551205
5,0.0,0.0,-0.12713305461515012,-0.04927132693566007,-0.2458359670793784,-0.15957909857281832,-0.3464611997198841,-0.23694815054981772,-0.4333981201259952,-0.2881520636705128,-0.17685871156211763,-0.42238864612404786,-0.279506415986346,-0.4751633581857229,-0.35670050715733725,-0.4315964682126468,-0.4090295479121656,-0.381647196786987,-0.1209647126717757,-0.4778114099134209,-0.1726572241156123,-0.6960444121568764,-0.220479477918505,-0.8428890303835144,-0.26797696158424344,-0.9634253204374882,-0.05248631764590615,-0.48582671307549646,-0.0677594476761219,-0.720937431562845,-0.08966083887765551,-0.866985151192963,-0.11749385495405236,-0.9916104113487038,0.0171161971225721,-0.4490482473996363,0.023437234631912808,-0.6406337201591722,0.02338262523658373,-0.7651629099273247,0.01376550756252339,-0.8782755978639988
5,0.0,0.0,-0.11467079637645249,-0.08169559888199383,-0.2005589513526057,-0.19876670280059242,-0.28406264474240395,-0.2837396947031094,-0.35839401305059015,-0.3484638019192385,-0.12162267733948748,-0.46709608724346385,-0.22662838671058552,-0.5549286828992657,-0.29605342139360463,-0.5052447527969111,-0.33310948464457574,-0.43053651089838,-0.06308748014039246,-0.5121652966085681,-0.10767421562767844,-0.7365493520134885,-0.14906669023564376,-0.8793092335908764,-0.19292557603715235,-0.9812133927493719,-0.0006764094561570419,-0.5115614947408866,-0.016635297245610466,-0.729470644277424,-0.036155977486016705,-0.8700266372124346,-0.05678823969982788,-0.9846718317274783,0.057126917441512104,-0.47024351977581974,0.0693442676098451,-0.6425617850668618,0.070155249436825,-0.7598562696607543,0.06719276522429944,-0.86873430491495
5,0.0,0.0,-0.11969947239249094,-0.045187919002793765,-0.23237553776116276,-0.13271099559536179,-0.3188620911327174,-0.20905803120613642,-0.3633237613339579,-0.2876550066493174,-0.15562987583391097,-0.4336800264168434,-0.2637905146374366,-0.5161168966460467,-0.3289433080172469,-0.4468648406795288,-0.3566504439621602,-0.36171968145260003,-0.09229986172002756,-0.4871919359747068,-0.15026363566819817,-0.7090910906681688,-0.19710502440036043,-0.8541044243359459,-0.24021183911644242,-0.9707204913610799,-0.024859588431395872,-0.4876663534303096,-0.05224023946930624,-0.7013293954748553,-0.07659351085996383,-0.8455542690402019,-0.10202406868592377,-0.9739807427197301,0.03869670892087778,-0.44134540666662764,0.03823248226884719,-0.616647467519143,0.027407952911666714,-0.7349273846735633,0.012968295236089965,-0.8475148611497861
5,0.0,0.0,-0.1061352002150841,-0.0431301473139317,-0.20562104463470554,-0.1341205480214316,-0.291028808538799,-0.19925758027691234,-0.35818980477460133,-0.25568405931212174,-0.1666164397399251,-0.429389516572411,-0.27142705057113464,-0.4971348859616881,-0.327404578712818,-0.4200102199811572,-0.34835971481009426,-0.3378300967091629,-0.09730097054312493,-0.4758942422766855,-0.15921734823547212,-0.7071962299689404,-0.20541299796551,-0.8499781984179181,-0.2471925308694205,-0.9689663836699242,-0.02609880210567903,-0.4705748497643017,-0.06595071736500238,-0.6918339410835588,-0.09297498168365279,-0.8454698040654539,-0.12143515186969568,-0.9826416136701003,0.043958495491282265,-0.4199349853922968,0.02002652631477097,-0.593964719084572,-0.0076677096946800236,-0.7165714193658023,-0.03868132647264667,-0.8299269521668073
5,0.0,0.0,-0.11741042925111231,-0.0656815366071968,-0.2112062401523878,-0.16503371180295398,-0.2968946698025703,-0.23302251024758414,-0.3590659644577099,-0.3004503354463148,-0.14260328722611723,-0.44048475401805887,-0.24015683377407535,-0.5292998010471905,-0.3110506922701964,-0.4697420042908288,-0.34484797510204124,-0.39222320317294035,-0.08706572084504671,-0.4884990915617105,-0.13958560258927002,-0.714758705753514,-0.1832229094633583,-0.8572801882756202,-0.22052305056075155,-0.9753817632964952,-0.024765819194512626,-0.49066279210195934,-0.052940658410841016,-0.7077071916731852,-0.07353815291014776,-0.8451176443348983,-0.09221243073486704,-0.9707382189297172,0.036894879518882734,-0.44696417259053184,0.019709582830522137,-0.616994770872247,-0.0016419823365482074,-0.7276887091353209,-0.024612631065550734,-0.8307200164289767
5,0.0,0.0,-0.1016174906782889,-0.04856082827787222,-0.2073743185952388,-0.14535501286694183,-0.2990303542908639,-0.2194381229246245,-0.36877929827630684,-0.29699934863376937,-0.11741679446695405,-0.4138018192805157,-0.23935859568316356,-0.4951002431082169,-0.30857947819776194,-0.4489869612840215,-0.3473905930645664,-0.3896938559855547,-0.07298769638837263,-0.46353841519696776,-0.1246523444387923,-0.7058896792521723,-0.1637360571921544,-0.8568465749951367,-0.20619507978335413,-0.9785109039112115,-0.014475826647751188,-0.4641459443800681,-0.03677863211468655,-0.705036361457188,-0.0494221962407338,-0.857925297490683,-0.06715797160499964,-0.9879592160827665,0.04330680127984657,-0.42901892606573083,0.03351041166604119,-0.6135517426390216,0.020729846976579022,-0.7338107633498894,0.004088451315106887,-0.8405955016935825
5,0.0,0.0,-0.14140602432638888,-0.05778877525310826,-0.25603600984696545,-0.16837566538118223,-0.35745638204395963,-0.23686032767645432,-0.433786672970845,-0.31040059077225185,-0.14876581880829803,-0.44940528783326616,-0.26629061231245915,-0.5245072794315057,-0.3536545414288078,-0.47963073247900295,-0.403668751268482,-0.4220883651254994,-0.09871847383843188,-0.4971487992862072,-0.15641460371080276,-0.7230789944976106,-0.21967643807692175,-0.857322705285241,-0.2742713303210089,-0.9616523474540808,-0.04789012609255295,-0.49285054122725985,-0.0689870086001555,-0.7353099855772378,-0.09525352551687052,-0.8824539284185062,-0.12009933216916785,-1.0047126127467805,-0.005752768372557565,-0.44403994559833765,-0.015891010012962416,-0.6415644963535183,-0.03203069973211464,-0.7713164299480954,-0.04952300092804927,-0.88648319903679
5,0.0,0.0,-0.11890923579529063,-0.05318017315418275,-0.1917786026826806,-0.18960608503615595,-0.22315628357166578,-0.29136973241848085,-0.25387149902719214,-0.3741411549090499,-0.11064052927741233,-0.4428813792562588,-0.16870532877657837,-0.6489103823457305,-0.21608970395429858,-0.790664606233425,-0.25918262974403555,-0.9067840654547145,-0.056471305370852654,-0.44318022101854615,-0.07025196652311523,-0.6816717203103391,-0.08864460668210088,-0.852309521594979,-0.10543523248345248,-0.994426172096833,-0.008077811132025112,-0.4039854761807946,-0.012434605749839298,-0.6303951494656934,-0.018346377426228154,-0.7940253790021454,-0.017777423269941264,-0.9267830152935536,0.03385333562001665,-0.33408748645763653,0.03204810323081776,-0.512871331123985,0.027343246682987977,-0.6366242116653779,0.024980396971556934,-0.7430266662145181
5,0.0,0.0,0.12215454831116014,-0.16788651135899954,0.16631924995220068,-0.44774369803366026,0.1579739925240822,-0.6868006569368266,0.14311961103470813,-0.8662053730015544,0.008138936921097396,-0.7492528219590932,-0.06785998635788311,-1.07143271891471,-0.14542845466813864,-1.2629373681984657,-0.2223058783543004,-1.4057821499918677,-0.13303105453908415,-0.7021569393708549,-0.2958931948984227,-0.913726208318402,-0.39746404577355554,-0.9293386538458445,-0.4633108682236621,-0.8861958245138805,-0.2352369515946342,-0.5880299268215633,-0.38465410391847954,-0.7679044738002583,-0.47520209802317204,-0.7449073824450001,-0.5267787496977216,-0.6693503901461693,-0.31176140636719635,-0.42391695597740675,-0.4520641169665361,-0.5350617535368593,-0.538443106369925,-0.5701122120294356,-0.5934198763134532,-0.5592602299426253
5,0.0,0.0,-0.1255618145382197,-0.08619941610080398,-0.22098992877212256,-0.21122761189246403,-0.2883043441189461,-0.31216314640375914,-0.32871774363147027,-0.41153370852358423,-0.14375669930649346,-0.4897105604006699,-0.22309643345842653,-0.6015523970589541,-0.2808012088310889,-0.5941513192557368,-0.3187933354526778,-0.562375830565495,-0.07334644929860139,-0.534468770796714,-0.09794926156167828,-0.7501889586206457,-0.12548063244816524,-0.8831194463463047,-0.15897240603049964,-0.9872830263510428,-0.003402825757913129,-0.5352292900739637,-0.023444705405291536,-0.7445096233290205,-0.041857212751106244,-0.8685884662087495,-0.06697563361639458,-0.9724894664953199,0.06397817254680382,-0.4919281276437879,0.054435388411511035,-0.6710482229197117,0.04119820519654648,-0.7847852179491833,0.020428551988915127,-0.8857000817266243
5,0.0,0.0,-0.11420800769935062,-0.0870503248709509,-0.2062619631958664,-0.21197584647616224,-0.283336630865889,-0.3039778165349997,-0.35204138507746263,-0.35978566733804646,-0.1237624925577986,-0.4570878301098492,-0.21104565543125395,-0.5520004686941771,-0.2793423949049209,-0.5303275720311436,-0.31897645377998357,-0.4892061878547645,-0.054763369192920186,-0.49746155275574866,-0.08065805097837203,-0.7243650886090957,-0.1055294065179138,-0.8694886941999813,-0.1268371151559666,-0.9919235586570732,0.02001671543635508,-0.4870767198518043,0.030909922062111114,-0.705095002734234,0.0346630642686854,-0.8438100809210086,0.03527992373016806,-0.9703904937916656,0.09184240185435107,-0.4316509555658867,0.12734600486227132,-0.6026713068801965,0.1501801246269917,-0.7142730124069151,0.16578285071725438,-0.8204415302175758
5,0.0,0.0,-0.11540327424512835,-0.0638825090240982,-0.21540126985520164,-0.17579553396980221,-0.300799919014051,-0.2619485013300693,-0.368808556400506,-0.32399734887316173,-0.15359671116086204,-0.43758399295138045,-0.2615591212864213,-0.5077104937471933,-0.32526247648743195,-0.4799649229642295,-0.35492829543222615,-0.4259418546713815,-0.08508025459227372,-0.48698741480317775,-0.11948454914669764,-0.7133788226315686,-0.1444911986009357,-0.86611018702431,-0.16878448301360552,-0.9856529806650157,-0.009136844977461958,-0.48225231945436103,-0.0029777497561653534,-0.7079199614386822,0.0004099216285884282,-0.8469368276530106,-0.001222484324014269,-0.9680930457817539,0.06295332733062484,-0.42974958846716266,0.09529670286938628,-0.6072914171769584,0.11513103323965287,-0.7247974736678177,0.12714096989810936,-0.8365381703170758
5,0.0,0.0,-0.1298861131683094,-0.04938173483639602,-0.2411126533175387,-0.16217542103663618,-0.32780194063816326,-0.25489165517365436,-0.39593650099265415,-0.3326796134126448,-0.16901586989004333,-0.42883258018903,-0.2743649822635291,-0.5067133498679182,-0.3364391383171826,-0.4823343742538575,-0.36603596930179294,-0.4372724984258768,-0.09234820180813615,-0.48455649309355675,-0.12872184311642057,-0.7105440951384574,-0.15495452719062677,-0.8595184277790885,-0.17688663284067346,-0.9842312325476613,-0.010882314601245871,-0.4868075328096397,-0.011035047072605244,-0.7069553861290744,-0.011964421640489217,-0.853294327537413,-0.016333175202441968,-0.9834710356553549,0.06714570581426234,-0.4407028672122705,0.09449754589353669,-0.6234739217661136,0.10806994305757837,-0.745648683350352,0.11199259682694682,-0.8614163051593755
5,0.0,0.0,-0.1231978640693279,-0.069132941252196,-0.22365204151971826,-0.19898811562432467,-0.3055525605639226,-0.30435942785293024,-0.35244125771321705,-0.3878365865509459,-0.12096245312571267,-0.43928703898419313,-0.22591449808694555,-0.5350173677131158,-0.2972283984272178,-0.5245528750251387,-0.337329245063744,-0.491776464073844,-0.053715733765607336,-0.4938590371933582,-0.0783187168557951,-0.7181538029328706,-0.10529846934901044,-0.8655688592969066,-0.13430760523530294,-0.9909396889699988,0.01694810998580271,-0.49939713948970627,0.032994699184536846,-0.7178330418368316,0.0359849835338575,-0.8561394927766417,0.0339077594376799,-0.9801576806608161,0.07864903407217702,-0.46202014775922906,0.1125290266696152,-0.6376162030145565,0.12830383740174106,-0.7531332301808318,0.1371536462586926,-0.8644870644031173
5,0.0,0.0,-0.12913065766001042,-0.08082267699824441,-0.23311694634725943,-0.19833922645202012,-0.3229580834819459,-0.28514827747134036,-0.38862497549708874,-0.3652746728814082,-0.12286393754267205,-0.4435666781808231,-0.23574721957564926,-0.5187224741240815,-0.308258867450579,-0.4993931496756521,-0.3503320277386158,-0.4616175352348957,-0.059990967537696685,-0.4936625310746974,-0.10015169174042511,-0.718543025563313,-0.13049980704396694,-0.869388489081223,-0.16362871281273417,-0.9865219938466896,0.006490575793850254,-0.4979449013157948,0.0075886702690032065,-0.7259420936669031,0.006303389337176505,-0.8730048670052601,0.0018177279144764526,-0.995455408647257,0.06642443349929902,-0.4624219662450949,0.08513861939669362,-0.6464587723114966,0.0960850009308757,-0.7728756599384858,0.10141690370734041,-0.8919495982341371
5,0.0,0.0,-0.12980432894346866,-0.07202566932200409,-0.23270394586833326,-0.18840949008303798,-0.32727354720573204,-0.2710062656473689,-0.40335062187758774,-0.34890759214515343,-0.1252838946573418,-0.44598688526940927,-0.23686106583902455,-0.5199231869756888,-0.31193878891567184,-0.49101805186540326,-0.35319489084950145,-0.44750514293756954,-0.07464555340368308,-0.49020542817129653,-0.10338160442756535,-0.7181209909978487,-0.13872278799122695,-0.8633032536838158,-0.17826640202786398,-0.9839822609722393,-0.017400952778381933,-0.4871804183813674,-0.00925010345714705,-0.7201143565636509,-0.014124007106642477,-0.86400544785534,-0.02644105036041353,-0.992326450918404,0.032090570173354295,-0.4417182089442723,0.05451974325953451,-0.6192614814507348,0.06030626210425068,-0.7350620184552703,0.058021877383071026,-0.8442460359875154
5,0.0,0.0,-0.14348490991563176,-0.06390938607108348,-0.25078139763160434,-0.1777712183151313,-0.3566762674121638,-0.25896748405149317,-0.4411481649117702,-0.33728080428249957,-0.150005840359409,-0.45888588475117986,-0.251028590544911,-0.5334446020570602,-0.3358367882652182,-0.49182215386204536,-0.38749607514145645,-0.4416522275500463,-0.08974355776081402,-0.5070517805863409,-0.12531347041503257,-0.725571060319581,-0.17503212233699242,-0.8670600657989378,-0.22273142216364838,-0.9748798457148238,-0.028192460316604745,-0.50141875964346,-0.019110710540320614,-0.7356750163740033,-0.036902459244846975,-0.894446807482935,-0.06236444587062768,-1.0215708962032397,0.020244696399331796,-0.4536318102342439,0.04347791480049285,-0.6469799659691801,0.04405480164961511,-0.788897480518831,0.031497277591947384,-0.9158772854960111
5,0.0,0.0,-0.13900754768059972,-0.09553564549799753,-0.23450405954393472,-0.21309595305915058,-0.33191329952727266,-0.29014204641230856,-0.4092408165038948,-0.37131300847712834,-0.14111112399545273,-0.47341002179975245,-0.25517270099954503,-0.5461625471950493,-0.3273249095534346,-0.5050527213627177,-0.3671799917066365,-0.44575195252745875,-0.10306341900442316,-0.5086523271833222,-0.14723370163787303,-0.7348127744852999,-0.18425176742012675,-0.8748443380664688,-0.22082214901229638,-0.9753140922316211,-0.05413139931456099,-0.5054618457250991,-0.06462454980885587,-0.7493196472831314,-0.07525047923366276,-0.8964998127316494,-0.09121355933423127,-1.009210820294315,-0.012042716189401406,-0.47202427799168645,-0.0008843512865388494,-0.6690380286254013,0.0011873213613458262,-0.7938386324060892,-0.004844709542808305,-0.9038503946488696
5,0.0,0.0,-0.1397885903850457,-0.055299715727743365,-0.2513624313403807,-0.16886729866807654,-0.33111881923944525,-0.2658889674567568,-0.37606264880621193,-0.3746809375729626,-0.1697911548351321,-0.46206800365266837,-0.2716212601758667,-0.5844635521779007,-0.34022584640903786,-0.5408300961437245,-0.3717835847129515,-0.4700745973743133,-0.11360471927484915,-0.5231512243027655,-0.1903717520400049,-0.7229497952703966,-0.2473351755540641,-0.8522692935715056,-0.2990656103563121,-0.954232550640674,-0.04913867803691509,-0.5371314969178742,-0.10721703014884593,-0.741283344750484,-0.1519907513446039,-0.8684319248125654,-0.19297632683047716,-0.9760809942853851,0.016989753246432628,-0.5072661572135557,-0.0011902794185508418,-0.6823097074901494,-0.020686735244812005,-0.8000737561281018,-0.04322142241299008,-0.9084616290171914
5,0.0,0.0,-0.13596788909845153,-0.04771327320042075,-0.2537758317119253,-0.15591452093940694,-0.34915589826479654,-0.2502550581956731,-0.4172875587695717,-0.3346084855120639,-0.18551624667073643,-0.4536703044887825,-0.29085883382455674,-0.5611384900577806,-0.3493370197368872,-0.501614297657128,-0.37784949772778276,-0.424892921351455,-0.12918578957861737,-0.5260178371394558,-0.2104848611563881,-0.7243884905908563,-0.26871001677376805,-0.8475164266420125,-0.3194608529935422,-0.9475994741475104,-0.06509889540521227,-0.550480630931196,-0.12334036394987982,-0.7510200041018912,-0.17004259550245152,-0.8637530670049787,-0.20981747051353222,-0.9600579925714624,0.0023054004593260316,-0.5336783158249322,-0.01315025850974458,-0.706032968900419,-0.026208157063522402,-0.8062615133235632,-0.039334306026319814,-0.8965712581898492
5,0.0,0.0,-0.12675639623891788,-0.08404850803913813,-0.21352877614599977,-0.20840320221773803,-0.2982890918270174,-0.3012327052897181,-0.35999017053899696,-0.39608003274895387,-0.113453047326541,-0.47109312913074686,-0.21887317916823568,-0.5620029016496217,-0.2979398321524024,-0.5359304730331949,-0.34054489292022083,-0.4897628951467446,-0.06874832225750989,-0.5226462866372567,-0.12533734345907288,-0.7389072041895443,-0.18513557288242904,-0.8728987335883,-0.24368413248374662,-0.9698546507470301,-0.016188904512772218,-0.5282889633528689,-0.046065320767478254,-0.7552132509903079,-0.08692088940948187,-0.8914635334986267,-0.12944696182828958,-1.0017325519218498,0.034078938609871115,-0.49108459549932504,0.037228320999092235,-0.6678441526025766,0.013670345320957473,-0.7880624807327641,-0.021077798550496355,-0.8966722590607208
5,0.0,0.0,-0.13814607364750991,-0.08016521235985839,-0.23929308393538823,-0.19560841048652516,-0.31940772885819513,-0.3001269005303826,-0.34951903136259405,-0.41306242970811463,-0.13664725481330364,-0.4718408882058242,-0.23870471693251852,-0.5944077294087933,-0.3136467294826746,-0.5599409048233932,-0.34949523492162865,-0.49418764998762,-0.07662799039255525,-0.5272664281715077,-0.14140618605977087,-0.7361631282397315,-0.1963983333443719,-0.868372138594128,-0.2478642050245139,-0.9687947852190193,-0.01337633641327058,-0.5356622289818208,-0.04871012483414286,-0.7500014130632431,-0.08569978859959308,-0.8830098945974237,-0.12186645245425466,-0.9917225073614343,0.046189248860472314,-0.501419864325827,0.0526186902627112,-0.6759369537647889,0.045576014576793736,-0.7927171549270972,0.033203768990058564,-0.8985892162786182
5,0.0,0.0,-0.1349689146820946,-0.07337984927882905,-0.24006836509514293,-0.19097324066444762,-0.31186733693518515,-0.2874583744332462,-0.34579227318915967,-0.3937943631487358,-0.13820131221056314,-0.45606982991280404,-0.23192379288816617,-0.5704659699483332,-0.2990041859425659,-0.5402942018393416,-0.3353926240950207,-0.48232805354457436,-0.0793844746048954,-0.5097734823878717,-0.13166132067895447,-0.7249263596594524,-0.18050995480214707,-0.863463603947081,-0.2266260611298977,-0.973981841933795,-0.015098261113991412,-0.5142197074822542,-0.04676473430414923,-0.7255146202796318,-0.07794266393836613,-0.8570129374203229,-0.11134274281089841,-0.9721693616883139,0.047681921118660674,-0.4729606045064864,0.05771901578134736,-0.6450882541475708,0.055778970087762676,-0.7613083757527349,0.04466191860172573,-0.8671666800305203
5,0.0,0.0,-0.13199716061354347,-0.06812199279893118,-0.23467472165903008,-0.18859677001999092,-0.3067164376363752,-0.28523078593270074,-0.3442410748142832,-0.38899505966597386,-0.14273513141354055,-0.46193759249076827,-0.2344336069158362,-0.5773792018132065,-0.2990893266793032,-0.5440253466389885,-0.33162437443595005,-0.4806946465656787,-0.08061714139745914,-0.5152619722269314,-0.12997418335041455,-0.7283369777113438,-0.17850516455533894,-0.8667500015897428,-0.22533418686458903,-0.974281532325269,-0.015001642229255279,-0.5188267501696101,-0.04708452672416298,-0.7296751001920092,-0.07777325091114175,-0.8618138177387233,-0.11106416589523918,-0.9745692672650484,0.04717531034411371,-0.4785291764557715,0.05525481854132677,-0.6510632706883329,0.05262583721718655,-0.7692873511665806,0.0415978501879912,-0.876381371537789
5,0.0,0.0,0.12919121862407854,-0.060155784960378586,0.24950366979333358,-0.186380028731153,0.3433346665484549,-0.2915275780714418,0.421233445818266,-0.3663083113168884,0.17354728810543105,-0.4426222910559551,0.2653990636806979,-0.5212614449566044,0.33566906354356735,-0.4880322078480961,0.38531728203980664,-0.44006333425715644,0.11023808128813134,-0.5141171004381964,0.1563981923372296,-0.7294764824506448,0.19703778511785477,-0.8628829644252349,0.2239005683462733,-0.9746119922790893,0.038875648019531694,-0.5251171589199923,0.04248108740952965,-0.7440051228641618,0.05492941485122429,-0.8836575794599211,0.06376474934436795,-0.9933704995896538,-0.036203576681401645,-0.47860190472625974,-0.07656343601028007,-0.6420983019284027,-0.094663650692949,-0.7631241237566689,-0.1054107279095402,-0.8690027001990868
5,0.0,0.0,0.1470161721018009,-0.08629472000594739,0.26202774882537594,-0.23466302913977105,0.33164330390669655,-0.374938750308854,0.39561948092371296,-0.4905423683550677,0.17955117428105835,-0.48662076970073737,0.2644326932473062,-0.6158453697994151,0.3292966660084464,-0.6178499275450369,0.3735048015792213,-0.5641819863926066,0.09967112273647717,-0.5460612849030738,0.14947383201089404,-0.7569183461518778,0.20350226189877132,-0.8806764529242735,0.2572126492876184,-0.96635482771415,0.013593217041187747,-0.5531661991516202,0.0412519415722248,-0.7585696797060988,0.08613043101114219,-0.8921780137598085,0.13039016005835025,-0.9874176315081538,-0.08140355194414528,-0.5107870551729723,-0.11011253556953433,-0.6894342311142854,-0.1115406650570776,-0.8269637074111811,-0.10156690249271529,-0.9438419296462852
5,0.0,0.0,0.1395481484403462,-0.09269213377565266,0.2567712134383403,-0.2475239203202426,0.3504416799311703,-0.3644336579859719,0.4301246458644719,-0.4528411694642341,0.14985174109548585,-0.49495756070861946,0.24178790819638396,-0.6191718938966069,0.31466512998296564,-0.5993764006098616,0.36432210995155884,-0.5417939619972797,0.08390436794417262,-0.5462264389755369,0.14642392645334898,-0.7657659651703345,0.21691186915902388,-0.8795080696040368,0.2756693096018125,-0.9612525327631964,0.012708883648490536,-0.549494864519636,0.04638938178775111,-0.7809532397893523,0.10498558373228041,-0.9078799617443145,0.16529652036113512,-0.9998854813535192,-0.06347180494954509,-0.5042142468331053,-0.0932548381272597,-0.6836499185719325,-0.08235826935899253,-0.8037719184171394,-0.056030013131907294,-0.9045699246952316
5,0.0,0.0,0.1599541909137221,-0.08125248479880175,0.28605739964725907,-0.23585407312628337,0.371366526071197,-0.35725516101800053,0.4502000334781282,-0.44746375289836476,0.1915346380557034,-0.49056384735613956,0.2886270654256579,-0.6011869381921816,0.36931446877497864,-0.5869020160542303,0.4330921032642375,-0.5389060804203285,0.1319205359373091,-0.5496108261769969,0.1985411375672542,-0.7632248860931905,0.2775577987448031,-0.866138724363029,0.35268851679469226,-0.9357407814780544,0.06437262901275942,-0.561803364519625,0.10712086200429458,-0.7935542674081975,0.17396208531668386,-0.9170746149202741,0.24135113646248152,-0.9971365491638594,-0.012471607925673502,-0.5228617488587763,-0.029465347787035814,-0.7092109095916178,-0.008273823553670553,-0.8386608859505432,0.023362723363647666,-0.9441287953842533
5,0.0,0.0,0.1545772882744719,-0.08802007373067079,0.27838796907510466,-0.23867575758294515,0.3717398167484319,-0.35650475122155123,0.4577550734295198,-0.45198390429711965,0.16636667453110587,-0.48672822922788683,0.2603969626881043,-0.5833887688131841,0.34361118095263643,-0.5594642326756749,0.4055522510453693,-0.5055586715505537,0.11621188376523164,-0.5492882844663172,0.17570695278028242,-0.7724212492505417,0.2548816915899281,-0.8735417394536557,0.32733218702123923,-0.9449093286341778,0.05681604820421769,-0.5676806967653537,0.07616346481162477,-0.8183754474228003,0.1339858758148934,-0.947543440187349,0.1903552793265582,-1.0351318389780209,-0.005772487223820019,-0.5342643018653859,-0.04105223971920528,-0.7243343556236286,-0.032781780956006465,-0.8534901795798905,-0.015943068918111206,-0.9616407574454364
5,0.0,0.0,0.15665221706962962,-0.08504559698544903,0.2597717704197553,-0.22072086599712182,0.3433352532432023,-0.3302886834870895,0.42274907449846055,-0.4160057131467683,0.17537349858437173,-0.4562747220811279,0.26072915000469266,-0.5366462162002062,0.3314901884140505,-0.5204614450868261,0.38650308931070665,-0.4936585120225036,0.13317137122207562,-0.5068747729401911,0.18538838587344178,-0.7260728763221581,0.22200226009175122,-0.8619738527620161,0.24952167346669804,-0.9683692139212081,0.08264399487016448,-0.5248609216073644,0.12021724296981415,-0.7479947689404225,0.15934428259041652,-0.8834848616655099,0.19412094057545753,-0.9858252903356501,0.030232125729081252,-0.5030562818864343,0.05161239090663304,-0.6904115719151085,0.08018819481734273,-0.8094017360393835,0.10867061873177622,-0.907530621297069
5,0.0,0.0,0.2808935551960454,-0.06907865826078784,0.5349119512748097,-0.27950397960461487,0.7152070271893541,-0.47636883067735164,0.8748884937819651,-0.6339616071998245,0.4007902030151394,-0.6714060133613596,0.5600754229384958,-0.8874047481727024,0.6859576169244508,-0.8468054797589252,0.7736986150550546,-0.7638965470249374,0.2781373935526652,-0.7113972213713395,0.39064122541735025,-0.9215271658792523,0.4946536513117599,-0.8956648380462912,0.5651049658961581,-0.825019016459319,0.14690974417326025,-0.713035678100858,0.23824253496095893,-0.9418601220029166,0.32494538748287055,-0.9939903234776587,0.38510797906656785,-0.979248087553479,0.01738409564373655,-0.686075276870895,0.07832884818864803,-0.8984516093574072,0.15740782696889646,-0.9568782324008668,0.22266079338157904,-0.9498643563837436
5,0.0,0.0,0.13643127240447683,-0.07338002737663202,0.2551870176822224,-0.22598146678475214,0.33955360761276154,-0.349687375216822,0.41596480365004124,-0.42434089965446187,0.17184415223323804,-0.46205738257795304,0.27112264548900566,-0.5415323412251222,0.34265380682696134,-0.5205185075076246,0.39603199114592363,-0.487742649719627,0.11665017615672477,-0.5118822088599937,0.14245161499538056,-0.7371540882150415,0.15967171887765313,-0.8745566603069242,0.17133452010477718,-0.9852129121263412,0.05680356821833452,-0.5225996483214242,0.07261835824698135,-0.7433212065057941,0.09493622440951321,-0.8759836577141509,0.11381457119152796,-0.9815793729742847,-0.0026603524465366327,-0.49393110846977795,0.0005068187559999889,-0.6731685290548252,0.015250468684300234,-0.7866901664162199,0.03229833927689504,-0.8837635932322286
5,0.0,0.0,0.12038762654951489,-0.06680663093965424,0.22863981178138565,-0.18414285956731052,0.3031395760807075,-0.29632561296773846,0.3573633065582694,-0.4037208183760076,0.14140517841276246,-0.4549566441745721,0.2242222711988657,-0.5670642364645104,0.2825946802294247,-0.5530994452995589,0.31862605761402885,-0.5075038523961555,0.08126719910579729,-0.5062606160466472,0.10170779996852451,-0.7441208349528495,0.11968483437543195,-0.8841343159273842,0.13110195022282528,-0.9913688913052354,0.021094216195946962,-0.5149488109271874,0.03153151749059561,-0.7368768787058699,0.054758376510178064,-0.8750466218490892,0.07672854176237406,-0.9813998795199421,-0.037719853836251024,-0.4855744173076439,-0.03370088188535603,-0.6591237120524973,-0.020624351882371852,-0.7758069695850238,-0.005604871382225987,-0.8733776872861696
5,0.0,0.0,0.16362422045709413,-0.05922808773214763,0.2952518197700608,-0.18584396460932834,0.39128580376781075,-0.2921992239819329,0.467623993595538,-0.38059587804117884,0.21065500768546222,-0.414183709711473,0.3139668157744098,-0.5438698706518533,0.3810594443444729,-0.5084030769314902,0.4334031219223005,-0.4590992462340974,0.15125904821065303,-0.4690396563351441,0.17997446095487682,-0.7103029224421251,0.21587311557982058,-0.8538377345476955,0.24134930454685807,-0.9704383098346581,0.08571184089619367,-0.48760713880021594,0.09880076396000237,-0.7387161660495581,0.12907895249386253,-0.9207680982245537,0.15568879302247624,-1.0598652892297784,0.018013272095561264,-0.46602637524142076,0.026215291872203148,-0.6571666766446699,0.0345313175877977,-0.8023724633847492,0.047261068545339235,-0.9318109884741258
5,0.0,0.0,0.15364939879383008,-0.108146404638757,0.24780015227832713,-0.2507151779056639,0.3092313789646184,-0.3451406957858979,0.3797840861657511,-0.42515118527627344,0.1374835294186692,-0.4728609098302551,0.2280317821938494,-0.5853163668476951,0.2991549408952019,-0.53274559962841,0.3577813964242636,-0.47157406068008284,0.09472551260122336,-0.5107831143076499,0.09462192468047147,-0.7441883404064824,0.12427658233429245,-0.8793404749532986,0.1479437556063566,-0.9889957761169088,0.047811671477969116,-0.5169786975915905,0.042688684704150534,-0.7546141056621176,0.07384557233346943,-0.8974389257054177,0.10209604956846458,-1.007396118992526,0.011813330582221667,-0.4838900490836956,0.006858340852157132,-0.6794795303702227,0.02957219756641057,-0.803711703229579,0.05290850486585529,-0.9097278889435669
5,0.0,0.0,0.1708663736457943,-0.08793672885931006,0.2805595618367167,-0.2128983170500526,0.3656149069142393,-0.30807142972990725,0.45529447681785185,-0.39521501108830337,0.16667642550896247,-0.46974182245204343,0.2489968978444496,-0.5513111987265976,0.32530573454883804,-0.5265041941387288,0.3829003424613288,-0.49044795149867637,0.130427606388088,-0.502744748263659,0.1483063495247273,-0.7449709341996261,0.18331044602216484,-0.8727629665869063,0.21021438389326677,-0.9776553139038188,0.09298347508575427,-0.5057014423515942,0.09448222663525808,-0.7625608604007597,0.1337684021516676,-0.9037131131272688,0.1654595141787857,-1.0167508721542236,0.06107627600000665,-0.47067545999107563,0.05165618001554084,-0.6895028867212641,0.0668780367170184,-0.81483103922575,0.08127702319523186,-0.9245859187905536
5,0.0,0.0,0.14408171911861103,-0.08977398351767493,0.24862232231738107,-0.22278625673748287,0.3320955277359317,-0.3275451100594273,0.4134697105078875,-0.43024232059012735,0.14657782156856738,-0.46576575133769366,0.23935183992855172,-0.5534698833365844,0.32089882337176723,-0.5021263331633351,0.38064194240577687,-0.4305625073411678,0.10724883400898987,-0.4962554697777312,0.11913479322453949,-0.7261011162568853,0.1434089744762888,-0.8683770776362313,0.16341266957373543,-0.9865578033864945,0.06332824600423419,-0.49952425928723054,0.06978846820099424,-0.7269847138921979,0.10000660297734512,-0.8721936721722789,0.12185350523489476,-0.9790786786809919,0.02619743509961246,-0.4695422297758778,0.03079599209355307,-0.6491069389052493,0.047810597318743236,-0.7811790577483059,0.06113118239708038,-0.891546187928567
5,0.0,0.0,0.1457181295975217,-0.09401112084195243,0.2576660208710204,-0.23892618719358505,0.3274631810557168,-0.36998599228313733,0.3705244004084857,-0.488923449784418,0.1596443077010691,-0.48562698305161967,0.24581106943252382,-0.6196871070771203,0.3137784468038746,-0.6189107542863233,0.3614127526753904,-0.5703796652970125,0.09230981648399486,-0.5341058758459362,0.12217507958519724,-0.7645491024371944,0.15864091604198985,-0.8908852976791952,0.19487615612447273,-0.9808278563408311,0.024616250437222806,-0.5417184721867052,0.036459071363363196,-0.7670503207734102,0.06925653590805214,-0.8992893516314356,0.10421649755931815,-0.9916054083309215,-0.04260854129070712,-0.5130008838578958,-0.045136470082014817,-0.6959854637277195,-0.029381500601227815,-0.8214410304284766,-0.006125325542173397,-0.9235476936343795
5,0.0,0.0,0.1379424327835601,-0.06040497092362278,0.2567033927302692,-0.204690377848877,0.3309677543169999,-0.3468384536625172,0.4019165244199399,-0.45326761679547295,0.18102933298912388,-0.45721831256204926,0.26176721889870075,-0.5705186295158022,0.3249247147177748,-0.5647970603048477,0.3694944536861354,-0.5275993722284986,0.11223008409919491,-0.5129278886199404,0.13906595379565379,-0.7421215312389021,0.16389614547558665,-0.8740522703982581,0.1901022513146338,-0.9817642965829975,0.04596655044415556,-0.5243951170041343,0.06557885629323904,-0.745320213845485,0.0966271606476992,-0.8752810326190795,0.12702178532676867,-0.9753393004733318,-0.019450932125827443,-0.49665079451308664,-0.016673852883276462,-0.6736108975115735,0.00028147524606780193,-0.7885702872654634,0.02122662356266268,-0.8863786687385357
5,0.0,0.0,0.15963981974626357,-0.11156771454975867,0.26276983859855446,-0.2581832115406107,0.3349667888023925,-0.38334520154028223,0.40908302107943595,-0.47811664976497253,0.16815485415743947,-0.47413381108877733,0.25585937233727435,-0.5941832497613349,0.32272951355469015,-0.5765541211470672,0.3814397899972527,-0.5373703462590862,0.10233036177169451,-0.5104155453166569,0.09357322356108441,-0.7294458228829733,0.11397330581731366,-0.8747549155828247,0.13759692030238072,-0.9904883076156429,0.03840875901440159,-0.5133109659509925,0.017532875541228794,-0.7395630086092416,0.041093337082085804,-0.8850044492845215,0.07347230342160392,-0.9984617608713137,-0.012703934524302702,-0.4754686394586612,-0.03290447028959205,-0.6687121303111119,-0.019679340085951878,-0.7946301692851448,0.007271520364950181,-0.9024375515802804
5,0.0,0.0,0.3007582322657543,-0.08842421302812095,0.5218294137545871,-0.30504286135690467,0.655208587165292,-0.46857022473968124,0.7735445107332904,-0.5832280485676581,0.40179664009936855,-0.6171799220775939,0.5565417669292346,-0.793882200907107,0.6891977318900844,-0.7425066770588138,0.7836477639901123,-0.6575474017980611,0.31491707106429917,-0.6448083576029,0.4779397124291394,-0.8103803133435302,0.6153667600957348,-0.7711827458450676,0.7180845758224244,-0.695955847713006,0.22350418396998384,-0.6552918506920777,0.3728919867687966,-0.8287921098806995,0.5111836164588414,-0.8200888222065496,0.6181156498929496,-0.7654330642467788,0.12671010457894333,-0.649427785020608,0.24214401424534038,-0.7888221285846893,0.34679828072618607,-0.8157705021403932,0.4343061359545542,-0.8022070847693374
5,0.0,0.0,0.1250952446164052,-0.10529517188220623,0.22373318097883166,-0.25257810389523994,0.3000213759486332,-0.3684752210631341,0.36872131368006317,-0.4565730507974599,0.1236538531978557,-0.4805222221073849,0.22094952355946076,-0.5671307039131955,0.30077468323196954,-0.5644693470670864,0.3643340961176536,-0.5397514948557979,0.06478379536021422,-0.5276965705737936,0.09059529692855477,-0.7509979135059488,0.11904159569693498,-0.8860604253861996,0.145770581021724,-0.9893184207870532,0.0029738772603352098,-0.5311592485774512,0.018233627258561952,-0.7484476138408128,0.05414680051999399,-0.8744917491385542,0.0916038177439931,-0.9727438248977701,-0.058200215532774095,-0.49592635791372597,-0.06321207237391115,-0.6728110193455328,-0.04768076003336685,-0.7934413752099428,-0.024233583243429453,-0.8965256429906636
5,0.0,0.0,0.12303086623513947,-0.11402951835474934,0.2099642180687893,-0.2504983460447939,0.27631871709144235,-0.359858116091267,0.33648103840332017,-0.4575313539307552,0.10082730634240882,-0.4876627717221802,0.19708227748125853,-0.5978953680514936,0.27536824003786314,-0.5925914008404708,0.33770697198896465,-0.5560219010964003,0.03984913507672947,-0.5320532303399184,0.046335680353007655,-0.7628030456367072,0.07249377448554815,-0.8945631476151523,0.10380983778639861,-0.9945971634680855,-0.021118455739373845,-0.5298801640956756,-0.020070687195440466,-0.7519276812305505,0.013722356642646734,-0.8803067214976424,0.05319363589371304,-0.9723022103816034,-0.07820673079914742,-0.48871546564781276,-0.09765496528145608,-0.6590547447179576,-0.09058199554706789,-0.777295282003963,-0.07626059695615585,-0.8688226772049573
5,0.0,0.0,0.278402364103932,-0.09828728115329502,0.5213307405772865,-0.34014067060531805,0.6904937179132851,-0.5777875637098109,0.8130809332052544,-0.7713550243161428,0.5398486404765308,-0.6191849313332344,0.7232504502491115,-0.9422741642309995,0.6739299814623536,-0.9640825874290356,0.6070464267036113,-0.8916157293920194,0.3858958095768286,-0.7640316204764445,0.5705330805267369,-1.0507085518888268,0.5253310590283048,-0.9952884589724739,0.4812116175049001,-0.8766044599352195,0.19609211771021962,-0.8638331118187109,0.33508931214077836,-1.2480000642463185,0.3318034614288764,-1.4411677266368932,0.3328184349123422,-1.5563134092518567,-0.013670529056111854,-0.9050105758216339,-0.021605603723351248,-1.26966305317741,-0.040698231810039266,-1.511745691423713,-0.029095468470998184,-1.70779838418205
5,0.0,0.0,0.15084231761420647,-0.14214275354733227,0.23065332516121084,-0.30468759100923565,0.28473799766576785,-0.4006275243577651,0.33542407759749815,-0.4819417645414493,0.1304779022528658,-0.5281615472875143,0.18145527006516673,-0.6586299739105301,0.2438256204834016,-0.60644604256401,0.29529186060610607,-0.536303686956429,0.07657174593535729,-0.5371190590558577,0.063375586063915,-0.7775487775773776,0.112416064945048,-0.8971596531725206,0.15459747462879192,-0.987977540654847,0.02338374877400271,-0.5113916711656492,-0.0033825658902410746,-0.7607378403928297,0.039609068637210615,-0.895134675978674,0.08347772534965754,-0.9960432903695399,-0.017695680253124558,-0.44583633928700617,-0.04849136028217774,-0.6375128893830885,-0.031764650918517705,-0.7565396684369908,-0.006216715080034279,-0.8561539234886703
5,0.0,0.0,0.14762546161328452,-0.04656808742850975,0.2865197570364992,-0.17698276657032155,0.38661265787477334,-0.28405981352207477,0.4682018573982127,-0.3845671160108355,0.22000185436323466,-0.43095643609903894,0.29135702601477637,-0.5264541996483737,0.3561617665138488,-0.48497493110680817,0.40102539467969855,-0.41474011029256436,0.16206120748568498,-0.48726027990974313,0.2005426210493637,-0.7097429409314859,0.24046919479923284,-0.8501072534868422,0.2799975805420177,-0.9600007056719366,0.09942229977843907,-0.5052199300358566,0.13859476028315496,-0.7322528427822672,0.18262445877548536,-0.8689716785628853,0.2230986006440785,-0.968452186513318,0.03285122589225252,-0.4812534826831135,0.046720149944388806,-0.6528021751363962,0.0686777745667814,-0.7737021876143183,0.09441425106359055,-0.8729575524355958
5,0.0,0.0,0.15764721458421177,-0.06776252998061193,0.2809239434473564,-0.20526148124358665,0.36750153268588376,-0.3311738192773388,0.453696318482042,-0.42796350341051775,0.2041815641172154,-0.44931574159335197,0.27765936902904964,-0.5695725638643093,0.33541442180613523,-0.5389605850728977,0.3873752485967876,-0.4952791037641787,0.13863006590768148,-0.49267159289487994,0.15129429783372042,-0.7230628387555231,0.17624840497204344,-0.858916171917926,0.20439164057853354,-0.9788891955995916,0.07298559622265173,-0.49420453048652263,0.08031971255013125,-0.7263333890906726,0.10419447716947172,-0.8799223815312696,0.12893293415480594,-1.000582750571329,0.010875881350107627,-0.4512271730719483,0.013043702645553462,-0.6297684339072244,0.026435042761286033,-0.7557745478668165,0.04222686270415952,-0.8654282549150943
5,0.0,0.0,0.14662659284252555,-0.07534727523933095,0.26734611567255984,-0.2134447946299211,0.353209200554419,-0.33267523447072805,0.42850984069547066,-0.4306386808579916,0.1779479051893713,-0.44274401831681043,0.2538757469003337,-0.563097172111727,0.321379068040987,-0.5583831505706438,0.37801745276117454,-0.5241970776952536,0.1088594535866077,-0.4867669146333542,0.12068440185651619,-0.7018063866127505,0.14976491508901646,-0.8563036937685371,0.17902595128259804,-0.98384435190093,0.04016219292611041,-0.48649387365471863,0.039808668793992794,-0.6975239422404832,0.06760642752419396,-0.8530318886787082,0.09677911161470787,-0.9659695121779365,-0.02647652737882544,-0.4456772849946884,-0.038312469034184386,-0.6120942281850661,-0.03003734278615476,-0.7400986046737367,-0.014223994274817256,-0.849068599644045
7,0.0,0.0,-0.12083330271244117,-0.6837596140990011,-0.44569223874990976,-1.058967320841788,-0.7418416412383092,-1.1211812453732024,-0.9480013501743462,-1.0093824231704185,-1.0752015388826826,-0.9378734326796385,-1.5975382601314305,-0.9969228620113276,-1.9544709219371597,-0.9769408120613933,-2.21065068921385,-0.9694600510059608,-1.1895440497726515,-0.5379869638905005,-1.1743046975867297,-0.5376418584869244,-0.9959022356666368,-0.5418244252720297,-0.8393408368883513,-0.5436055183049213,-1.1417257681647455,-0.14158412231833672,-1.0674893592130075,-0.20936060945594226,-0.9390113650560199,-0.22398681940725632,-0.8198874092191569,-0.19372803723275642,-1.0686502844231867,0.20863271594895483,-0.9937070587287756,0.09685433182065785,-0.8701557050061829,0.07985922129834377,-0.7658815005603348,0.09050447755350172
7,0.0,0.0,-0.2216902923335785,-0.352188923890073,-0.4999762529470244,-0.538977817966838,-0.6979035943797463,-0.5424822836763901,-0.832370466709843,-0.47568734160385523,-0.6318493557146451,-0.7754698285491983,-0.9228002113102732,-0.7085550198012746,-0.9786656372743774,-0.5504170217083162,-0.9509196257200523,-0.4868657445182752,-0.6978045045947582,-0.6427445826892674,-0.975572641170524,-0.5301874498120448,-1.0145224819037455,-0.3625339265014253,-0.9584056991536742,-0.28540938286916395,-0.7288289060442049,-0.45559928503101277,-0.9976132895622167,-0.35054624191195544,-1.0244535449294214,-0.18746189097422122,-0.9574804737126117,-0.1339011016222611,-0.7295821046444668,-0.22082725227077837,-0.9707910505195555,-0.14350176850268326,-1.0139311396384936,-0.06241988106730955,-0.9709927171200886,-0.03818603574834936
7,0.0,0.0,-0.17117441328981378,-0.6490375653434884,-0.5480746291846009,-0.9580996634646988,-0.8704408890272809,-0.8665442532678459,-1.088864847080096,-0.5949836120795438,-1.1224049042243265,-1.0424953441430285,-1.6708729638722861,-1.1441314737487378,-2.0530254544243296,-1.1378105926089772,-2.3284854849447387,-1.1092708031510723,-1.2572883311277918,-0.6216282826817519,-1.2780436604993766,-0.5157679523115603,-1.0692316536437567,-0.4646636260937366,-0.8798951155818306,-0.47516795512243565,-1.237102660870566,-0.1591578221497166,-1.1857780488389917,-0.126881985290601,-1.0153197847296813,-0.09768111810563052,-0.8648097227703734,-0.09779148129831959,-1.1755717665162972,0.267623472839137,-1.1024604469331576,0.24519353071141978,-0.9402778802748311,0.2518571765773765,-0.8100957932084318,0.2305509123856013
7,0.0,0.0,-0.14070282547974444,-0.6741758334355086,-0.4773860229416356,-0.9946960746475516,-0.8136275811463254,-0.8978081858238067,-1.015106732081185,-0.6652481969059284,-0.9781613169750121,-0.9902522672235953,-1.5056275707834978,-1.0966675174767087,-1.857596849449901,-1.1017432672541956,-2.122104946192534,-1.1037953789816992,-1.111657038020064,-0.5952660842336435,-1.1204970270667924,-0.6225292540023947,-0.9429456389505104,-0.5982390948563173,-0.8021771779128313,-0.5970860702074753,-1.1010753053871642,-0.18909884392782,-1.0789345106550425,-0.26829574869564976,-0.9396678632219382,-0.2607220456568828,-0.8257741615324266,-0.23051007838286652,-1.058726362930647,0.16863095548940196,-1.024061383245891,0.04021978899180359,-0.8953784695297698,0.035506835758633,-0.8005460942764703,0.04641874726529029
7,0.0,0.0,-0.39345086204277535,0.41086542200688175,-0.71532577961281,0.5264137976388946,-0.98617567115686,0.6057137512784236,-1.210638727990054,0.6871670765214666,-1.1082163410273855,-0.30802489177134407,-1.5333802186262706,-0.2078533611498663,-1.8209439157676717,-0.15855031310183224,-2.0551068932904455,-0.14139678508579595,-1.0710735202280623,-0.40099390924991535,-1.320093644999641,0.34857286392225045,-1.0842615962643156,0.5124846483055461,-0.9286969662059279,0.3708395137521156,-0.9881706064003053,-0.3033513030854476,-1.15966159252452,0.4473478073697896,-0.9503940401607075,0.535882499673966,-0.8310895681214754,0.37478925459941875,-0.9007839625116801,-0.10023399656989192,-0.9996914094861584,0.485717800119322,-0.8127586516232084,0.5218310685143279,-0.6897876177028173,0.3615888746642355
7,0.0,0.0,-0.38832975208814113,0.4343038178391474,-0.9108171039022915,0.7506088789944623,-1.3236472436176896,0.6724075944112765,-1.546205730691233,0.33360912682309063,-1.3809501290140278,0.27138575077773347,-1.9228041998455239,0.19853827178474928,-2.2425386657601774,0.1598716403362789,-2.5111556546867564,0.10538762173076074,-1.2879567527984344,-0.07352644731891658,-1.632694047540881,0.008650293079038387,-1.2617342398374836,0.20433281527015806,-0.946097708479004,0.3238813455739272,-1.1624833133792003,-0.4097883523365282,-1.4519852473884571,-0.2592524684899916,-1.039471279121042,-0.032606485389370915,-0.7249069006844826,0.07743231293970573,-0.9769857800116932,-0.7350932813119748,-1.2469948047851873,-0.5277370040806951,-0.9696268489656121,-0.3211631525970649,-0.724581450543969,-0.2500572841920891
7,0.0,0.0,-0.2744001104468222,0.27939480053626026,-0.6052922757504483,0.4318371925515392,-0.8536064584647509,0.32272592771568354,-0.9697175819961836,0.07833287073035547,-0.9787154032007023,0.10496430002071569,-1.3156696257106402,0.10053197375656003,-1.5348765082595117,0.09785159384302791,-1.7079329501614626,0.04700796621340707,-0.9065525370126751,-0.16514659725229056,-1.183210750077264,-0.33172562250547344,-1.0953619397538992,-0.2648141275890546,-0.9761903867427453,-0.21691548776205316,-0.7801784898527544,-0.3928849223950671,-0.8912891584169911,-0.3828455319016413,-0.6754580441611975,-0.15945767175885828,-0.48910491171066756,-0.047223716763496196,-0.6076034152435874,-0.5871215972404871,-0.7018528252195962,-0.5200169068582069,-0.5602469621697158,-0.33616155181822777,-0.42337348727128926,-0.245821017205958
7,0.0,0.0,-0.5059404014811332,0.45874990676051874,-1.0394463280668846,0.6724022296213326,-1.4194775577525705,0.6281560873994759,-1.5390139293949774,0.3524933450195101,-1.6731403193853258,-0.3916102484963822,-2.313079499860634,-0.5068605439272268,-2.769365274450101,-0.5285799871403389,-3.132262532163721,-0.5841734334693136,-1.532418972446979,-0.8417768949940282,-1.6211690621015855,-0.06181202833481741,-1.2357239229871433,0.22375503227245766,-0.9879663989505979,0.15466866051203768,-1.2555144769119397,-1.0665590149603847,-1.2988056032373314,-0.1515881723959045,-0.9771251473566459,0.07112143133097738,-0.7934376429859971,-0.021651762887206324,-0.9361702838842779,-1.1495565352348514,-0.997048995358417,-0.3553744086638902,-0.752202241979531,-0.1571302094645436,-0.588803852713061,-0.2441100194495601
7,0.0,0.0,-0.3038670622710442,-0.4881608862230989,-0.687832186134968,-0.6622390198482679,-0.9422020231056587,-0.47074727086050283,-1.0774089319504583,-0.15955681530203625,-0.8835474285553596,-0.7985769560834995,-1.449215602023489,-0.8853281892984068,-1.8059729717661828,-0.8430085820334866,-2.0749754529365254,-0.8109621411587363,-0.9173574961416733,-0.4308837227540938,-1.3621768978359092,-0.21211350776913396,-1.1807864309859688,-0.08809811313953443,-0.987446382347985,-0.1579545567176746,-0.9117781478155472,-0.05265641434345833,-1.2371952888806266,0.1357370666020332,-1.0583330435651817,0.16256769071811747,-0.917560566144444,0.062414653226602376,-0.8804596766382295,0.32088541637824725,-1.103833416061001,0.3886195971149307,-0.9538031222639473,0.3919758728482246,-0.8215175204590068,0.33184666371530547
7,0.0,0.0,-0.4194652699825085,0.1322431120164554,-0.889445264276467,0.18283072155813995,-1.2177534025945853,0.3223721247216935,-1.4227141839554984,0.45769419940231987,-1.3408848589728828,-0.8497711534873994,-1.9268690858940896,-0.7819165069272535,-2.2978564105763772,-0.8301387277598816,-2.5768064706078677,-0.8807536379548155,-1.159334513005668,-1.0843867058948573,-1.4916540940984844,-0.08319060067445387,-1.2201137820094676,0.15554985502074758,-0.998803165393389,0.048910497852163,-0.8688750986795393,-1.019089053545931,-1.1519598301224132,0.05615168304567528,-0.8898244678454538,0.15397242828529256,-0.7093070383369585,-0.0395135629107845,-0.5706607960423342,-0.842172555154558,-0.7991477274923693,-0.017351443625296607,-0.590680941138935,0.05793398991285501,-0.41376218856518376,-0.11526987010131075
7,0.0,0.0,-0.33078929238615756,-0.28911584938534507,-0.7829888847243587,-0.334518239688605,-1.1383528208757892,-0.20783799138674683,-1.3775819399851488,-0.14899843693225115,-0.9126103777936775,-0.5574945993531364,-1.4875273237775637,-0.4326060527155534,-1.8853419346753044,-0.36360354998303274,-2.1897376575792427,-0.32585171681126535,-0.8171852865337821,-0.27774442241758235,-1.3046932785251386,0.3508528208741545,-1.1114455843777806,0.4893481584526951,-0.9314287798287251,0.3639236569759822,-0.7015653331691564,0.08902414806256163,-1.0835172963218875,0.7000590353098101,-0.8944986044664304,0.702062546087177,-0.7533263347636731,0.4927765940968082,-0.572371048310989,0.4622359936461162,-0.8669993196141724,0.9147927894885993,-0.7061054674915875,0.8744566158882394,-0.5747796290588733,0.6808915072366576
7,0.0,0.0,-0.20189503781081308,-0.5585796289214262,-0.551177341640168,-0.8286732720289323,-0.8496559864143035,-0.6683024772537633,-0.9839845065668446,-0.37214940474429864,-0.6834774191033712,-0.6427435055488218,-1.2605842097021065,-0.6638720355585052,-1.6197648212053573,-0.6280105192000514,-1.9033614749769192,-0.571564257343395,-0.7381620170825911,-0.22453186880320047,-1.2214018139781906,-0.3552319331942002,-1.0894419729717157,-0.4377367447205418,-0.8979554875533567,-0.44008628968966207,-0.7435107893047203,0.12030162891968951,-1.116312075663591,-0.10337997864129256,-0.988388226394299,-0.1994469628270746,-0.8411511746614362,-0.18163348395654222,-0.7257357987211481,0.40160350105614884,-1.010703955106904,0.14351820348023203,-0.8927685860695289,0.06117152383002984,-0.7734738107367188,0.08876146745459527
7,0.0,0.0,-0.3196811446503277,-0.27537291292928073,-0.7476960895473141,-0.31450385148411075,-1.0614050828335913,-0.09619780390664615,-1.2310691944101053,0.13775549160665337,-0.9363638975446923,-0.5720903077502464,-1.4833186128334312,-0.4990547969800415,-1.804361183324761,-0.41245928717082436,-2.0530415191544904,-0.35816092182666653,-0.8372630949731279,-0.4078005159288128,-1.3331789702161132,0.13960823629676566,-1.1539059105525786,0.3333498092105383,-0.9685962145376275,0.2486390419531461,-0.710218275994848,-0.1032258847072132,-1.0550834013104047,0.45449615997421594,-0.8663731252029859,0.5263831236439565,-0.7187966385174732,0.3518513251228117,-0.5542828127376572,0.22473155090883803,-0.8147201610590414,0.6463094458454538,-0.6728524060319819,0.6443839965337743,-0.534354505321923,0.5100532546582522
7,0.0,0.0,-0.2968752973237653,-0.5360716811065221,-0.7102516573399144,-0.7383382477945555,-1.054683666409316,-0.581138154843571,-1.262102509397019,-0.3405733526787079,-1.0612580585212759,-0.6370475727160262,-1.6469770293298027,-0.6270225302004885,-1.9990017920390217,-0.5759548568613609,-2.2773995044426103,-0.555997994348376,-1.0908262886257716,-0.215369841946196,-1.3564591298106852,-0.12905744300911326,-1.1668064201608392,-0.14660941650811368,-0.9803116233113104,-0.1974566311895947,-1.0178176248548403,0.18219207373414706,-1.1694468849975659,0.20381686346269787,-0.9938314079619552,0.14890313137045635,-0.8465231375091019,0.11071024363788774,-0.9167518176071103,0.5544333677609645,-1.037934792306028,0.49053657525150474,-0.8901440323338683,0.42904215222851344,-0.7672011676650521,0.38290015518308895
7,0.0,0.0,-0.32635719889798404,0.2513345578140862,-0.6434534604541903,0.4498618943255202,-0.8638321346587297,0.8076829817818654,-0.9900784893331623,1.1155297058268423,-1.0255964426303075,-0.24095821830208583,-1.4675979756703355,-0.11526404291984253,-1.7815697930445114,-0.07335897831323689,-2.0515810138663184,-0.05598136162097961,-0.9609146947102984,-0.18529498320234825,-1.2464416192755707,0.5170339708533034,-1.0209419274418554,0.6420608999037591,-0.8620407581614558,0.506838959895964,-0.8278546256926009,0.003297044741427657,-1.0616747688478487,0.6955546047522493,-0.8425652164035835,0.7579348337579425,-0.711350851200617,0.600977691830754,-0.6661679790666343,0.2632683991747653,-0.8758224408050939,0.7814697839251684,-0.6987269638470536,0.8508395340358654,-0.5714865083243277,0.7438674428611844
7,0.0,0.0,-0.35521737562848105,-0.21316681517425323,-0.7286513750913078,-0.19667768833403731,-0.9533590514969283,0.08648856782263332,-1.0473428312728703,0.4228650580777226,-0.9574659727748769,-0.38409261178719,-1.4607183671515556,-0.29745196720028666,-1.7887476082249483,-0.20290706489903582,-2.048667929564609,-0.13781549413495794,-0.9435652060408194,-0.2001605178014715,-1.2350809178500968,0.4228412960833054,-1.0414116677378076,0.5476005926572055,-0.8983834709418438,0.4392119524084985,-0.8671668296903837,0.07292691869461548,-1.030639676754368,0.6990160945683119,-0.8329773932088013,0.6992252001191832,-0.7323455165805235,0.502607256228252,-0.759392097540298,0.3680678622092986,-0.8331379563996488,0.844870610871669,-0.6579867679937407,0.8282599584028624,-0.5584051715187028,0.652481962529935
7,0.0,0.0,-0.3860452317007672,0.3950171544326629,-0.8083302914103858,0.5718206392334263,-1.067217308496917,0.7432633102744016,-1.1844513156917402,0.8867428892844327,-1.2268323386695141,-0.17206402260050438,-1.712126649441832,-0.06207381594519983,-2.0553894976205838,-0.0024414837634633125,-2.3336569280056736,0.030070234888213775,-1.0599814594398786,-0.28130527533457284,-1.2781981582079611,0.44943028497116455,-1.0408558722227113,0.599251360580216,-0.888260865154117,0.45933934670966253,-0.8345061930933856,-0.1937980747132206,-1.0268665640457701,0.5662644461898375,-0.8269166923869868,0.6493752342836505,-0.7198973110431174,0.4771268130180087,-0.6021441856349399,0.009045379284332362,-0.8195206777542746,0.5847535361665611,-0.6806434925322238,0.6717045116563178,-0.5867391349344894,0.5399923694330289
7,0.0,0.0,-0.3472039913780813,-0.5189542882152512,-0.7813515614122769,-0.6318907082723829,-1.0699157357023956,-0.354075754740835,-1.2124026552722973,0.01699924900094354,-1.2579738354045285,-0.6262003287771226,-1.8684316740838183,-0.6712192669576487,-2.2634312805325365,-0.6260415183697092,-2.5578874516458456,-0.5748302813816042,-1.3336708487751519,-0.20996848975208462,-1.3654531900217355,0.00504380982557182,-1.1562526106758677,0.04408241425532698,-0.9999511462833162,-0.009884586318209121,-1.2633999665812805,0.213610890317176,-1.2273815919023883,0.31726942773874084,-1.0619632337509206,0.29616616054128075,-0.9340890501322869,0.2492079490455368,-1.1532500265258285,0.6111022298797408,-1.136155142725359,0.6045842499211562,-0.9797759069810289,0.5618387622368799,-0.8516300682484794,0.5129783114029555
7,0.0,0.0,-0.0039351553451663305,-0.8411967779656631,-0.4119447667907342,-1.2872193880629403,-0.855303481540242,-1.3480093526506856,-1.0595199600056147,-1.4597201931457107,-1.076091366312394,-0.9502158263584043,-1.694116555245146,-1.0741987917561153,-2.1087783191005767,-1.1125142499567722,-2.4046973026563245,-1.1409430004741128,-1.224230963452748,-0.4040737219752828,-1.2325914250140693,-0.5266814263170997,-1.0366761886837677,-0.5314140862496609,-0.8755112542688341,-0.48319772728005744,-1.1506674665061734,0.09376539667421635,-1.077519973793588,-0.09861747429276979,-0.922414018692523,-0.15214792028902782,-0.7898178079842488,-0.10581924170824428,-1.0444302628969562,0.5109696805244407,-0.9584903952808255,0.2886403777111716,-0.8108580785975655,0.22902599214700584,-0.7063426431003185,0.21237358736878503
7,0.0,0.0,-0.19711805897661175,-0.6029477497996181,-0.5548161159385588,-0.8786096243379387,-0.85583324343146,-0.7798209705740875,-1.0519556546276385,-0.5874506604434179,-1.086701549614135,-0.7584846715297426,-1.6049898015338548,-0.7814513317898152,-1.9824225594825202,-0.77715244212682,-2.2775679624129013,-0.768873654881981,-1.1725496681679497,-0.32709655788623543,-1.3039249599057754,-0.3090152094021552,-1.1200648890547007,-0.28878364650375193,-0.9568086667938434,-0.2907183777269474,-1.1173109369138077,0.10614009370401618,-1.1776964457088908,0.062360835512321286,-1.0472877499998372,0.038667304273605825,-0.9120953274477517,0.04029035445249176,-1.0195900793202761,0.5171427278840289,-1.0498262189496028,0.4166579135728735,-0.9350741086373252,0.37355704264181777,-0.8326205090629479,0.3468867650342399
7,0.0,0.0,-0.33145653494123045,-0.5874909268252206,-0.7686197467724919,-0.7680838594241732,-1.0508732504122063,-0.661962711474835,-1.2305263105557658,-0.42315471550452904,-1.3607027848193847,-0.750083342686004,-1.9287472372827543,-0.7310226409878757,-2.2757308919837316,-0.647702368330441,-2.5326624766578867,-0.5795114851042035,-1.4232698862955013,-0.3048575373721599,-1.4211824459448759,-0.15118296397519285,-1.1651839270553663,-0.1593669737467869,-0.9713569868823149,-0.23762492300874144,-1.32465612825263,0.13182424047676375,-1.2779813152236656,0.17282026649740334,-1.0901652172129777,0.11968205968339662,-0.94389795726608,0.04931230596162644,-1.1893849529164608,0.5147215457188061,-1.1146467882873183,0.4905000998454687,-0.9399776828436044,0.42476789647171287,-0.7982780668965024,0.36323338534441635
7,0.0,0.0,-0.30698878107975885,-0.43254868798855955,-0.6957734346770771,-0.5805320229829121,-0.9426525854140838,-0.39546930549983195,-1.0710379451223053,-0.1004389835537716,-0.9746847207687617,-0.6945287842564041,-1.4688720563137618,-0.7337912727442366,-1.7741749593019487,-0.6972652689379466,-2.0073588908782485,-0.6507326852135417,-1.0075643865864765,-0.4017830311037803,-1.3053372147449,-0.03292573052849438,-1.1461890583790393,0.04829267718334399,-0.9994286962944046,-0.03379764819135576,-0.976342147127205,-0.05996421037342824,-1.1415064149361929,0.262285538418733,-0.9845814077493957,0.2437648149964549,-0.8645412876058122,0.1028870369089946,-0.9144082940222715,0.2763994045097604,-1.020865647093228,0.4373907514598883,-0.8840284667248393,0.42904761943103764,-0.7614027012467759,0.3375533188351212
7,0.0,0.0,-0.3837011423046464,0.08021408332721308,-0.7615180209858505,0.12105138364782375,-1.0606927415888516,0.3242824049046753,-1.2997460405241053,0.5322847208130423,-1.0624930345983132,-0.5703336766873578,-1.5343296975222165,-0.6272011353631883,-1.8480448192100665,-0.7299011152592381,-2.1069020815014596,-0.8123515000591419,-0.920153297151413,-0.6316835466483623,-1.2865565994484123,0.09686179696333073,-1.1145916044418227,0.29382917541608655,-0.9709186730352017,0.239409545239038,-0.7302790139357719,-0.4557008335871453,-1.0150040143312506,0.3671448497979155,-0.8319304267890985,0.42906619434909465,-0.7053984019534447,0.2754109639159146,-0.5520788758293892,-0.18831642275576777,-0.7671539300432261,0.44708948137535715,-0.6289314745529979,0.4861055765658164,-0.5137142024515642,0.3293956960078238
7,0.0,0.0,-0.41476717317564354,0.48091891679072457,-1.0503138504078808,0.7158802659067028,-1.5068716316482504,0.4722104024602979,-1.7592052552150612,0.09657740209311005,-1.5046472382535974,0.28309810416168146,-2.1424818380273956,0.2596953636454348,-2.514664725428404,0.23419179501683673,-2.8288576180862335,0.1661859172275688,-1.383667002785186,-0.12931456094041852,-1.8091834822682136,-0.20570825094049927,-1.3626735669606063,0.005565022281195959,-0.9891403031396716,0.14697435390148333,-1.1928763124541726,-0.5118696185619267,-1.5355985949644584,-0.5281256575208696,-1.0774327185484074,-0.24523102127986895,-0.7399584675244371,-0.08870459076736809,-0.9373963587662761,-0.8671704538467473,-1.2501662858586575,-0.8244155562909834,-0.9667455147583855,-0.5652247144960779,-0.7154141671828256,-0.4256575098228986
7,0.0,0.0,-0.032457642346414864,-0.4065980842937689,-0.17860941019502014,-0.7326862852427419,-0.40115584936641724,-0.8465820357489142,-0.5897792623739643,-0.7814559879054956,-0.4843881974657349,-0.6736062929370892,-0.7891018048781094,-0.743082567188327,-0.9866813630727013,-0.8056664529391229,-1.1555353331418814,-0.8556780062946182,-0.5257215575934807,-0.5029790538032547,-0.7602668518827282,-0.6922366307541802,-0.6891612929537586,-0.7594220419444867,-0.6489010792737028,-0.7608727812962056,-0.5361711453942731,-0.3081654837152934,-0.660202272044829,-0.5083239323225245,-0.4334019084721631,-0.4929303728959116,-0.30142633490410675,-0.40608751964103607,-0.5247672070516813,-0.09009673638131006,-0.6233659344492425,-0.29572542013434244,-0.4655405357774142,-0.2964492082079045,-0.3700726779942708,-0.21174327539035054
7,0.0,0.0,-0.16132484309788608,-0.6413530571640573,-0.5078668140806482,-0.9111378213649513,-0.8172298118455658,-1.020055719026837,-1.029859437012483,-0.9547922140599678,-0.9147162455325046,-0.4666576471446797,-1.2695178992452678,-0.5635839402711451,-1.2679780579141549,-0.5291295081861699,-1.3254495866148142,-0.4626912010794399,-0.9338499357886794,-0.29826033747326774,-1.2007533060792128,-0.6028771547239844,-0.990082579182631,-0.5783551102292923,-0.8923705123558787,-0.4513035216766057,-0.9082020741926582,-0.1724243160068917,-1.0389974952964343,-0.6340209027835194,-0.7651322102830342,-0.6829044483418245,-0.6174156457491048,-0.5780046658954112,-0.8283576356844067,-0.08646966496970128,-0.9399930286859479,-0.5041872324533867,-0.7513321854894816,-0.5592135353949977,-0.6117026817518225,-0.4602786879317401
7,0.0,0.0,-0.16754488080099494,-0.6367202848271749,-0.4633367481312797,-0.9475418816905606,-0.6876920730436176,-1.0897348153589015,-0.8718825103199158,-1.0682909299240886,-0.9634179347630907,-0.47512408198120604,-1.3296576107609315,-0.5865337872026064,-1.550203014955097,-0.6667886953923515,-1.776573973304754,-0.6986880943841777,-0.9597689782719365,-0.3317503642208346,-1.018887281573492,-0.8814554060780205,-0.7482523814527389,-0.8841353221165282,-0.665145037426064,-0.7467141884198264,-0.8873424000673843,-0.23511942105218903,-0.8913769220325592,-0.8104586263915231,-0.6274234207465457,-0.7694205607191302,-0.5450146191489534,-0.5975005127283401,-0.7592986939420844,-0.1885104306815037,-0.783515916513796,-0.6738974876145027,-0.5839293892645401,-0.656076355192027,-0.4921327438058299,-0.486159489917255
7,0.0,0.0,-0.01629791256922998,-0.7329178860976042,-0.3436038248503462,-1.3813521728712763,-0.8534701763429862,-1.517973049420496,-1.2305155284499825,-1.2848350960698667,-0.9776208220659396,-1.2213412475431684,-1.5543558336657366,-1.4305547136509267,-1.9102580176724173,-1.6094090238824739,-2.215198590651283,-1.7191807651303972,-1.064304920093094,-0.8190264539372559,-1.3009767616664312,-1.1280982214792155,-0.8372529708714479,-1.0120104116622426,-0.5724588887423727,-0.8199334245533889,-1.0665895707091533,-0.41905438068842477,-1.2514619729996748,-0.73123681630666,-0.8035525903624452,-0.6589478625973639,-0.5887737793291049,-0.48746299619467787,-1.033876129739301,0.013781721163756436,-1.1916151994790325,-0.34235606359304555,-0.8656495663476929,-0.331351847669362,-0.7045158773404167,-0.18569374464446928
7,0.0,0.0,0.02114380941134832,-0.3451582004153923,-0.12211179857874047,-0.5956445352477033,-0.33335434665097896,-0.6547967177848729,-0.47558039078562325,-0.6039827786267526,-0.27588297817656543,-0.5986512468584114,-0.4310750836792474,-0.6584586841122507,-0.4713534286828404,-0.5750997824385483,-0.4786210282396582,-0.4997127340348626,-0.35800943585216977,-0.45884289150292096,-0.5706079377897905,-0.5671995603921077,-0.6549743110257364,-0.6434008740301252,-0.7335798600912437,-0.679603258429881,-0.39810636308348973,-0.298928794549602,-0.48430977124164915,-0.42665734495085994,-0.32018518016785186,-0.4009083497775702,-0.20998315237632503,-0.33435367421104456,-0.4065740556021297,-0.13695907945539335,-0.4578854988048986,-0.2942225511694747,-0.3476307374744075,-0.28503782650327936,-0.2699256180861642,-0.22445139969305028
7,0.0,0.0,-0.05395022936263405,-0.459313398315285,-0.23678582419289088,-0.7856155799847755,-0.4528653290161857,-0.8995900314537083,-0.6275303409414015,-0.8175892752553479,-0.6030906726530069,-0.6802969216246026,-0.9286634745703581,-0.7192154848910366,-1.1543494924716773,-0.7203780425131308,-1.3456719201821243,-0.7333807952473268,-0.6528815600925744,-0.50497287210002,-0.8746980642818375,-0.6490323262433438,-0.8001336440693009,-0.677115532629452,-0.7562919413033228,-0.6542342848855075,-0.6467382681605113,-0.31599074055964793,-0.6927098200628997,-0.5042930910981056,-0.4641082531968409,-0.499947058552113,-0.34160652500699723,-0.42682019090158574,-0.5958455468023961,-0.12644506060258498,-0.6071746893712927,-0.3237028826798999,-0.4502120276490138,-0.3168063387000286,-0.36492998964547035,-0.23367431381079073
7,0.0,0.0,-0.14042740733097958,-0.6094616769977752,-0.47099964519469967,-1.0439649839551022,-0.8262986971952758,-1.1020019344046477,-1.0921359696576425,-0.9362033783279616,-1.0078125089496575,-0.85557098033385,-1.5070490594093298,-0.9153560026564708,-1.8251268536901015,-0.9435620859291977,-2.11578512816507,-0.9296921894185379,-1.0110465796667674,-0.5356693506236443,-1.284876735135072,-0.733924325484778,-0.9260930761116998,-0.7788107888292694,-0.6778679032744085,-0.73518372241934,-0.9597744538505465,-0.19690087348112345,-1.1938239209133303,-0.3924045981070328,-0.8331776837328408,-0.4454142922123793,-0.6046885729471795,-0.4083273426152107,-0.8849472661725166,0.17122184919275965,-1.1032616757190112,0.019252552810141068,-0.8618504016367767,-0.06399747605616234,-0.6827646396737895,-0.05916686057869433
7,0.0,0.0,-0.15692781658018432,-0.7233324068196156,-0.583755886712779,-1.3006532588699604,-1.0722319791558053,-1.350799182728307,-1.3593137964147393,-1.003711660484473,-1.2254597624713839,-1.001197170631355,-1.8491021441270346,-1.0522242003208053,-2.2360626438149978,-1.0687216610474697,-2.5479335555295037,-1.078245502944395,-1.2510287578326886,-0.5594232135408485,-1.5621324633359333,-0.7154363068582728,-1.1156403114668108,-0.6989463689135175,-0.7824377288447701,-0.622728833827564,-1.2050285920670623,-0.13798756751547314,-1.452519653746926,-0.2835383518928114,-1.0177115576173148,-0.31618910607379874,-0.7230044605457657,-0.25769806620890956,-1.1308976886131463,0.3037158634946355,-1.391328405350538,0.12059818695871063,-1.0872845955820525,0.03644317661091421,-0.8451083793209704,0.04250089674321996
7,0.0,0.0,0.004087244793780003,-0.29890579777209847,-0.09990413683186364,-0.5272078757498647,-0.25159158952768634,-0.5955981800243391,-0.3674802417345375,-0.5549084218557009,-0.31665257498470295,-0.4792663105329047,-0.45784131825196195,-0.47960078390727245,-0.48944649569393217,-0.39017536288679605,-0.5166605558856469,-0.3113975350624835,-0.37082390711699204,-0.3529307644168134,-0.5792566030662653,-0.4423853364363792,-0.6901929431346335,-0.5382036020817497,-0.8035674361373049,-0.5952137226070302,-0.3824226470478399,-0.20944061845181702,-0.41398928717426015,-0.3228453308148008,-0.2577271880323446,-0.31241324133965326,-0.17440424631860835,-0.27614024109062674,-0.3653277991159162,-0.06807796123972934,-0.37833891258379315,-0.2034813758604975,-0.27163381713978485,-0.19216414911195462,-0.2191109663748452,-0.1448342206952587
7,0.0,0.0,-0.09274884467450906,-0.5708038161638108,-0.387979769880481,-0.9949435709057657,-0.6984095240596444,-1.1178786510419623,-0.9606340648889465,-1.0824146576485631,-0.9633378604902038,-0.8340822767951774,-1.4521909870703307,-0.9273781239384793,-1.7584797339087337,-1.0145459116470241,-2.0346103580906707,-1.062360738345195,-0.9911200520277611,-0.5430762539259903,-1.227158889393956,-0.7885895500715315,-0.8621120738601131,-0.835891428929317,-0.6312571668296533,-0.7755735873056788,-0.9612846501858117,-0.23313408398376315,-1.14743984217809,-0.5037686990868262,-0.766083520154979,-0.5137176168817436,-0.5642337560311836,-0.42093613652167744,-0.8916147336036659,0.09946257277072972,-1.0448869892472512,-0.15821212780906774,-0.7777303804381432,-0.20329726319896338,-0.6284746199002041,-0.1351092550561055
7,0.0,0.0,0.033259965321280754,-0.4927108160869286,-0.1260640647641368,-0.9039779398263328,-0.3574664360281373,-1.0654960466206285,-0.5599383209293165,-1.068947024723471,-0.541716420629362,-0.8227450777393329,-0.8852946618660383,-0.9278263105488872,-1.1145303046860873,-0.9622823895298181,-1.3139463939126124,-0.9954544674724487,-0.624110775958821,-0.636614402683229,-0.8238983043471665,-0.928241071848557,-0.642583783054919,-0.9324592930928836,-0.5272089119476103,-0.8497357019467976,-0.6370517263014632,-0.4273048299989426,-0.700218262422852,-0.7404413446150168,-0.42969817611089905,-0.6653929818654131,-0.29196659566733524,-0.5497898770562629,-0.594677578762532,-0.2130986747898567,-0.6092512205212879,-0.48665068919980053,-0.42703569821000653,-0.45797764945817393,-0.3283288487136451,-0.3608230626169831
7,0.0,0.0,-0.1008864513434368,-0.5227750650198393,-0.3696828971710652,-0.9230351629285336,-0.6457107926824505,-1.052289957494245,-0.8753596427633064,-0.996803793997747,-0.8958466356964062,-0.7401344424096735,-1.3178317945407128,-0.7330184910718145,-1.596159677541644,-0.733896680772172,-1.8630470355058633,-0.6929117097987267,-0.9438359276573215,-0.48673571310416797,-1.1426112111846505,-0.7666066942334493,-0.822124652653031,-0.8162997995361123,-0.6419039115025185,-0.7667850861863231,-0.9130308246243035,-0.21570774330750245,-0.9471297579129432,-0.493718914836159,-0.6141714667419191,-0.4840519431002216,-0.5000810712092292,-0.38904654684844886,-0.8390942451900906,0.06160602863088612,-0.8567606184381366,-0.16305914131638757,-0.6302332407330226,-0.1975662254911341,-0.5550279587718661,-0.12467911059841581
7,0.0,0.0,-0.04004206960056668,-0.61133359080763,-0.3153183474583203,-1.0463677112052947,-0.6065874557196882,-1.2036572934176248,-0.8510799370079313,-1.1273394677689497,-0.8583559863542338,-0.9484945866009661,-1.3189011086236808,-0.941366086069259,-1.6315208513559407,-0.9151669289234029,-1.9095289407247351,-0.8720207997521672,-0.9376852246434831,-0.6459571986136884,-1.0975611726486405,-0.7784254838782757,-0.807535879863349,-0.8181852958065103,-0.614299842220631,-0.7890726860357717,-0.928562656673713,-0.3432974989684003,-0.8725824371754661,-0.50887626953678,-0.5622435578142154,-0.5419028523638556,-0.4334320037116516,-0.4972538947936977,-0.864157654447414,-0.07436238877047231,-0.7743350721044103,-0.22340617282579375,-0.561505924430521,-0.2438338800528017,-0.49071016574549253,-0.21663796591112222
7,0.0,0.0,-0.10703375201073079,-0.588568003590563,-0.4325470015497972,-1.0316488530214576,-0.7967726619315394,-1.1213145900720998,-1.063608260084618,-0.9928906617326149,-1.0085682143194927,-0.8651539056494942,-1.5402959918888723,-0.9259916181547991,-1.8757454605016155,-0.9701432115659739,-2.1866108295226785,-0.9659593443501694,-1.0432663783791116,-0.5525591220789902,-1.3147431826458054,-0.7413607858307664,-0.9155429684599583,-0.7644701343040563,-0.6915111563453075,-0.7223657803702884,-1.0055288582578632,-0.22098764522647488,-1.1799211653755641,-0.39835195683415614,-0.7908056851345183,-0.4220215338181677,-0.6165676348422073,-0.3802114162434936,-0.9238152623004058,0.129790203078652,-1.088352824019812,-0.021723520052031185,-0.8202030942798108,-0.08741799473781897,-0.6794502590056226,-0.061652138883218105
7,0.0,0.0,-0.002663127341174048,-0.6713925143942937,-0.48525040172524386,-1.413864846482148,-1.0963964617646864,-1.4645633676333545,-1.4959954203000414,-1.017810415542133,-1.1023567568326738,-1.0918217499772565,-1.5312740372134364,-1.2556013213334036,-1.4375488310034292,-1.1803140200525533,-1.4185922852447257,-1.1225448445510458,-1.2338128862403335,-0.5501372851545937,-1.5665061262875866,-0.7953163912272815,-1.0085377063367322,-0.8048616957394433,-0.6571016331483231,-0.7538019923785069,-1.2330166555902085,0.014531406516642127,-1.5329432563049827,-0.21566047793629461,-0.9527634448014837,-0.2839107721178231,-0.6120290375084982,-0.249929151582017,-1.1485599526792296,0.6005408671214357,-1.3653533966445894,0.3633960936966252,-0.9954733725366129,0.2533049171841646,-0.7583086210565335,0.2705075999855773
7,0.0,0.0,-0.005372175452848967,-0.8025395526930277,-0.27723651138128247,-1.3851840945597818,-0.6549741783206238,-1.570546709091865,-0.9624738594142933,-1.5698200237157076,-0.6277932810734844,-1.3999219748320193,-0.9875883876318832,-1.4839184197922803,-0.9697760753839786,-1.2980551339969584,-0.931601691674458,-1.0898640539950917,-0.7560832118361905,-1.0762043210452252,-1.0283274114843197,-1.1900976728474506,-0.733553485020439,-1.020403236677879,-0.5148268671517129,-0.8572941717163092,-0.8356369793839195,-0.743926452735988,-1.0425150173959703,-0.8737281578978874,-0.7441304654750832,-0.7605092482096121,-0.5562915363153625,-0.6681170789981155,-0.8756351569759554,-0.40176556730501306,-1.0112543453969014,-0.5508353556170038,-0.792723739767698,-0.48670143092506063,-0.6483636855439647,-0.4233947578888996
7,0.0,0.0,0.010377942730368307,-0.3200872430865562,-0.1348498108065527,-0.5784478473847798,-0.32891000726674496,-0.6237457192611136,-0.4621200693210774,-0.5479538496747071,-0.2528312395734958,-0.5972821969978581,-0.3614739645956645,-0.6887357047578482,-0.3082582501450239,-0.5757912118035082,-0.25161856693424056,-0.47804625344496104,-0.3300706838833112,-0.4533659289873471,-0.5619753302151581,-0.5228797728984859,-0.6879184540342591,-0.5636473124126364,-0.8078058471007813,-0.5894486520383172,-0.3622454547304781,-0.2850115984597984,-0.4669475218129123,-0.3387188559139202,-0.32410354399507807,-0.29503551846687753,-0.2229097432875525,-0.2749311165931755,-0.3640759464283166,-0.12259776241436036,-0.4357327352011592,-0.18462172577280078,-0.3431370867592967,-0.1594955848270718,-0.27910429147840804,-0.14105628232215664
7,0.0,0.0,-0.1644401238934912,-0.4761310197428538,-0.4564745631933598,-0.8536823193548901,-0.7346880988170192,-0.9112117669339891,-0.9359168317008267,-0.7209030200888045,-1.0657380138325285,-0.5512848364852172,-1.5102291319218053,-0.5069082626697283,-1.8203788023824565,-0.4704754947594897,-2.07935494303316,-0.43219789255253765,-1.0628810494924814,-0.20968914056013463,-1.2477152023941722,-0.471772719136862,-0.9703373815237235,-0.6324280426422527,-0.7428357155608587,-0.669473748318175,-0.9764640497307097,0.11641271693240152,-0.9866889113582504,-0.1460742686217403,-0.6736998879815661,-0.2475088457427229,-0.4706808108479946,-0.24053953863291347,-0.8308434634335691,0.4253198035876212,-0.8465031804068286,0.20016452119338946,-0.6218000750872807,0.06802073844172309,-0.46141569656672055,0.03584692464303832
7,0.0,0.0,-0.3138287523776672,-0.4059398224342421,-0.5528416391651024,-0.8707534275843114,-0.7322096260260166,-1.2585155190147799,-0.7914873640374025,-1.475348687112378,0.1384226149696272,-1.4384917544863314,0.17739966965644036,-1.7692943481684609,-0.0018440430594070106,-1.8292746339088422,-0.19895441547181122,-1.7355609934329124,0.38085342669094874,-1.3059918445794207,0.0098945890738881,-1.369747053962343,-0.230956680252889,-1.161566505377065,-0.3253041703279327,-0.9456094314077327,0.5147558590921844,-1.0383151133675153,0.1003885514663953,-0.9960426068173164,-0.08248484109304838,-0.8037547402040564,-0.13375448699044187,-0.6538615959151289,0.6018488781110007,-0.7129967917394197,0.23085762115174882,-0.6660713376956648,0.059195917766807805,-0.5647120070380957,0.012915248417747218,-0.4778811730168425
7,0.0,0.0,-0.07208909376411231,-0.7166421805760523,-0.4335063409630033,-1.1880595263224125,-0.8124477697172261,-1.3570204660594767,-1.132420776818857,-1.2994431518114795,-1.1643088264171944,-1.0380364320449242,-1.7602227044118037,-1.0311726001352775,-2.125759471026136,-1.0762497309014485,-2.451705698079953,-1.089659569942898,-1.2486015411595481,-0.6649892754941154,-1.2536969065188293,-0.8036326156985821,-0.8363994443365316,-0.7791928332180152,-0.6805858007761475,-0.7326683886874676,-1.2225221599995624,-0.2852820350878681,-1.0981668832081328,-0.41458624488020046,-0.7387087234705771,-0.43788304145231366,-0.6507738735922433,-0.42068574425255384,-1.1262356736814414,0.07723604324964042,-1.025838172857583,-0.06200781753565097,-0.7652111314436562,-0.12095534669266621,-0.6995839201610156,-0.09615909756190541
7,0.0,0.0,0.027953450256066614,-0.7749549733818374,-0.2613930954717882,-1.3558338393679779,-0.6649413428207434,-1.4991356892418772,-0.9571590585051354,-1.3840640079526385,-0.5742845623326601,-1.4224646418456937,-0.8912033792140294,-1.5484808411980118,-0.7469575895476159,-1.303346172298141,-0.5618551525417281,-1.1017278705951046,-0.71124828240268,-1.0930416648767476,-1.0840185297029006,-1.1544966809582418,-0.8270791612079471,-0.9481591543959963,-0.5980540504245192,-0.8014557709386256,-0.7926628919639572,-0.7192155893907263,-1.086320617591324,-0.7789072570367823,-0.7993714545275309,-0.6548043808165533,-0.5846846517024179,-0.5838576574057116,-0.8166005287146536,-0.32967030088913435,-1.0036452091576749,-0.4280284163795277,-0.8112120279436248,-0.3572926689645016,-0.6570137024805994,-0.3001750665018492
7,0.0,0.0,-0.031691312155535764,-0.6026185890522043,-0.2591320340014605,-1.0400610811302018,-0.5231770776558592,-1.2435715977737822,-0.763855682167758,-1.1885113378756582,-0.8509328705128795,-0.8525087730883513,-1.256663647154623,-0.9848364243062911,-1.5188897885049961,-1.0762334220034702,-1.763800234125856,-1.1237886193974154,-0.9159905707229137,-0.6122261929103925,-0.9368040911755506,-1.0268773842261352,-0.6095429942559437,-0.9952181821517296,-0.4701907610707382,-0.8825648124663253,-0.8932410799621305,-0.3716688374027616,-0.8084398608571234,-0.7843106400477736,-0.4921045535221048,-0.7109902801068932,-0.40330596379639,-0.5590378503981602,-0.8137356828835366,-0.1463818323526478,-0.7823372079783087,-0.5279163249426809,-0.5461660561050724,-0.5029709729046034,-0.4559711795702082,-0.36529699317847236
7,0.0,0.0,-0.10763922068585356,-0.5194486017019264,-0.4416956952129389,-0.957221896378518,-0.817849955922151,-1.0942655171702553,-1.1086558520912333,-1.022709287925406,-0.4946797828076372,-1.2333543843458017,-0.9220742208008702,-1.1794873466493734,-0.895460114463075,-0.9233101273172639,-0.7745048955671919,-0.8530427294155056,-0.560263519901717,-0.9154295460800416,-0.9901003268340115,-0.8300476376356668,-0.946099296796045,-0.6232047427614084,-0.8185068573802765,-0.5744967575378155,-0.6166349827600596,-0.5533544074024259,-1.0115917199285698,-0.4841194163313101,-0.9535315078465298,-0.32222833482533203,-0.8261552402581162,-0.2976097180800496,-0.671636177130006,-0.19528217463134487,-0.9863409869432982,-0.15074108773503853,-0.9519590441575475,-0.0548543466113641,-0.8494246466326671,-0.030983386220691397
7,0.0,0.0,-0.05549790886291352,-0.6264591130311391,-0.3242125159154467,-1.1714310319864525,-0.682303725656671,-1.248517787673718,-0.9425839833891579,-0.9916807369559929,-0.7502256077941397,-1.2003597071284242,-0.9988482678441364,-1.2747774343365552,-0.7699944707551122,-1.1236563501275578,-0.5868433576735684,-1.0629140196291262,-0.880292874038738,-0.8338352025189866,-1.143281385858539,-0.9021898316886285,-0.8463911931630059,-0.8093904783507313,-0.6358042978443413,-0.7718503059808062,-0.9433484609679239,-0.4417630171242051,-1.196998747356619,-0.5174612706380649,-0.8826242670410162,-0.450241231640495,-0.68268712434307,-0.44188744244047323,-0.9543149709192097,-0.02427137228694603,-1.15284463131076,-0.1327365056140994,-0.9370635062638178,-0.09329663282223652,-0.7799084268869162,-0.0751060733645702
7,0.0,0.0,0.00909700127119918,-0.3172276374739034,-0.12094228023267435,-0.5243552391571058,-0.2926352237887614,-0.5948296705170105,-0.41777104928832237,-0.588124384824857,-0.3142810432504674,-0.5082253646951594,-0.47923385138050806,-0.5267009215848285,-0.5652652827066816,-0.5244456515740754,-0.6483321633363626,-0.525891777706826,-0.3649018371700621,-0.3949272653017678,-0.5606215655100051,-0.4905509972809546,-0.6423714018461456,-0.5995946332850501,-0.7411441321529602,-0.6713459431435,-0.37630404004814566,-0.2622962661867104,-0.43198509408545593,-0.39328968221287314,-0.2730748754083775,-0.40457753070991137,-0.1852181055908216,-0.3690879793296359,-0.35798386965558576,-0.12633827914267376,-0.39240280570808583,-0.2829363656443196,-0.28887649294181356,-0.29536484396276225,-0.22494845611444872,-0.24738239147913021
7,0.0,0.0,-0.0005987700683783855,-0.5957668891643831,-0.1994883141666069,-0.9831748549540428,-0.4480407547895501,-1.1181522962239105,-0.6381442236130931,-1.0607817420404728,-0.7326975092119503,-0.8611882269006825,-1.1302485423655855,-0.9545956399621637,-1.4030385409002268,-1.0084523668243868,-1.6291434188877936,-1.061766440372003,-0.7763692605462558,-0.6304992846791737,-0.9210427009243467,-0.9385185488093165,-0.6911835977573355,-0.9259564331465593,-0.5365967237902943,-0.843838821113086,-0.7401838573199928,-0.39343183379300994,-0.7584344321534542,-0.6937844873017154,-0.48640050282308345,-0.6570499723109233,-0.34802634745726374,-0.5862910514379656,-0.6403280408135833,-0.15908999229528667,-0.6850057316036088,-0.4367673151680127,-0.4873896503090048,-0.4722501825638077,-0.3623497541744648,-0.4149265597831407
8,0.0,0.0,0.3717850001760217,-0.702340589081162,0.8179333884295288,-0.8503137171596644,1.145819386282872,-0.6442591934765347,1.2603067255203206,-0.3660681720434589,1.2530018112883252,-0.9125278473238474,1.8275221365607741,-0.8061650645081341,2.185261428771302,-0.7081257598719524,2.432191672854898,-0.6224987501841757,1.3493635502622403,-0.43264848213585144,1.3177962877959668,-0.30797573827753716,1.12647770944098,-0.2817824163802104,0.9592951276016235,-0.28240548535710996,1.283449287519447,0.039239958838421456,1.2154124098451733,0.04748570017990035,1.0674338801132714,0.04543119305215164,0.9088394574700187,0.03799382088462234,1.1931251879191218,0.44082353227414645,1.1209943266770708,0.4094899500310223,0.9840220180282526,0.39786817531489915,0.8327625709924357,0.36861375992156453
8,0.0,0.0,0.45241184158648473,0.5012218967309878,0.8638098691770877,0.5615594137891686,1.139975119947066,0.5562923617593997,1.3855441643215969,0.4594453643353529,1.124648579061514,-0.34558243124676885,1.5205066850468605,-0.4697711868467967,1.7910220536723056,-0.5236345210573939,2.0292188726298344,-0.6339029304044824,1.0770113333874465,-0.4890864566637398,1.3791066562852128,0.0889311218645616,1.123646003474078,0.31383989184886396,0.9735511026284352,0.22846936462238904,1.0052275489173874,-0.5231877551755123,1.3061398640014967,0.11067026329439993,1.0423538329261497,0.3036399796518047,0.8914540474539737,0.20230355386860394,0.9099428592260312,-0.4477504142464658,1.173951292632394,0.07421099015669975,0.9872882709473634,0.23322061583154835,0.8462746024962103,0.13229565397292511
8,0.0,0.0,0.34121493599039476,-0.6217268508343308,0.8052206379218821,-0.7810329891069082,1.1236615504396494,-0.5336462522914353,1.2172958780731384,-0.15595149561105845,1.1443730671707024,-0.855257655083081,1.6938428691373588,-0.8553175046090642,2.041127160903741,-0.8228979882993517,2.2826527364481426,-0.8027900821722317,1.2975622769671524,-0.4011524458921199,1.3089920018267105,-0.11140400997198396,1.1281768646777142,-0.06200845696106639,0.9934750199971474,-0.11404992170829191,1.2864425419601224,0.07418527782659412,1.200218301791526,0.277883906811982,1.0444202665035014,0.2576593708393562,0.9326111212787082,0.1742700543716043,1.2376355092880396,0.5007049708834078,1.1050652284944125,0.6355832949354635,0.9413486405378432,0.6057101969192921,0.8226588459626241,0.5076651638346062
8,0.0,0.0,0.3253060293112976,0.4642221328021724,0.7950620732448591,0.6145429975061041,1.1487193719032007,0.656206812355129,1.4137465159879723,0.5797815913854276,1.0990519894308675,-0.07089084890951562,1.4900514345417737,-0.14410846638401978,1.765988763240903,-0.10418373588438112,2.0108839202787245,-0.11825312647029826,1.1036202547334828,-0.185099786118877,1.368429840426282,0.302688253264549,1.1102276690320387,0.44423856482771173,0.944261037257986,0.32919765114057614,1.074079328162541,-0.23671090532626507,1.3109727612922402,0.3075201698387912,1.0196210517788584,0.42778064121806825,0.8687341665127624,0.31642854068972887,1.0079005543401642,-0.241862245556517,1.2077417652303295,0.2532550226208635,0.9949290961476311,0.3253991369282008,0.8659271101417678,0.19460321604616176
8,0.0,0.0,0.35619899559696405,0.5015417816404824,0.9357453498345774,0.692290076517514,1.3636764913546766,0.4650581096798503,1.5585588593820614,0.06724524155405502,1.3604068835634626,0.13691641428629606,1.8452743584269582,-0.08610178920758671,2.1969858721896722,-0.19098678799214489,2.464066977997363,-0.28883306382242796,1.2390473809506566,-0.23073025083610474,1.658262840663481,-0.24848788227157217,1.33035963838504,0.02574166487264906,0.9917473445332927,0.12820766206105838,1.0449809712081508,-0.5749993934908776,1.41425897543514,-0.5302516174857275,1.0698772270722627,-0.2290740807292165,0.7545644978902252,-0.16078940186958307,0.8083813643865467,-0.9399221554074932,1.1548437197560901,-0.847818193225361,0.910724361493796,-0.6147792366405327,0.6462337644376746,-0.5903414881212148
8,0.0,0.0,0.34583151710847965,-0.4434821069566661,0.7415249751759322,-0.5645967631459794,1.0253225269117756,-0.388960525402584,1.1396109189604111,-0.09617995245079448,1.1195606513430219,-0.7018969638701069,1.6114164622115448,-0.6022602802167029,1.9242337030513916,-0.5331912548589359,2.1632614791484066,-0.49263632866764656,1.232366939555809,-0.3613264087223066,1.324341109045286,0.05013953543416509,1.1451382756191857,0.13553196924958427,0.9976414778322341,0.06864023389176395,1.2150995498856876,0.03997440441175675,1.2216935519822802,0.37005610164677094,1.0675643528629746,0.3975960868671609,0.9392581064705309,0.31518706034131955,1.1423729973216417,0.4305276981143629,1.101580209197719,0.6856468872863047,0.9402890192861822,0.671967159546285,0.8104905359262308,0.5762943970011732
8,0.0,0.0,0.3834011682515352,-0.378938641940677,0.7876811870702563,-0.42611846124486374,1.0987075210316746,-0.24963780748115807,1.237345483633279,-0.03699006732156508,1.023679938390484,-0.5806101177780136,1.5191630154234979,-0.49592713569836183,1.8150170524567635,-0.42221749265331576,2.042167588710895,-0.35287198874448233,1.0557237343333843,-0.2697672968618708,1.271271799688873,0.03250852664097857,1.13153899942927,0.07742007790095722,0.99972534287796,0.023435844502499654,1.017886308689054,0.07924662750993777,1.111681561800055,0.3131859763242041,0.982692367984904,0.31774591471382435,0.8670614027162341,0.24579183429743975,0.957062752763696,0.40527598175413254,1.007477745190174,0.5726324683167102,0.8912285691313622,0.5660720232124923,0.7879354920766742,0.4991874662944473
8,0.0,0.0,0.3765569793052737,-0.2757928958189499,0.7633444246955269,-0.25551370015830394,1.0185484073942768,-0.026546346254574513,1.1357492320588376,0.24022077759793684,0.9606741401058184,-0.5108607936831926,1.399124059736533,-0.4048776150063045,1.6624118461281816,-0.31045188152989867,1.8711852656719123,-0.2472218161721763,0.9483051995615968,-0.25464755926279264,1.278716057378729,0.19148442135610036,1.1245128962244677,0.24508725768081355,0.9909671776282961,0.1341046340116885,0.8700050658155543,0.047796523950776174,1.1271449606350565,0.43425057807565887,0.9657050908396307,0.4298052425383596,0.8494848601317841,0.30988869414942233,0.7628812724945156,0.3330786999342557,0.9394992557920255,0.5747820273716322,0.7940278130161665,0.5583390562444961,0.6800735927214531,0.46642666215251666
8,0.0,0.0,0.2602620718834123,-0.44825697923418145,0.5598193446555896,-0.5498599618758773,0.7884517467002533,-0.443489558458267,0.9170594231588759,-0.2653167899557824,0.8917138880834983,-0.6695136034693205,1.252137062680602,-0.6843783732928563,1.4584321240037248,-0.6641636905549672,1.6177529697737505,-0.6349533663705815,0.9498916387715248,-0.39316408687852933,1.18541647920826,-0.3130356862652302,1.0830498424386406,-0.26161611569530285,0.9693575475130031,-0.24565411675682558,0.9266724696737358,-0.10157476336316369,1.1202626917194045,-0.04553397292111662,1.0354977577005842,-0.0393538546110383,0.9358081962418195,-0.06125297786731853,0.8742648391090589,0.15672736886792826,1.0400746742685238,0.19505723928321864,0.987959541822967,0.18186506365978222,0.9105587800742068,0.13380397248130765
8,0.0,0.0,0.19855400562848435,-0.6331149175402898,0.4905667274207198,-0.9122057666875691,0.6735916487407112,-0.8808991648206944,0.7296832288910743,-0.7009686250768751,1.0952870285225085,-0.9148726625167926,1.5987120992241481,-0.9174338989826717,1.9068793351955589,-0.8991541603939497,2.134167003447453,-0.870510609157949,1.1992257491967098,-0.48446289299713974,1.2102631402853088,-0.42466337136004473,1.0402538810134951,-0.4222760047325804,0.9020554461399592,-0.4316201710870788,1.1395606423193123,-0.07298888634115071,1.0818311748545746,-0.1464338466430663,0.9495456519474363,-0.14574472022581086,0.8236739198873597,-0.15455824920807026,1.0423062138369372,0.24126312524462915,0.9951600696904771,0.12867070209348053,0.8811649850544248,0.1115836437232691,0.7600599614875038,0.0872736310272195
8,0.0,0.0,0.34216705036999207,-0.6822950551735565,0.7717818710689246,-0.9211773661382807,1.0838053088530981,-0.7681349162305028,1.2115216256389465,-0.5529145939468749,1.3396794926393838,-0.7498834797661456,1.8843941658558954,-0.787872419101036,2.214877839203542,-0.7807779359951684,2.445204073368588,-0.7219184592768372,1.3638600945442192,-0.24188099927347223,1.3566432478765258,-0.3573078488839308,1.1153381383876473,-0.39501144680656325,0.9259966680381968,-0.3775316818257212,1.2303265619595634,0.16686849100209714,1.2167285857166474,0.03668459583542634,1.0266032075274991,-0.0038536711535064557,0.8590572910192931,-0.009241312745903604,1.0612497991885133,0.489225661756476,1.0914319432789068,0.414065796514902,0.9427320980759315,0.3436843585366341,0.7913813894973987,0.27479263183659647
8,0.0,0.0,0.3026735442721575,-0.6668405890117527,0.6773418103723282,-0.8466242381094138,0.9601296281676943,-0.7223191542481293,1.0930607700483388,-0.553107255958056,1.1782940735137195,-0.783284194945925,1.673027990410203,-0.7869358826191285,1.9881918908818594,-0.74401258111682,2.2101587933711504,-0.691193691548932,1.220302536536667,-0.33362268335382433,1.2891648309680304,-0.26673623560470106,1.1103517283912108,-0.28604341618281276,0.9500996252864321,-0.31194663330541206,1.1269946335542897,0.05888391092798681,1.1620579903783341,0.06217579620483826,1.0216445941190053,0.02628652933462206,0.8803010268918345,-0.00760338103768344,1.0171025999480103,0.35261554791807737,1.0730738491475735,0.34293921443777486,0.9762793382846372,0.3093370437659611,0.8730349606007312,0.2566638128386417
8,0.0,0.0,0.3813563340094055,-0.7023472696779853,0.8498670025952426,-0.8197434465322833,1.1517060857791173,-0.5934713803125596,1.2220953208294096,-0.3106826863268257,1.2622306221220898,-0.8164282782158256,1.8631703311856163,-0.723682685689872,2.255083052729825,-0.620461140255252,2.540546592321987,-0.5416709553640155,1.3420212455331835,-0.3438435695303392,1.2962260802863355,-0.21677394602095423,1.105544496124313,-0.21582739344344362,0.9702497749468124,-0.24210612180541777,1.2538685753029375,0.12485109983424206,1.1779477511270873,0.1334484047919315,1.0266412821832767,0.1282122683453857,0.8853292098243338,0.10128349151793423,1.1337402497425453,0.5313574488571544,1.0441571048866918,0.5395102605050492,0.9092361681482969,0.523775565339877,0.7790850573114593,0.4817537303485593
8,0.0,0.0,0.23652204534054658,-0.5627208542618939,0.6155651657531952,-0.8750168644599623,0.876535079025681,-1.0336907776734252,0.937714231579529,-1.1938377079497247,1.0639899658489316,-0.8988830194532551,1.7121362082132896,-0.9646580320799442,2.127404307541988,-0.9329883994129083,2.4340667885725527,-0.9195429619493622,1.1662684021114977,-0.5340070914465472,1.3698679306377626,-0.30580700705114605,1.169398973191943,-0.22413675863112792,0.9681918679270356,-0.25020892645938436,1.1440106225057347,-0.11984246690323609,1.2119412984175448,0.018912930208545762,1.0555101649196286,0.06316034879416582,0.8861581660123399,0.040646840311993046,1.0823612285747521,0.26040599831424877,1.0829448149850207,0.35864850833501416,0.9360997674092276,0.36715360113121487,0.7958713532346091,0.327567145757302
8,0.0,0.0,0.4106598463607988,-0.09772692715267538,0.8001792767057854,-0.01879579136994787,1.0392295021777866,0.20275287969314426,1.1745561519254586,0.4335174254260823,1.047133128292328,-0.3153762612456365,1.5229661966197212,-0.2282112290573599,1.7989346483075288,-0.16561106724467334,2.0411008795875065,-0.11786873881717612,1.0344356470885916,-0.17663831945707312,1.3148030842989986,0.3672260991077594,1.094069264688026,0.45964705305351033,0.9333864467359152,0.3588728758901996,0.9723275135384918,0.011146059459191221,1.1834829751450202,0.5305791359097692,0.9674965961303269,0.5694588940164798,0.8279711666578556,0.4553828081110913,0.8904620465861027,0.20818372174108418,1.0483236253979322,0.6017786216655122,0.8654338972233886,0.6383203362858018,0.7329745547321007,0.5380688417330108
8,0.0,0.0,0.2922584720510504,0.43364482410463123,0.7964686678897943,0.654167910587453,1.1657948234426505,0.564289061506993,1.3827136254699035,0.2544785739259173,1.2532464079725207,0.08737429174809148,1.7165013735692052,-0.05141665005418811,2.0461121474204615,-0.10810525543161766,2.326174632115084,-0.2013375264302951,1.173082945158426,-0.19599844842814068,1.519900629049135,-0.03476163759690876,1.1872700126536528,0.23715459470236727,0.9659242778501469,0.2588248238861031,1.0338447448323458,-0.47222770835157496,1.2991280360426771,-0.2624908069657233,0.9393107006668715,-0.0224630452026809,0.7678653665814356,-0.05911451391430415,0.8352316759586021,-0.76617690350346,1.0806697064438582,-0.5084136123542397,0.8333079445010023,-0.3030909876166304,0.6783684613641503,-0.3635443390726194
8,0.0,0.0,0.28939707869146,-0.6390621470581326,0.6820968885598987,-0.84172175129131,0.9741886996265255,-0.7324867799681544,1.1132918403729746,-0.49416284808076577,1.2985174368010683,-0.8788255462012268,1.830068403032948,-0.9061774937465561,2.1895761262780025,-0.8477326395406023,2.436638276358905,-0.7820288758701291,1.4377504504020042,-0.4190792632703106,1.4227012393552048,-0.18055690014907477,1.1836943107828661,-0.12956214273725336,0.9871775373403919,-0.15962615628573887,1.3949146575558165,0.03090559999399417,1.3271489682872173,0.17616450707442188,1.1367165569798405,0.17726428696371094,0.9680205151710023,0.12869649618125215,1.3032042428406734,0.40177409347625176,1.231267099576568,0.4877742419678268,1.06101310093562,0.49674271283164567,0.8966106246508093,0.44249466628601813
8,0.0,0.0,0.10871040779190991,-0.6909129499194888,0.35814705251018875,-1.071948968133376,0.5073942326595712,-1.2123991409114918,0.5580195257289434,-1.2679118858408391,1.2824443288804104,-1.0239198959876497,1.7227564959270378,-1.1186271528477605,1.985289948619799,-1.1536370600607009,2.1598249092316903,-1.1580713404420178,1.371656691260217,-0.5458184038237017,1.3029030166319315,-0.603233149539176,1.0478618637274242,-0.5926635464512762,0.8515701049021889,-0.5242407428242059,1.2721584020036751,-0.12676419113429152,1.171778635861994,-0.20677813669197062,0.9620800043663521,-0.24831208929083565,0.8062615840409944,-0.2284689636934159,1.1235536799640142,0.225524617759289,1.039160768348841,0.15973102066181388,0.858745235402468,0.1340788761212796,0.7054981699285788,0.12992370471338044
8,0.0,0.0,0.16462255194652003,-0.68249062090354,0.47822211217279464,-1.0039965054816182,0.7304964182265121,-1.075732365210272,0.8516269208017281,-1.031582220259095,1.042630272260077,-0.7832423392032353,1.4314091266698319,-0.8992354134718891,1.6837010227274274,-0.9353752236135486,1.8702456905940745,-0.920638624277613,1.0974663445671813,-0.3544076044406184,1.1108932533969782,-0.5570440667245898,0.9613208617250898,-0.6116602639832182,0.8261833625834893,-0.5634013235609573,1.0031418607279772,-0.012656772573048276,0.9739940771278501,-0.22963367671431012,0.8433018778793487,-0.29052185752963616,0.7203511922941412,-0.25542444631344646,0.8665191534328458,0.24240784344367505,0.8449652804199923,0.05312984193093146,0.7399131885634976,0.0014148481380186295,0.6230291423592809,0.01469606584873837
8,0.0,0.0,0.17994473055799148,-0.6606700252586408,0.5289376721408642,-1.0120057453026357,0.8295364492146149,-0.9241710506772567,0.9265553094685078,-0.6755922395038293,1.0571535483067613,-0.7500438886314867,1.5363767580573864,-0.771985262887478,1.8282507115915654,-0.7829207777539816,2.039942613525215,-0.7684607729016615,1.120257173109764,-0.30487698568491023,1.1696776412707923,-0.5154437575580048,0.9995822908521426,-0.5666817141009153,0.8549631269694343,-0.5186887809878357,1.0518115699390624,0.03567270160392204,1.0183535738875686,-0.22523551645122614,0.8832624609508972,-0.268759660818866,0.7453923570491643,-0.23826569241245682,0.9484854056623904,0.3004276946061671,0.9145997990187351,0.041129372128660045,0.7924501667751839,-0.008434461228667416,0.6695911635403449,0.0019119182578445177
8,0.0,0.0,0.38194935500586286,-0.3395606308564382,0.801298359451364,-0.3769098106594991,1.1091884231893987,-0.14397732444321903,1.2491921110191941,0.14452745264155525,0.9823901936270248,-0.6086903800888533,1.5125485368514873,-0.5085788639319837,1.8289283079140295,-0.39123695888976207,2.07850624817141,-0.3041635543106104,0.9871271949432348,-0.34910149888759007,1.311954905355186,0.10553338402968285,1.144233769418608,0.20225262615635228,0.9914423030723756,0.13054562297734748,0.9463691621549456,-0.02056999496449607,1.144761548086409,0.4018484060721217,0.9918819659681487,0.425897783278043,0.8649505551869303,0.3282286861036302,0.8876366110302082,0.30605025771209715,1.025118648959871,0.6033664288067863,0.8963765598195599,0.6089373240819793,0.7894476124815435,0.5269597956577123
8,0.0,0.0,0.4075010828543472,-0.355391420629548,0.8430075214153221,-0.3937386135989024,1.1817405463190855,-0.21227497557169384,1.3527478643241628,0.025055052063038295,1.047943288572326,-0.5736143697682635,1.5554319377159145,-0.4558742808883406,1.8621951176891365,-0.3330258156761612,2.108603739292944,-0.23931034852593724,1.0328664478005831,-0.2540179204120436,1.3725177287431836,0.1199769058713619,1.1733729595398583,0.1578622348628953,0.9984403962142029,0.05582808618988867,0.9562084843081075,0.11253766397758085,1.220593549598101,0.4044557046562713,1.050559719792111,0.4027171740888866,0.9098763967410747,0.3036469233527816,0.8542447865639651,0.44489744478013493,1.0392629475482136,0.5941010552887377,0.8957125110887639,0.5573918464154763,0.7742231332130234,0.4863651693049338
8,0.0,0.0,0.33989208483080013,-0.4370417075011732,0.7229806468774503,-0.5632077882993097,1.0121112550180007,-0.42783274224054846,1.1504028142296212,-0.18093446847706415,0.9581104704554185,-0.7609175847927098,1.4636379021939807,-0.7244844976399717,1.7598504537974802,-0.6613134119895219,1.9881873495505824,-0.6037087554104996,1.0169307574063107,-0.48864584351776313,1.2784303799210517,-0.08529483133511506,1.1368284707331884,0.03538707169740064,0.999999863844738,-0.0005218337909836686,1.0048767755238412,-0.14960520360397875,1.1254956646646155,0.1977208542195951,0.975398998147764,0.2503336669311517,0.8500213483749017,0.19258810008099378,0.9637527888531982,0.1798815608773174,1.0088646763120057,0.40559262534835827,0.8698948089099573,0.43175626585565996,0.755109400502005,0.37858162976797605
8,0.0,0.0,0.25714703009310447,-0.5924441844818925,0.6545687763362857,-0.8247798730151122,0.9610367281336659,-0.7014783535695477,1.097858650142091,-0.44400052390133105,1.0743338167755696,-0.9480976773745168,1.64743642871002,-0.9867068536438864,2.0124696395669472,-0.9377695103318672,2.2777234174918943,-0.8950098392748795,1.174431492240665,-0.5627242167238123,1.290232141130749,-0.3548049115389111,1.1054101412731223,-0.30613774083361156,0.9394044764406514,-0.3428107781900469,1.146619998662369,-0.15343488857064436,1.1706847848347675,-0.057242256962879275,1.010918792652189,-0.039624334633326194,0.8639264514412034,-0.07199089519608533,1.0736074703775476,0.21121297805999545,1.0454930381610705,0.24332094203912594,0.9018137939995187,0.24587453425151354,0.7726347940841667,0.2229237931487991
8,0.0,0.0,0.14312770806688677,-0.6583392978590054,0.4534603800499396,-0.9662081505748634,0.7666533956058665,-0.951596752951603,0.9407826331366866,-0.8364448313889367,0.9866140532086425,-1.0439389543001678,1.508188585044807,-1.1373276324375385,1.8512525719646518,-1.1545939073309295,2.114554974382122,-1.1560990812259568,1.1408385206154494,-0.6195316278825708,1.1964391627052753,-0.633308330986808,1.012354776876869,-0.5807859333327083,0.8437871430719972,-0.5366779827665719,1.1409995777749489,-0.1998166702271534,1.1143244857328618,-0.2716797431990785,0.9778455172185444,-0.24367316635554195,0.8252410953572902,-0.2152055239181444,1.096417534932933,0.1670135111652906,1.0690938720255092,0.07395602654953731,0.9335362452030338,0.07583384249987704,0.7872083155869765,0.08758351493247367
8,0.0,0.0,0.18035454434153628,-0.7088271137862109,0.5492074913140069,-1.0338914739434097,0.8709020912364315,-0.9603873590732728,0.9977661642643626,-0.7608290845907053,1.121017340399653,-0.9851401345429961,1.6850878813206116,-1.033781696522634,2.0379084458633496,-1.0255443241340567,2.284353876508343,-0.9808303543199497,1.2435439855578239,-0.4723653296862084,1.2189611617987828,-0.5441219506508121,1.0215707880850158,-0.5516620331259439,0.8577934474466918,-0.5139945539765178,1.17974297493514,-0.027199998786941956,1.1219988318579959,-0.17672131829690013,0.9737964677295059,-0.19373803826625513,0.8171245722966498,-0.17445543101548144,1.0726050912545244,0.33095412207333585,1.041511246694364,0.16898566937957166,0.8992726425952745,0.14485171329659133,0.7443949981175414,0.1469395172065294
8,0.0,0.0,-0.027195973911267005,-0.6239262664785379,0.2894155483475077,-1.272620994906286,0.7255994833761434,-1.470292318764995,1.0746143225557727,-1.2903033974199765,0.9497585576384812,-1.1365909306362811,1.4716941854110626,-1.29690424129002,1.8064800183774934,-1.3787259269760554,2.089588720463596,-1.4279404095947579,1.0096336803733412,-0.7786584030170715,1.2621771481486932,-1.1003673179602518,0.8779409174093113,-0.9917380698377765,0.5496302025063033,-0.8354080682474164,1.0323594564986307,-0.41468864645559794,1.2333763775346644,-0.7203527016629582,0.8226488110549631,-0.623290227749606,0.5163730974081677,-0.4824558123140493,1.0192419046595524,-0.01094244758004749,1.2051205780976235,-0.3366329984294846,0.8979351450211719,-0.3245021312476897,0.6473669587399551,-0.22919432111077104
8,0.0,0.0,0.024725750254092214,-0.5835921794209961,0.2593622396205482,-1.0897563838517252,0.5985640116358273,-1.2801649592902602,0.9043998265684273,-1.1806562327204289,0.8284485966891953,-0.9532727417979118,1.27917961896118,-1.0648309649524346,1.546129965241385,-1.1339735638446116,1.777963763082844,-1.183567659880005,0.8726092271706793,-0.6731325710541659,1.0569246800233751,-0.9895195823225885,0.7430445225582613,-0.9694036644609623,0.4841989081036111,-0.8749579517846963,0.8913847121694349,-0.40567729348850734,0.9845168704542994,-0.7082740780735615,0.6334159642125793,-0.6488216917525533,0.3981776763420637,-0.5372531710018184,0.8818191179659861,-0.1000783232687869,0.9552605269379161,-0.4124532863316357,0.6908775982895897,-0.40428799067751126,0.49907457124195254,-0.3170059142543261
8,0.0,0.0,0.05402668056685121,-0.6606735208899033,0.4017903248015507,-1.2507090434853867,0.8269677344185288,-1.3613477016326894,1.1636671742420148,-1.1832962895575365,1.106486354570035,-1.0648229602543753,1.7459199438090414,-1.1788105633500565,2.1222175651325554,-1.1898585151300833,2.428848282875044,-1.1948663571144302,1.1532546551951832,-0.6543891701644482,1.336931509239771,-0.9577490458806496,0.9173567427623691,-0.9093769265807756,0.5794239088166169,-0.8150263393852206,1.1629100725059094,-0.26514903687273406,1.2643617051440421,-0.5706073078599063,0.8393851961070087,-0.5316226631871696,0.5277233860883366,-0.4493066979232565,1.1238089506430027,0.1407170866608144,1.2233671517479057,-0.16456872585098978,0.9295281576731642,-0.2086612113360683,0.6979877562462474,-0.165691511788792
8,0.0,0.0,0.024024379627896095,-0.6959045060275756,0.37339667544596533,-1.3336817277143502,0.8398578648145386,-1.3430437676169467,1.140198906775534,-0.9910829764070395,1.2201578575905612,-1.2956876272779487,1.8643904069131854,-1.4532880150737046,2.230792277677557,-1.4890903967841704,2.548460228477348,-1.493286384608166,1.240766875165723,-0.8360029657033361,1.4635012851166826,-0.8976425688009453,1.0029723543958273,-0.8233250065214144,0.6616081851203901,-0.7498497245326583,1.202725042198085,-0.3941454101177668,1.346152845927581,-0.47979845413819705,0.8881636836395932,-0.4935777420356242,0.5835441163526727,-0.46698276671510375,1.108693447304074,0.0445309711464465,1.2451706983861435,-0.08820325394450573,0.9104662116459113,-0.15016902933889661,0.6668165003776899,-0.14567172991147162
8,0.0,0.0,0.01005222268214485,-0.5606014504507393,0.30115283879788324,-1.1071529333062011,0.6726948967571167,-1.069574217160522,0.8597465979207854,-0.7003001147788239,0.9788658884024866,-1.047237952081465,1.4766335263322878,-1.1607510215680144,1.782417348019429,-1.1844879815181744,2.0325601146318366,-1.2163585219130346,1.0099560662370948,-0.6821706663903432,1.2380155188098214,-0.8147664827403008,0.943905731740961,-0.7639998974396669,0.6743924219295283,-0.7383731179045083,0.9966688234595278,-0.32075697453837293,1.133627184861038,-0.43646959957650383,0.7874899289942454,-0.4228007792956603,0.5196642500118475,-0.4072559054727774,0.9317954856364093,0.05192508385342277,1.0812035121391852,-0.07696250467438877,0.8133330935171696,-0.10654530080495986,0.5813941979629912,-0.10626696862387766
8,0.0,0.0,-0.006431978389335881,-0.5487539766746005,0.3245819400361828,-1.1129111403726892,0.7336028685170313,-1.0975914302240724,0.9572570078093072,-0.7278757586374525,0.9490554048531795,-1.0654630550566813,1.435116970791993,-1.1865292259609217,1.7348236539213058,-1.2180954099301984,1.987161469585254,-1.2257395066148626,0.9860441784697231,-0.6930241633785891,1.3032183976659033,-0.8418877077126259,0.9758996086607183,-0.792676812268591,0.679746655347365,-0.7334469882302814,0.9800329916741275,-0.3240516915197794,1.1966720921602352,-0.470588105015561,0.8223984128446608,-0.4497469958575844,0.5373219038414291,-0.39048182191818126,0.9341845958582086,0.05925921130548376,1.1524370147219354,-0.11617340387095407,0.8729751773586598,-0.14733881366036294,0.6231310203802872,-0.11851118226977969
8,0.0,0.0,-0.0442625767033991,-0.6561047819243602,0.19745625467484929,-1.3337684475101834,0.625575346675535,-1.4653369607091893,0.9659661823048983,-1.1917887208747864,0.9414980403775305,-1.3225014204952221,1.4550572936922934,-1.6061017875938806,1.7701333160379231,-1.7384758321493328,2.037026779959439,-1.8311479991282527,1.023764834784245,-0.9239271972020807,1.214101837868105,-1.1518791116937226,0.8313606736797441,-1.0305762982276894,0.5045963202459045,-0.8633554039874266,1.0509355191754535,-0.5439540947366914,1.1618078189582197,-0.7779843172411153,0.7539270674117078,-0.7000184304802949,0.46259187242696986,-0.5698489312291651,1.0304620204501356,-0.14026911528072408,1.128388933591599,-0.40709858364680984,0.8129258905059871,-0.41344836486893655,0.5679051932082821,-0.3385232827935162
8,0.0,0.0,-0.06232779109156197,-0.5807638166071569,0.15389075289668416,-1.2283500218697032,0.5218406593773284,-1.347475641152498,0.7877497268835494,-1.0935321310523514,0.8646612924174194,-1.2048376614945722,1.3624686528855279,-1.4742650677156401,1.6656228219693636,-1.6053913075750732,1.9195563140207779,-1.6927336654492013,0.9225575996521688,-0.8237570985402662,1.0991662816594983,-1.1305989113625279,0.7709855241346171,-1.0390770235572089,0.5113041766229424,-0.8593998132231208,0.9258630548314506,-0.4665785980567847,1.0247281723576775,-0.7499381046501129,0.6861126152730451,-0.6834943982368115,0.4551590243066305,-0.5306319980425164,0.8762336414107438,-0.09225871528959295,0.9736446391634513,-0.38520549451990466,0.6976789534371302,-0.3999029738153263,0.49434913004565634,-0.30589911443653534
8,0.0,0.0,-0.04071505892064892,-0.5410375492753391,0.1311917420412907,-1.1006323513385727,0.4455984916437009,-1.2590038802148422,0.6787872450817817,-1.0760733278225372,0.7602920297533723,-1.1893431214984533,1.1821379844968711,-1.455799129657149,1.441146612698887,-1.5662351898504459,1.6572812075520704,-1.6648293453053105,0.8501370145200025,-0.8818729628545834,0.9590831320542739,-1.0760792672294923,0.689322904533443,-0.9800384204002951,0.45500990620743037,-0.8904863756695581,0.9009940350598596,-0.5778966603520582,0.9164224931124718,-0.7417780497875793,0.6211945128114732,-0.6683627373888517,0.39326425574543655,-0.5922615403163514,0.9047952555111315,-0.25407128404890167,0.9136526082546198,-0.4374055039924774,0.6734850516442821,-0.4368709573665173,0.4749086164804724,-0.4001289374554846
8,0.0,0.0,0.014791176432403384,-0.5822825101111181,0.26177323598735763,-1.1637758565014016,0.5793868029569804,-1.4021838869921517,0.8309602784392157,-1.2190141566932018,1.0163947912356293,-0.9954241649010963,1.551070819300741,-1.1313869611477116,1.8723936363449498,-1.1920083240542547,2.1400772481053654,-1.240097649692614,1.049020029385576,-0.6712207648358436,1.214449603032162,-1.0347331412118523,0.8312803683008128,-0.9797180912831831,0.533892507677521,-0.8455523580747724,1.0446001707889112,-0.35092909764197,1.0979684960769949,-0.7027096614037878,0.7237247572042831,-0.6313488096006706,0.4693964321656793,-0.5003722368750831,0.9932670572019273,-0.010849646761496166,1.043488659873182,-0.34045371674121283,0.7660899370666349,-0.34607944278544567,0.5701394113701077,-0.2555506710192442
8,0.0,0.0,0.1469476813798552,-0.5954059835126867,0.5280864004573741,-1.0351013373842313,0.8730252544853964,-1.051189233161874,1.1420069775803365,-0.8764837856107154,0.6293076050036862,-1.3562480930770844,1.3063288152926649,-1.3009558764859468,1.7172206363242732,-1.2862670443478508,2.0496977079476553,-1.3075690766200556,0.5873234802548082,-0.9931511871684826,1.1759208146338096,-0.754308692322694,0.9766311658683385,-0.6486799601414003,0.7121756904061698,-0.7020012720746988,0.5695620524182914,-0.5761687630348361,1.0615384867312476,-0.39271353712568224,0.8657707373214271,-0.32406245776075454,0.6493021903548959,-0.40231191533926075,0.546415470212583,-0.1755338153813951,0.982883625173151,-0.09393080416757679,0.8009007562783851,-0.07026925965634352,0.5903907316446468,-0.15215399227970766
8,0.0,0.0,0.029383113566360974,-0.4539872447147971,0.3542758557834069,-0.8511055208059077,0.722270052173982,-0.7783270715949242,0.9398736000963046,-0.45475040727016625,0.8796081515458306,-0.7889017710113049,1.332676193872781,-0.8627786941794585,1.651643294411811,-0.84637476479297,1.9102508578661435,-0.841053922664161,0.9034512702658083,-0.4297619639237138,1.2585607582063485,-0.4678399422000541,1.061465413179856,-0.5009807892011474,0.818215576562744,-0.5749115325596594,0.8559137159416631,-0.0702891686080063,1.0873935802817023,-0.12701874681062086,0.7599728379002701,-0.1835485320763656,0.5036958048471385,-0.22637314138582118,0.7492649431926428,0.2779700545280739,0.9733962219728896,0.1792882187345459,0.7236023922820617,0.09483543456316929,0.5048697819490559,0.0575728902501001
8,0.0,0.0,-0.06440065954922648,-0.6332788931001684,0.21701716173993477,-1.3418132000965088,0.6013786882766763,-1.5657312593484876,0.899001562900314,-1.3501319974246677,1.0574522908576893,-1.0720759708608116,1.6944941805228082,-1.2593892325700777,2.1438278180679196,-1.381080441937502,2.4909010075448608,-1.474100260160664,1.146621870173571,-0.6674431637590701,1.3111948083286045,-1.0528555511312518,0.8705520891705213,-1.01732250741211,0.538522980498414,-0.8426108232601247,1.1714918668287508,-0.2819316758621062,1.254002794359834,-0.6854150862789802,0.8308627525017519,-0.6427761678939714,0.5513433697557124,-0.48538618259074673,1.134899774481523,0.14703129825554534,1.1882864412337266,-0.31417830901581995,0.8383000916009361,-0.33843902096307915,0.620590073200558,-0.2161176338996037
8,0.0,0.0,0.0031947815630503497,-0.5254151771811142,0.18963910577035453,-0.9874470572098725,0.4192255620070826,-1.2034294654070659,0.6706180572875753,-1.1427570679622154,0.8467378911194867,-0.8146706534470347,1.368626537337389,-0.9036110417873402,1.6871857052223729,-0.9838485246265554,1.9424794495750115,-1.039964496966852,0.8849722998172309,-0.5710905275006873,1.1064910906528282,-1.0236158710426662,0.788263672168006,-0.9971451141350766,0.5404952584328032,-0.8413470601432309,0.8937177869216092,-0.32621340462873705,0.9462661951173436,-0.7520987293900566,0.5958370198042278,-0.6539363270940323,0.39269799736965205,-0.48682695407059545,0.8645486144583873,-0.04376479120113921,0.8675239072117624,-0.4499952220957051,0.6021069673356377,-0.39876839202383524,0.45326413435902496,-0.2586393035018769
8,0.0,0.0,0.009614609870649498,-0.5520478302648861,0.2540649902576147,-1.10568628126354,0.5724120369800483,-1.186435687542826,0.7741586349110594,-0.897597072913065,0.93760946116764,-0.9805091005815386,1.4584197456107189,-1.1156336021171416,1.7994157237292754,-1.1635824994656667,2.068355189483345,-1.210193382387062,0.9671137958344143,-0.6313090514578648,1.1181920348481167,-0.9080467381818131,0.7957524791383384,-0.9120157097783206,0.5298549423712577,-0.8480882855250101,0.9638342161453165,-0.3060568177401139,1.0354207537592541,-0.543699939610734,0.7016317380534338,-0.5373024236842314,0.4592960391726447,-0.4751284928441511,0.9120128415801917,0.03454171006629548,0.9999599910639423,-0.21375205581339043,0.7315118066750934,-0.2571269966315062,0.5287429009824258,-0.22014977661118806
8,0.0,0.0,-0.01810117224842411,-0.4564644890211671,0.21396205241263092,-0.9601051071350541,0.5214683744698752,-0.9541293353337951,0.6817049469967861,-0.6214382890757204,0.8099756354036708,-0.8564191882193746,1.265213096309734,-0.9809170345018289,1.5453659414758736,-1.0497844053871337,1.7879426758812675,-1.1122049564391019,0.8619703481115922,-0.5508405225016015,1.1248181219226372,-0.7919896247403759,0.8814307985535267,-0.7832466314951545,0.6961651557102021,-0.7178816587537183,0.8674550114756224,-0.24180515178502732,1.059445347912531,-0.4475123474777914,0.7651265133085317,-0.433274660665964,0.5676002480277611,-0.35648640165766743,0.8246472213491467,0.09134876974747036,0.9622846330058727,-0.12985620339182652,0.734175908582565,-0.16221660881316674,0.5715135129882525,-0.10327170869819834
8,0.0,0.0,0.0294845928527495,-0.5816516899898925,0.33115979859802425,-1.143384728470163,0.6655113400843218,-1.0722120020609072,0.795091590363396,-0.6231602686603467,1.0918692818029014,-1.0297384264412757,1.6670804353258513,-1.1422450414224867,2.0120482700133406,-1.1541783652903375,2.301356743545121,-1.1593376936171487,1.1127918485621258,-0.6190738471157097,1.3062427791331939,-0.7643231358500318,0.9560806780991934,-0.7442213914270462,0.7156239589226238,-0.6984857546263279,1.0822493855432753,-0.22249327000989585,1.1881717316980192,-0.3281038275078249,0.8564467332370029,-0.33640448183372235,0.6431806384551706,-0.31969482109551667,0.9917846807119246,0.1818979446391901,1.0919661353005503,0.0625063285100452,0.8359876480555687,-0.008348859948014896,0.6576494011450348,-0.03387041995861155
8,0.0,0.0,0.01985296582968496,-0.515134608990201,0.3092328491040674,-1.0329417245984809,0.6367382434574685,-0.9693119836952336,0.7704477412365011,-0.5565697115982811,0.9835070188471993,-0.8908488727259427,1.478064076880051,-0.9695811510284545,1.7786198211631814,-0.9919128729964231,2.0326308668517177,-1.00711374397253,1.0050545722066202,-0.5227050444039636,1.2526493520061956,-0.7376639100520521,0.9416102484291985,-0.755533120969253,0.7158071892603558,-0.6982979792346454,0.9693128170306305,-0.15943581148655322,1.1027189807251665,-0.3559558814736127,0.7770956743658193,-0.37266175617664515,0.577756014063116,-0.31301827514479796,0.8756442517405494,0.21405469674237737,1.019646275007543,-0.0008762521699126381,0.7537760332847443,-0.06584766306227953,0.5684414076634978,-0.03205757938599075
8,0.0,0.0,-0.01428243496458337,-0.7089439759602181,0.19866932670914506,-1.2182060100692358,0.3755123529820281,-1.3994172591793523,0.4291889490690729,-1.1661085450550384,0.8898055619042483,-0.8605870535943503,1.282677649719843,-0.9276929006538962,1.5102416356320414,-0.9869638140567392,1.7675467912183775,-0.9972156623453016,0.9177174534712439,-0.6036224675850493,0.8440096607607434,-1.1112322552318348,0.5542253585065963,-1.0773834967163252,0.44802675880038895,-0.8940201470877589,0.8027341534002834,-0.38873934493354234,0.5474477745832472,-0.8804814063696691,0.33285447341503993,-0.802049860824203,0.3122430471418202,-0.6163153578506142,0.6061688925254884,-0.24384224366726767,0.3695108775500154,-0.5936572140223815,0.23491842605711477,-0.5641153699534074,0.24768729179249202,-0.41978617799044066
8,0.0,0.0,0.07157932627150691,-0.48685779610665764,0.3458488236746972,-0.9362772821429828,0.5584279177991823,-0.8906962070230204,0.6735615859560037,-0.5867439148119468,1.1462209902476206,-0.8096998567990323,1.5875790731378194,-0.7968686736978152,1.866137904346725,-0.7651681036830433,2.105614093197117,-0.7253181939193686,1.2184506364609695,-0.4100261891371613,1.226599318739945,-0.6409457356186871,0.9164686172545369,-0.7172250678492501,0.6986953463368876,-0.7154193266939164,1.1594481346125551,-0.03571935494540265,1.0330015457841377,-0.27953385911109385,0.7580288842936984,-0.3525860002034972,0.6105570646601046,-0.3439353396350269,1.0023981287105503,0.30870284117079105,0.7832086675694935,0.07956931174678,0.5720151913167963,-0.031462565901088715,0.4682289610027544,-0.03989330277887658
8,0.0,0.0,0.05439248934369152,-0.46703108392719145,0.32849513528756263,-0.9081751790550888,0.6457452842207755,-0.8982186449015143,0.7886187124602382,-0.5482916013359393,0.9892795829599265,-0.684138890312408,1.4695270160562646,-0.7095396577581137,1.764827056159939,-0.7017422352588403,2.0114960204838366,-0.6918053012588403,1.0027249444497872,-0.3553291209806209,1.241664914880751,-0.5534082730059511,0.9777687910141171,-0.6308054969864341,0.7854156347313297,-0.6189687235390675,0.9482303279901017,-0.03210092520714231,0.9879233898774986,-0.23921849892912966,0.6781849138361814,-0.2923696452130939,0.5133617206295237,-0.2466191042841023,0.8316740603415448,0.2881899984288874,0.8351137153627227,0.05993142397141661,0.6112352594356694,-0.02062520722036124,0.4901063103443829,0.0038835813065263972
8,0.0,0.0,-0.010688627027269165,-0.4455821859381897,0.33225305089579,-0.9414831045975619,0.6861768761783231,-0.9059305010981623,0.8275164508718383,-0.4842565744739941,0.9336747159384119,-0.6068613259253166,1.4107809855553965,-0.6344036286899093,1.7443681517955265,-0.6200372105956766,2.019133469550564,-0.5888156211191156,0.9655510240158527,-0.2545191452354284,1.310249336997126,-0.4920915108319805,1.0214036432550364,-0.609830181259974,0.7994256203017114,-0.6007650768854861,0.9238329978951476,0.09019786330840573,1.1408260360472569,-0.12903415541598678,0.7290932878591765,-0.2434966154608231,0.486873579321257,-0.21982167676756062,0.8123304193149395,0.44549581243915876,0.9521227492509217,0.1908884241484433,0.6544131153874984,0.07531544768749454,0.48344780443761326,0.10469963727557872
8,0.0,0.0,-0.012386200389236005,-0.5814153754106809,0.26322898014513274,-1.1552120493919913,0.6006345752603965,-1.3133703410456203,0.8000572994094997,-1.0877895235547281,1.0015847524692079,-0.803497154782682,1.5721762612758359,-0.8816004655667483,1.9583869870035926,-0.9201633531106013,2.2526032364880533,-0.9328917250066356,1.0512823860974456,-0.46284399152933536,1.210633629571662,-0.8160262100753527,0.8962603264587463,-0.867888662375164,0.6291252850968411,-0.7773039145995718,1.04787427625836,-0.15027202072258702,1.1303995131882685,-0.5417763142609531,0.7897350122441731,-0.5696883483615794,0.5558588599400227,-0.4557568010422679,0.9769184724761445,0.1828084721258291,1.0025611543964934,-0.26436138869712167,0.7143339266731729,-0.3227260066413629,0.5172998272110244,-0.2193357906726446
8,0.0,0.0,0.04151034007630217,-0.49205289322533463,0.26599086837299246,-0.9755195123254502,0.539936217936002,-1.1220372288320342,0.6750657157192459,-0.8423983573875017,0.8752520935724186,-0.7252954361369242,1.3616410067750495,-0.7905206712318283,1.6695772862360454,-0.8223965047492409,1.9192486275320049,-0.826309961785435,0.9100064119585292,-0.43047658124901617,1.104462340606655,-0.726383281517648,0.8809862355098181,-0.771382078706677,0.7045058565473076,-0.7096981739377272,0.9031641146124677,-0.15006089319871457,0.9388594083425587,-0.4378744669626437,0.6642483598472934,-0.4258183672379305,0.5029692814649198,-0.33469213957180177,0.8382384943925199,0.1311957307191115,0.855711496775267,-0.158042902029904,0.6408857850654046,-0.18352611229089533,0.5128416335575985,-0.11569229749195961
9,0.0,0.0,-0.17739644321597373,0.7518943857692266,-0.5465921185257573,1.4905307924057543,-0.8451836225050302,2.056490187036239,-0.9450529217191288,2.572015707530844,-1.148034166412942,1.125771640387008,-1.4783545365149704,1.240761232308922,-1.093737155204199,1.0412160991572728,-0.8161402787283253,0.9168325063288989,-1.2580385226580162,0.6772546409237126,-1.6049831677046749,0.7987222353809312,-1.1196323422778913,0.6287419610992896,-0.8386405707752922,0.544685223821697,-1.2859802358962336,0.2139071260907352,-1.5858634710770365,0.3046413594460435,-1.1235083770358576,0.22914574104014954,-0.8475758627072124,0.21423026917946175,-1.2534430213788592,-0.24101679844756785,-1.5269827347364044,-0.1382000978029325,-1.1930689574108453,-0.09972321891108206,-0.9813910279595205,-0.07710867019716851
9,0.0,0.0,-0.21021483523221252,0.7152649656581854,-0.5984621198410068,1.3796495650128904,-0.9290780565326597,1.9350204062444623,-1.060043478537405,2.474430092149197,-1.1831413513420295,1.0321081646242762,-1.5328497707393525,1.1101932749434058,-1.1256466252081943,0.9623948421352219,-0.8227429632533085,0.8939270274698841,-1.2710094592368721,0.58826569048328,-1.600782071908678,0.6978078292382367,-1.116882804188672,0.5763738341760886,-0.8412823746434251,0.5405959360874995,-1.2849810941369264,0.13237045907945125,-1.563546600457224,0.2290945665464086,-1.1084816618790514,0.16991483841846153,-0.8358131138562849,0.18359183115933692,-1.2428316279413283,-0.3077586733990081,-1.4808391198028956,-0.2203583167903849,-1.1591529803936171,-0.18239543036214997,-0.9493293553280611,-0.14379881638484332
9,0.0,0.0,-0.3252766816218298,0.675457240223408,-0.7761776854228573,1.3010246371298626,-1.1409473389806946,1.8325062977010347,-1.3354837153175556,2.336325443009223,-1.3900160387031988,0.8777905073187634,-1.6729043913706239,0.9274024091475498,-1.2908172250801084,0.8509215709414927,-1.004080407102401,0.8311713074101369,-1.4306550652438388,0.3788330860445779,-1.723380774043422,0.46360073591770196,-1.2167560614918949,0.4109022742485486,-0.9177572728736485,0.39714177328445743,-1.406535032659627,-0.1231367967119164,-1.642682141063977,-0.030409384983468336,-1.167324029795022,-0.02823321791092945,-0.8923807646022076,0.0010504531936477595,-1.3216822423201853,-0.6044407926968934,-1.5449391422403815,-0.5026084362538777,-1.2043255534094983,-0.40835241898595964,-0.9984460260720192,-0.3560969492652754
9,0.0,0.0,-0.2746541576131709,0.7386482934077555,-0.7103590378144373,1.3798615067218634,-1.0843019917937824,1.8513192573398207,-1.330014137951212,2.326448261455501,-1.415106030863356,0.8696308550414348,-1.7112603538577125,1.022369288204379,-1.286441687677671,0.9407349471290329,-0.9632143996049009,0.8562231453825556,-1.455805006293014,0.385434707140206,-1.7134770870119247,0.554865478216673,-1.2102682365345065,0.46512764374356413,-0.910839403154675,0.4127609255499308,-1.438846231158051,-0.118764161505255,-1.6616827949315573,0.053860790207530394,-1.1828328677785993,0.03200557959915571,-0.8934961489913053,0.039444053050655084,-1.3498408690923298,-0.6101994914955712,-1.5581794461535161,-0.4573007054364096,-1.2275121516187664,-0.3860699866831559,-1.0092261761543635,-0.3575210391145102
9,0.0,0.0,-0.2902646877866689,0.7594301670265148,-0.7596421195814386,1.4745365798790735,-1.1569882907874667,1.9904464432900255,-1.4706281192631534,2.4085608428278653,-1.9728745011138087,0.8642988102693447,-1.623221470605428,1.0843464958342963,-1.1367712778562673,1.0248187015134367,-0.9488494942741293,0.9373478593951512,-2.0251584439585306,0.23127111103468448,-1.5441968163877746,0.46244127576252303,-1.0433289933804375,0.46556020443898866,-0.9155059925077104,0.40230433465533555,-1.8673776318857624,-0.3617090028386982,-1.3870147442655771,-0.1642542108083398,-0.9753196279173708,-0.07030996995448258,-0.9051914306941159,-0.10432505952177325,-1.6101185705979253,-0.9182232173239439,-1.3139913653346387,-0.7354122307822206,-0.9871036349398974,-0.5444710772523621,-0.9290237783674047,-0.5095030684242271
9,0.0,0.0,0.13171147456149482,0.5551539022007169,0.3425163193571561,1.0138248696468248,0.4976244498492833,1.3670529579775554,0.6142090114909605,1.5793032774224312,0.5599716636010996,0.5749971910118844,1.1733252348595964,0.8072877211220105,0.9881787227345286,0.8416059847840952,0.7632574080970539,0.7547734394553742,0.619502504895266,0.16069749410788886,1.233801690997626,0.4781918210927315,1.0705286150160398,0.5580377837593332,0.8750753885231967,0.48398663659338403,0.6835713225793114,-0.16988336242748744,1.2371167046847973,0.15634449752896154,1.0818633199537675,0.23266609518084586,0.8958252977516762,0.1639956914486102,0.7378832473099513,-0.4256217286530941,1.175039527336847,-0.13921034650242844,1.0619620269331052,-0.0627361831566631,0.9053604099040727,-0.13263588618592073
9,0.0,0.0,0.18438509200542827,0.5752215306961204,0.46429372030852906,1.0227658397039505,0.6981044890757292,1.3794869040613578,0.7750460446336652,1.7270229097399654,0.8100513428048205,0.5860446252706822,1.183229652024657,0.7073024841131156,1.0145366070671422,0.7378542577791188,0.842899442161083,0.7016117067461518,0.8537518266041431,0.2140071564288509,1.2002050834772668,0.4128741357487419,1.060487040931602,0.47150781491963706,0.9051560339829687,0.4250794680341816,0.8492236129343206,-0.10475375019040704,1.1520198326463942,0.10226996934175922,1.0400490588580291,0.16783778079736705,0.8963846946967061,0.13327085432473487,0.8218053670331503,-0.35504299897469754,1.0820673278766049,-0.1538687102638604,0.9860346360315385,-0.0904107456690733,0.8623981957848134,-0.12066376267639478
9,0.0,0.0,0.10742501135066113,2.63497848084086,0.7018055507070319,5.450228992744665,1.1840823982663822,8.320071657987766,0.9850904197883121,11.532130360168154,-1.8115237547753593,1.8046555354901788,2.9869768965520676,1.5947297978305013,2.274904725386792,2.6409775037214485,0.6802480863719076,2.6892240007442565,-1.9573745630905357,-1.1873292561785243,3.7598266247293948,-0.949826128784386,2.727768245315009,0.2929296396067799,0.9838083986384535,0.17922342137243602,-1.3982705078740272,-3.512516732289462,3.6826196879816533,-3.096553125457179,2.6466873750926942,-1.895670327747336,1.0647464349826585,-1.7144141364266863,-0.5378531611563504,-5.437637838014021,3.160380708329832,-5.0881398861080065,2.311700125888987,-4.063655185986536,0.8117005430230457,-4.014461108113832
9,0.0,0.0,0.7848438546193734,5.368445328750984,-0.06829165661161424,11.042949397894972,-1.5322193823332129,15.869220818910192,-2.8303083858130145,21.10550972161717,-7.603195840562959,2.5165064815485496,0.9248429950546806,1.099386165875163,1.1175603576538187,3.107743240797697,-1.1113882254236145,3.6951535269404174,-7.891431926950499,-3.57052871991321,1.113858322697194,-3.813105338184466,1.0436440966711313,-1.1370473719128908,-0.5674192973769482,-0.8234290139193848,-6.779259741183129,-8.169058105590503,1.390596324042983,-8.355556671653261,1.0921563093716375,-5.4306317386379135,-0.7813782521473737,-5.09143356347563,-4.912519502643335,-11.96613114364979,0.9067123566284557,-11.930834262458308,0.9408519630267728,-9.2759681130981,-0.8675330051631374,-8.39400494898849
9,0.0,0.0,-0.3387064060303272,0.7247020274993622,-0.8636559440125249,1.407092567709378,-1.2612740850905326,1.8975944648703318,-1.4780816936378562,2.372948350659736,-1.7844740445177316,0.855311370431883,-1.8473749208173404,0.7461119404424149,-1.3453866462210513,0.697797908008483,-1.0449487996952986,0.7498019838826238,-1.8306027795994428,0.21327541341863585,-1.8002773897286193,0.16679315557654117,-1.2335527933499186,0.18755268240286155,-0.95877734754494,0.2841584027170217,-1.7300060027858943,-0.3903839322124841,-1.6586758032055247,-0.4274482798763848,-1.1422861445392993,-0.31591224798533113,-0.8887916516817123,-0.16903048381810035,-1.5394564369195032,-0.9294837972433616,-1.522612793129754,-0.9555292474561992,-1.146344553907709,-0.7620688246580378,-0.9622892729713396,-0.6017152098549442
9,0.0,0.0,-0.23899825124214655,0.6865714612561499,-0.6898964327812153,1.2663927245487687,-1.0494112024610882,1.737123977414399,-1.1759802650221052,2.204479042899725,-1.245834632502243,0.9063127896971008,-1.611974274533878,0.8970905929943521,-1.1665355360252658,0.7783139810234062,-0.9074164973467087,0.7679218183967899,-1.2991129705267335,0.4491884792946085,-1.6412382262810374,0.4588824826637985,-1.131120667509789,0.3630357701893252,-0.927966590646612,0.3726633958999774,-1.2832537242758721,-0.012592176100599548,-1.5571000074818095,0.01048193960363154,-1.0938429267212473,-0.030723305160767305,-0.9052876369023811,0.00832717277098979,-1.2117083978829117,-0.42822842038423964,-1.4622728367409925,-0.4104072129096189,-1.1448849584512593,-0.36166070207594675,-0.9887382022606417,-0.3009724206879232
9,0.0,0.0,-0.2562415025493909,0.7257250825879713,-0.7495212297083693,1.4078297154677581,-1.1266592987519513,1.9816469437089077,-1.2658935523992842,2.550446232500697,-1.3522520290502644,0.9222226071494177,-1.7288198206056093,0.8823730231233646,-1.2741051713945535,0.8137749218775225,-0.9519462486293794,0.8288342671439908,-1.3791809340025198,0.4027658871625422,-1.757780558930327,0.37811683604541957,-1.2077179631157733,0.35754288234534254,-0.914179182329644,0.4053102794096193,-1.3301116964342588,-0.10243917131323169,-1.6449042418822137,-0.1343483321803821,-1.1408970173553008,-0.07675281810406903,-0.8714430395635715,0.02263072101117698,-1.2291331389168907,-0.5741734632536253,-1.5273861298645919,-0.5797847927590276,-1.168062449292215,-0.45144170863098865,-0.9545138790560432,-0.33744776075653415
9,0.0,0.0,-0.35957471434005567,0.6991725387665723,-0.8781157933752944,1.270151178699813,-1.2644350312317227,1.7318354924486508,-1.4571910846641654,2.1827975612766197,-1.4053331939079738,0.6304739755610224,-1.748518117558394,0.8252671380029104,-1.3031625057133915,0.8030577529032988,-1.0388810330575442,0.7254174564014817,-1.3766311359528374,0.1694233202396418,-1.6903858331151775,0.3568202099703129,-1.158501200378406,0.42307081453686823,-0.9216477355898769,0.388027642677751,-1.286219120856646,-0.27878277514958705,-1.521841260980692,-0.09455026003887645,-1.041921393769658,0.028223263884466936,-0.8391138478359829,0.01322896631975144,-1.1416397161182543,-0.7067759502063938,-1.3408441254914731,-0.5270319305717833,-1.0164140711937575,-0.3596677553765448,-0.8694596715765653,-0.3716259770137215
9,0.0,0.0,-0.40601594771463045,0.7995816936299226,-0.9596655567770007,1.4104942871341548,-1.3332242763727227,1.8576713672199934,-1.5812254031788862,2.2450253357565018,-1.8035807633783565,0.6291708448608114,-1.7948660494770368,0.9237785275788759,-1.323753892588739,0.9023527976722087,-1.047635486051661,0.7940702809527693,-1.7647697241202833,0.14230023079863915,-1.6751293269912313,0.5022484710356633,-1.176038027631009,0.541787653279477,-0.893219147024562,0.44962156908750955,-1.6199213071055356,-0.2990099751283139,-1.5107463658739682,0.06822396854828584,-1.0280536811580807,0.17136410898037585,-0.7675961935665094,0.11675828709997658,-1.394346682595555,-0.7287759786761285,-1.3404553030992312,-0.4073508136750247,-0.9808979699372379,-0.24052876838060053,-0.8005942812172048,-0.27018139535315516
9,0.0,0.0,-0.6640208235641086,1.2908553522582067,-1.4954273643281026,2.4192244965375114,-2.0718090110276646,3.4746643006604656,-2.41589586755368,4.497842091328739,-2.941519288037086,0.6483098670887323,-2.2345741754559474,0.9372290468048993,-1.5381033928757026,0.9259953951946863,-1.2381519702598796,0.8270272476242887,-2.8219040550047727,-0.4051093876170829,-1.9093976581577667,0.1353380370788991,-1.2282883287022257,0.2362933454566642,-0.9885667269583797,0.15078403877995988,-2.489405738699283,-1.2839212919450187,-1.5569237982675397,-0.7338762575176265,-0.966302986552367,-0.4637990242318588,-0.7936418690085868,-0.46221037263789294,-2.020880072080903,-2.033320560376566,-1.2604480222237358,-1.5887469130615144,-0.7882501470564559,-1.199470727313649,-0.6520396979157856,-1.1008957036970122
9,0.0,0.0,0.16982441842042587,0.8864939821215575,0.16516136818869237,1.063384284139987,0.16800733139675472,0.7357075931972122,0.25895845806300155,0.4733963740036388,-0.9761029856462841,-0.7326744458318412,0.9455193863929321,-0.6092277674483025,0.7426868882054404,-0.25865667136040166,0.11953172810023316,-0.3187707998120417,-1.0201549306945692,-1.7655076014396418,1.141255440303676,-1.5275946274577368,0.8398940404829669,-1.0455374844341265,0.3042239167297579,-0.9526005503303079,-0.7950144103853573,-2.430993758371346,1.2277956423378298,-2.1558451440627477,0.8753266007637468,-1.6751358543079224,0.3039794312998036,-1.5617410925080277,-0.4234232974486469,-2.8239506058351607,1.095047694042304,-2.7762383828264396,0.8679589304631433,-2.367025164313082,0.33753250983780936,-2.2487362371484503
9,0.0,0.0,0.1521113403853496,2.8691507294374285,0.6324050619804997,5.654709914708974,0.5431478241421454,8.503514285807562,-0.25876342770543986,11.370138015589305,-1.9856768868512114,2.7174956528788,1.2715454471173595,2.129694140376449,0.05303690944018155,2.585754068977251,-1.8213550573888477,2.731093317692732,-2.3475525968034985,-0.31767995671487076,1.401645818279567,-0.3244202937594366,0.5580925535873494,0.14161058718648842,-0.9953403736402635,0.09642375538040696,-1.9316138016249245,-2.8962290683404923,1.7175675715302963,-2.5373550061273673,1.0350069145318395,-1.9391212635649664,-0.36072585825710674,-1.7686206525370785,-1.1068392195592234,-4.9522842326394265,1.48480282546762,-4.66693884096329,1.0248487770270363,-3.955707099908417,-0.04461357725455998,-3.6652040885646557
9,0.0,0.0,0.32256350098019276,0.7629688387909017,0.7238536358155436,1.3131968629546962,0.8478491595539288,1.8394995582861429,0.7454295636483014,2.385691313837105,0.2793947459123587,0.2527251845898894,1.3699646438836535,0.3185153259702727,1.2206353797606075,0.5906049211531552,0.8719238944658649,0.5714083523513703,0.29023878511824885,-0.4052223184929942,1.5017492557815433,-0.18969694325659667,1.326578501049632,0.15831283276460476,0.9931701927088984,0.11667462583856683,0.41809351782244775,-0.8691823505170215,1.508451405110111,-0.5680123406400124,1.3133662410552063,-0.24881604557177117,1.0121958471008716,-0.2801609801765703,0.5984792744789029,-1.1989400038796443,1.4125557466540568,-0.9245278931099509,1.261040314394724,-0.6612601700146256,0.9883592401306955,-0.6914217623798077
9,0.0,0.0,0.24121746920751924,0.5508149374054356,0.5771389937089724,0.975509012553275,0.8144240438595194,1.366241286754536,0.8259892347098055,1.7737016749012564,0.7695921459468296,0.35050827410023616,1.261424665269692,0.5604788420431263,1.0574720743057275,0.6100404725858122,0.8587166638461723,0.5502209581323929,0.811017089257118,-0.063038053305023,1.312899185341005,0.23966234858986457,1.144797525681324,0.31953543210949464,0.9689376679074171,0.24730506608263397,0.8270003808211247,-0.37822058428611705,1.2662113094021286,-0.06938561971312995,1.11600638337394,0.009056111893181817,0.9585742490746826,-0.0533760825533376,0.8264511571956322,-0.6011747103294334,1.1655017092535886,-0.3317896389165103,1.057540036585341,-0.2491381137461868,0.9420201848696962,-0.30240037329464364
9,0.0,0.0,0.22758863218405004,0.5309676288274319,0.5965992681124893,0.997766495537577,0.8323994068373579,1.4339833990814304,0.8705208138683141,1.8535791969955826,0.7343098886985182,0.4954017193798766,1.2635172422526435,0.605891208747264,1.0995043909588877,0.65611959671971,0.9019034442969378,0.6422354870813219,0.758405617332915,0.09312398098180735,1.2950331443693626,0.28239207645307773,1.1374085184672293,0.3637292915416401,0.9469311250323854,0.3214365325299864,0.7685337470612842,-0.2247741104442147,1.257780855428865,-0.04253104049289815,1.1120101498309043,0.04599817865089705,0.9350886131995674,0.01995471281616464,0.7752191112750026,-0.4695366405517777,1.1492193977203826,-0.299317840124631,1.0398790525585182,-0.22138501660161797,0.8982055438774508,-0.24885531920597853
9,0.0,0.0,0.36038826486666187,0.9368793006752547,0.7781420757380245,1.464902205333407,0.9754195166892105,1.6346126819261626,0.993743505510859,1.5038769994507843,1.256698494143282,0.5734965886777627,1.5581980260253987,0.27588167813547576,0.89845282914356,0.017449269025999362,0.2926571347393849,-0.11880116630943982,1.2445711068987269,-0.6260082125372781,1.912157254938173,-0.6558432665990561,1.2387231568868249,-0.7963065750138939,0.5227523315290324,-0.8524846038967275,1.2519088623576353,-1.633841197611696,1.9922791155135007,-1.4581591357002333,1.3864080035721742,-1.4718974909924643,0.7715337685892686,-1.4578562291985595,1.247433264251275,-2.406742990870768,1.9250721990870792,-2.2575652478557418,1.4868579812924683,-2.153282575624476,1.0310727136946545,-2.100127429993038
9,0.0,0.0,-0.30557346754958364,0.6491899584337463,-0.7353193864681576,1.2634643372262033,-1.0863530413924904,1.7690369877831618,-1.324610763470311,2.212921667171567,-1.7396412795463714,0.6994271695689102,-1.5928654913898366,0.7251013880463879,-1.1426313645477015,0.6672486107669721,-0.9911606400510079,0.6834845162843349,-1.80178696784978,0.0853610549734278,-1.5259442296337917,0.19115317574394866,-1.0473194578452807,0.2285861996269428,-0.9689575882102951,0.24722700550240861,-1.6708787070349005,-0.44817846059706506,-1.3866386867821154,-0.3279720208788215,-0.9639012351717653,-0.21157815024837257,-0.8841580924086545,-0.15956837294647766,-1.4399206740672017,-0.9019884662975639,-1.2476063819158854,-0.7931263340217768,-0.945947585121694,-0.6285332247463379,-0.8817047517707538,-0.5745666921898582
9,0.0,0.0,-0.24120814496239057,0.7447936973531977,-0.7534542931593092,1.454043991990694,-1.1224397597797844,2.094325630065709,-1.2418972251561788,2.751001747473839,-1.5878142893091978,1.0249290737873367,-2.0021684351036035,0.9870146697319137,-1.6114507681756636,0.9840537974214174,-1.2542836295842417,1.0506670455085294,-1.6350688191115315,0.4703057728807664,-1.8784156671731254,0.4696125991836592,-1.2456506756740269,0.4599452004769947,-0.8835762146027012,0.4682873829053707,-1.5637295155926088,-0.08640838938210878,-1.7338317184264374,-0.06868541572535843,-1.1562546580437267,0.0075875232320621756,-0.8415965027423878,0.07847782313430031,-1.408967147448444,-0.606342794258637,-1.5786331044636943,-0.5728861774915123,-1.1557735827401363,-0.4097614270719699,-0.9240451905372639,-0.308888175320319
9,0.0,0.0,-0.3419925588295176,0.8616225669827888,-0.9531750564535443,1.7017038945974237,-1.3835294304636574,2.4143968759838357,-1.5724889360545833,3.111533055315846,-2.0263940622880483,1.0805907522953118,-1.9430232097091935,1.0988702083780897,-1.340686944586204,0.9759453190803639,-0.9798641768311519,0.9100170244098188,-2.155003226890873,0.35154612071085495,-1.9318953356981885,0.38968310557794056,-1.2320874409930294,0.4036512369555638,-0.8945932098512782,0.44688140360501344,-2.044570615449864,-0.33102912436995036,-1.7527550251101531,-0.27279051541767046,-1.1565727649048931,-0.1289117197026633,-0.90449582117548,-0.010511823965910211,-1.8023217553477433,-0.9417176195993257,-1.6121325427578133,-0.8625466420504309,-1.1707487533454564,-0.6393734536554083,-1.0005305704360445,-0.4884299108916326
9,0.0,0.0,-0.36509804850955985,0.7643390133215955,-1.005897518114377,1.4516154515204356,-1.485660166769635,2.0625546930433907,-1.7159631474102848,2.7051764000977716,-1.6129206886822844,0.7391913134992607,-1.9460141722056705,0.8002820952178513,-1.4263749750839576,0.7646697170591062,-1.0261662155106772,0.7463773860036079,-1.642209293109264,0.16924100456435373,-2.009188499700354,0.23664471113644323,-1.366809208960347,0.27890352363057724,-0.9460633357784769,0.32398173512669015,-1.5794842588145246,-0.3681302164603048,-1.8658164583134487,-0.3129251382510533,-1.2670388093275244,-0.19505534925121806,-0.8831147771815173,-0.09915575456412322,-1.434670438915893,-0.8739670217319532,-1.62253073728075,-0.7872363191020801,-1.2226354728794537,-0.5996085234214572,-0.97271229589338,-0.48820662988967267
9,0.0,0.0,0.0739100876639196,0.7932796498140418,0.41892679980309067,1.463459525695511,0.7434828855179515,1.9364224072078575,0.825839898793627,2.377164635199944,1.0409419130612179,1.1018836991221774,1.4589194821828229,1.2052963980343985,1.075688563529678,1.1223755233221184,0.795526401098399,1.0492635361315061,1.1020915990532247,0.6391439706767591,1.483356546402689,0.6997216122090452,1.008494692088426,0.6677906888509946,0.7736884695958338,0.6335662175451406,1.09776329126367,0.18319896433203006,1.4509328516213562,0.25231968199768806,0.9939846577864686,0.267187979280454,0.7645649102601524,0.2588783750253678,1.0566967897547357,-0.2896437290282966,1.3222266839762584,-0.18937663534585908,1.000557159665657,-0.13122781736226694,0.8065208040940346,-0.14785290742030424
9,0.0,0.0,0.09420994295995094,0.8074778308798822,0.4598335395159298,1.50018544046256,0.7963183198513069,1.991032737505703,0.8799681496219678,2.4242393370274096,1.0233205863540318,1.0157426388007227,1.3758487627052516,1.0554594999369595,0.9626391462238876,0.9613071775909965,0.8069616362508368,0.9417283624090146,1.0679863648717463,0.5706733654880406,1.409413607167117,0.5990090794580804,0.9124905630589895,0.5420834991832739,0.8298898588243412,0.5579272553124781,1.0487076072439339,0.13433206111157994,1.3598565318819125,0.19796625884649977,0.900075113917225,0.18029083664359635,0.7942554540526021,0.18887272178252903,1.0095370660370018,-0.310190653182113,1.2105211148824877,-0.26041576719424037,0.9150464317873338,-0.21148295507551912,0.8291276409098453,-0.21746342490119172
9,0.0,0.0,0.016961501265480006,0.7771051219918528,0.3818614192989118,1.570202190384825,0.7475215672995901,2.1325235549626607,0.9271917868303104,2.6332068248932186,0.9783626851450749,1.2308047051575335,1.0487334339092331,1.3006459570796733,0.7402051864070476,1.14749958070533,0.6693287277209975,1.1359300984941498,1.1082135791626246,0.748426183872005,1.0077228806573486,0.8012343358990839,0.6582502075412305,0.7248064857938858,0.6430922305597501,0.7657887326108197,1.1171588883454373,0.27920658680051685,0.9489263714883959,0.34664440831306426,0.637172617617042,0.3036324236017268,0.638909538524687,0.35998411312006673,1.072748708469058,-0.1330314431076788,0.9008734626638274,-0.07581367182752907,0.6875904220405981,-0.07862611832869872,0.6896960402102055,-0.049559096606985355
9,0.0,0.0,-0.010860392447959243,1.4293791918591552,0.4676331066097775,2.707370200748697,0.9333858812972764,3.5569828106272747,1.3873959716319881,4.368840072564591,1.5446715941976317,1.4882420896625708,0.22266794039106047,1.7565826255526806,-0.20086206913420723,1.644809425764217,0.10944405647584901,1.574239871166248,1.6169589734339318,0.5097765344895154,0.06749034818468179,0.9297547633536017,-0.25090741369588954,0.9788741230143005,0.1599991526593476,0.987117151683776,1.4060643791473466,-0.2658542511000932,0.02689112277434064,0.1394293332674248,-0.2893265885611999,0.2548746610924461,0.06166768153909325,0.28746886968079133,1.1251866362638294,-0.8557599078201651,0.0841634422089309,-0.6412859372958791,-0.15874968627805358,-0.5027492442744769,0.06486033643362672,-0.49269602243970945
9,0.0,0.0,-0.19064688985717473,0.5646132427160896,-0.4809150566542135,1.0446339034121768,-0.6972465571790849,1.4481052835480999,-0.8051756374285957,1.8101231306347882,-0.8658756808779297,0.7293284149538114,-1.36505259730308,0.6700070414243722,-1.2102644448851048,0.629374149965523,-0.9756229752712554,0.6406893820492384,-0.8820354417688426,0.279553605392914,-1.3806207328613893,0.24559021604546313,-1.2102664328734536,0.2356562382664958,-0.9665756402958541,0.2563816131992691,-0.8708458505487714,-0.1453795005601791,-1.3351589183038808,-0.13393524803262627,-1.1724761659545575,-0.1370799474021799,-0.948450156525645,-0.12508611549560059,-0.8317202518559844,-0.5260259912681584,-1.1777774350848924,-0.48853948896895927,-1.0464146439756168,-0.4527813437402093,-0.8631827518606414,-0.44127556297326104
9,0.0,0.0,-0.19242412414736557,0.6219549013719364,-0.455481834842365,1.054081276155719,-0.6890400783721315,1.4456037620479685,-0.7776484967749012,1.8057120494386738,-0.9509159269785032,0.7274144855706998,-1.2463348194529653,0.7225637235637267,-1.1291153568390015,0.6501589376711263,-0.9670100890231927,0.6244333782833886,-1.0050035353589475,0.34204201764260644,-1.2288252826129176,0.3911629273250996,-1.091474820697701,0.37386204009937307,-0.9356743048900165,0.352864839802132,-0.9887196670084392,-0.024582039284107394,-1.2155661506180773,0.08874448235903151,-1.0778421958751299,0.07675828605138768,-0.9099022068934102,0.06878224243592662,-0.9369614480585898,-0.3518958167133597,-1.1125082682871725,-0.1952898459999324,-1.0005694350654268,-0.17857146551065214,-0.8666927934204213,-0.18301385350164256
9,0.0,0.0,-0.12894792834335916,1.9034921583236697,-0.5265567018943418,3.719407700780338,-0.7872251860297088,5.405965971891983,-1.1391885527807932,7.097651203064235,-3.1627614399525257,2.5806187253629984,-0.8153730105656227,2.184421900336643,0.2955122812710699,2.2046213091722486,0.10244724145231304,2.262293099428598,-3.3995879321997036,0.6613290196271868,-0.6272705425642593,0.3836390280906063,0.5139793736821714,0.8029844846921921,0.4176641392229806,0.9086014895470548,-3.2061648189798886,-0.9892868200500536,-0.39624321180785604,-1.0033383527304445,0.643497778057671,-0.4798077779766369,0.469915186469219,-0.36785043251349087,-2.7351037976272834,-2.4120113195412953,-0.295804436614206,-2.2421303117362825,0.6402523309589887,-1.6288164937814522,0.47630028625263465,-1.4052627245673632
9,0.0,0.0,0.13216409744197488,1.177324401463781,0.6714551247207795,2.293494841971965,1.174750518803323,2.9474246196971485,1.5274412056181075,3.6857659505168034,1.91178138433705,1.4604156653200935,1.1388120669147603,1.1687356242846487,0.6842514328068978,1.13099089450543,0.7649255722013477,1.2856757414123905,2.032840003247133,0.5720168306329346,0.9607824082793349,0.41770691938911164,0.5425431236774092,0.5055772177853257,0.7296700388420714,0.6837994109504704,1.910829568898776,-0.17218630803984686,0.8949659993042384,-0.2704447852726449,0.5493205562677349,-0.0885682360664465,0.7719856541670697,0.15368525974326758,1.6977170065482021,-0.7966016642707957,0.8881454997796333,-0.804162444585891,0.5533286764117973,-0.613787594953248,0.6396377079636335,-0.4168549902858048
9,0.0,0.0,0.1379144546231956,0.684099742693527,0.45322518842039144,1.3588226159171337,0.7707229837264833,1.816514119266448,0.977230542445525,2.1260996657159774,1.0516324336069396,0.9420253079082932,1.3900013629301833,0.9879947027897441,0.9998790993538522,0.880350544911728,0.8346335747340539,0.8327507233097463,1.088504553630565,0.5456727753553035,1.3820830763162169,0.5785135312045359,0.9101389821717771,0.5264267269655942,0.8273961613781129,0.5616187248808249,1.072613640585996,0.1695044658040362,1.3510582921169705,0.19517770695035133,0.9177632764444542,0.19209728956709532,0.8150591652301401,0.2166507589363987,1.0433709237066973,-0.23401418812323901,1.278974899798709,-0.1959233699897509,1.0018822414833635,-0.14415981799336428,0.8968591669830188,-0.1572970492188117
9,0.0,0.0,0.20472976378316454,0.6090546044692067,0.5720008325147237,1.2528638595796446,0.8777500645262373,1.7335184325492234,0.9994939624870585,2.163706562481987,1.1760636628168537,0.8268454949233759,1.518600400578128,0.913345500910881,1.1241540100083127,0.8142767390599278,0.9418704090463327,0.7863190483537322,1.1914111321096004,0.4020058993614694,1.4453279050408763,0.3923772857037379,1.015645706976047,0.37563824298454956,0.9197178953402482,0.39257991924053426,1.140645302585987,-0.029694810382643936,1.3778423312301504,-0.023609545327810462,0.986138925911331,0.0054992707727467855,0.8880804630585105,0.036716570972401,1.066897126777028,-0.465438541646646,1.2522418763296328,-0.4341769072111419,0.9836603813376987,-0.34797159349722745,0.8758786381941259,-0.3283046656845868
9,0.0,0.0,0.2732164828969635,0.7124898327015812,0.6732472916544182,1.239830104326102,0.963103663241535,1.6222090441370745,1.1502449187940949,1.9243499760531932,1.2858479265212899,0.7134824533356151,1.6579445602727392,0.9270120473866866,1.2414973784643553,0.9257049795541644,0.974999857814195,0.8161265840884236,1.2979429972138894,0.3111625159055833,1.6461768431934916,0.5191112588387086,1.1454713052603276,0.5238895656142444,0.9114492576824,0.41141250670124485,1.253946788910475,-0.12809264758718153,1.5939187694118857,0.08694054379546744,1.1099235187954022,0.12705074791457852,0.8903437494495361,0.021178253480275407,1.1644255487975634,-0.6178834651325193,1.4392881862448221,-0.3768667273538903,1.0933751483197343,-0.2768807314077059,0.8955039687739822,-0.36008310813457733
9,0.0,0.0,0.22264592430935704,0.7549879692309971,0.5300847957276986,1.4073674383593353,0.774920411095643,1.8726542529865637,0.9200300169935535,2.2664766091737247,1.2198887929700586,0.8153965002313214,1.6673881266682065,1.023351164736018,1.2356627412659904,0.9835590131740833,0.9109684821429176,0.8564869847807266,1.27627217270849,0.36567373141703835,1.7251540555878906,0.5164309263100786,1.1995046460660372,0.5145303199367741,0.9047607278588448,0.42592021004447933,1.2642056509433648,-0.09602751495977997,1.7401828181691466,0.03608344902819209,1.2157200913778559,0.07864516496290791,0.9116670937504263,0.00717241250375613,1.2051573390729113,-0.6104334246102854,1.5560670785179322,-0.4967804810943084,1.1907742339773164,-0.38535416270180667,0.9363328685064942,-0.4246493111201347
9,0.0,0.0,0.1391121317031424,0.5933576754464253,0.4829121390249577,1.0319923317773567,0.8244982572168866,1.0545549870074766,1.0796329345882276,0.8613510239547224,0.9915158286054357,0.9915173281239469,1.3909467730767244,0.9985356745636113,1.150635136091968,0.8926396773050232,0.890517258804318,0.8558825798481999,1.085756968187832,0.527638277657525,1.4920089224627155,0.5579927309753691,1.184720991272999,0.46359774079372695,0.9101681489894545,0.41423898967276146,1.1134176864522165,0.053192420146614156,1.509640261117013,0.0805334410644177,1.1973937221145705,0.03147069489755647,0.9402208991828518,-0.002311657736814489,1.076378979418996,-0.426244734680566,1.3972567469717136,-0.3574714174918238,1.1533876522710653,-0.37388664663356497,0.9366256536004787,-0.38588879279694277
9,0.0,0.0,0.14999806475530134,0.6694154801481235,0.5540408289233237,1.3421651185128345,0.8998238920128606,1.8623328552916096,1.0024785136750376,2.327555651034083,1.185123447310219,0.7840592081613745,1.5538739488942843,0.8147517756306165,1.1333049747032171,0.7414675418702938,0.9415677287613168,0.7389235359577693,1.2074541083996402,0.32381993274449344,1.5000158229092662,0.32873413692688125,0.9956063870894564,0.32079950766860266,0.9308097598790936,0.3655040231157847,1.1611416136155157,-0.11313338615414288,1.4684521480881145,-0.10862150010889739,1.0006504297191894,-0.06425890981587938,0.9161338770518804,-0.017180316463953228,1.0825350380833416,-0.553523544272546,1.3151993283101202,-0.5829247106111216,1.0004621381063064,-0.4878170133614653,0.8916414834068596,-0.45014226699718907
9,0.0,0.0,0.08250969270027657,0.7324350080503879,0.5041122248576998,1.5075795200598923,0.8402968953991822,2.0079891885133367,1.0078352800871506,2.4000225664643,1.1498649998636967,1.058737979680761,1.394942137361213,1.143405873021939,1.019073054610097,1.0497555549179918,0.8133467553551437,1.040490853215734,1.230419674004389,0.5795360499378822,1.3670474442282872,0.6887451290557481,0.9400624496571856,0.6505483306459976,0.7635594078919792,0.6457375865006234,1.2320537279221184,0.11623920778899516,1.3321872452159624,0.23935107097170943,0.9126474840336034,0.2321098793910033,0.7184942527221058,0.21281589235749762,1.1917107650455359,-0.34343202349700985,1.2697928651416526,-0.17713350802599281,0.9498679194658542,-0.1675991387094623,0.7836661232507534,-0.20127406115150823
9,0.0,0.0,0.21324155497905817,0.7468892234849296,0.657068148688488,1.5081265448919974,1.0568379466611222,2.084254206066124,1.2204166849937792,2.6350101878656553,1.3402599282149081,0.9516479019558728,1.5057405502487289,0.9456304002455043,1.0809743736318531,0.8996336507334587,0.9214286331476179,0.9098628906400869,1.3540871951234823,0.4450367360644292,1.4513902544802515,0.41259158292448866,0.961761041636564,0.4718688482811027,0.855075194020405,0.5185040140355391,1.2773300957502103,-0.034956563027273596,1.3852409357502675,-0.042875948438805836,0.9287604974158038,0.05889791461837792,0.8001641071605995,0.11406280197209236,1.1595094264651145,-0.5013063305679607,1.2882694370387322,-0.4638842577426779,0.9729965735014882,-0.33154863021072506,0.8305556363040818,-0.27370020763471276
9,0.0,0.0,-0.03188371354181595,0.8273187403144271,0.3160191386066269,1.7618377420880904,0.5707781336633132,2.412497778093633,0.7247004208378015,2.947630733481819,1.1856489628430629,1.4530496998173352,1.143258177728691,1.4401499741755694,0.7672346950700654,1.314006317132529,0.5436201209383869,1.2489466788387082,1.3307736409058963,0.9189308780443255,1.1175784805209938,0.8566598374758527,0.7316887724253599,0.8109596322928069,0.5897364985065968,0.807595729513956,1.3099402077400844,0.3869142257917104,1.0663215783326652,0.3478030570852473,0.7476848421900579,0.3409735684496407,0.6627589736942611,0.36720025049020427,1.2033585408144671,-0.09205919264137573,0.9699926404266487,-0.09603912764816891,0.7121203091146484,-0.09353036067434899,0.6212118614384721,-0.06744649346070987
9,0.0,0.0,-0.05899307810034197,0.6300903727553848,-0.29548528430662685,1.2867025075825105,-0.4160825994517695,1.7918891627802687,-0.4995065846569376,2.2180486782496303,-0.4439989484558319,1.1850069725281656,-1.1929844199536728,1.2793046340791712,-0.9888037675377128,1.1149254927116714,-0.7033437174976565,1.0577566573705943,-0.505492028718674,0.7056671403441671,-1.2865218265402494,0.8199258527955943,-1.0586585244345479,0.683939270852282,-0.7477846911318491,0.6639413044154167,-0.5612720195442096,0.2475098531442531,-1.2881855892591403,0.3801568095572821,-1.070063374332549,0.2658162676667378,-0.7913186705442486,0.23074876399456895,-0.6035189797957585,-0.16213631744222476,-1.1301324377770712,-0.024380250785372686,-0.9758634364099628,-0.0825115561960653,-0.7438599543489315,-0.11466088671235108
9,0.0,0.0,-0.12554862997306826,0.6048254222845159,-0.34214265979424624,1.1196657392113853,-0.49858789157432887,1.5589226967301015,-0.5509548692672583,1.9263381491226097,-0.7170768927252658,0.864015992332794,-1.239639823445207,0.8902303047445825,-1.062820124594416,0.7864364229052554,-0.8347818744361464,0.7482155634705121,-0.7822595134329776,0.45622329641649795,-1.294450269225622,0.5028972248683056,-1.125401634112224,0.43911901980410006,-0.9097514742884388,0.41515329100226595,-0.8248148350507298,0.06124705704016859,-1.2903245214482804,0.1546336015858912,-1.1302328890079003,0.09553623964991682,-0.9298008928520963,0.05851650495424231,-0.8418569221823571,-0.294783381570342,-1.1914732570632185,-0.20858424163797817,-1.0701338967864338,-0.21772699922812316,-0.9023998279794985,-0.24076675558662347
9,0.0,0.0,-0.16142320839611585,0.6244975025965642,-0.4353642321383302,1.145068511322835,-0.6018304751001345,1.5894948250002578,-0.6529601051228744,2.008832151007612,-0.760379245203529,0.7680644181404601,-1.3335150165726595,0.7774110621154448,-1.12981381861775,0.7391334401522803,-0.883486678013791,0.729798917901171,-0.8106104766420038,0.3373906969915109,-1.368333376745316,0.36015966619856393,-1.1693864778677217,0.35560428262287463,-0.9316309857778683,0.3634057048789376,-0.8338192060939094,-0.06705777391165006,-1.3499194845948328,-0.021121607060723198,-1.1588913502347498,-0.026030507796644217,-0.9349694277631928,-0.026493716622108,-0.8286394543802504,-0.42408437192202236,-1.2338839847234835,-0.404502124435068,-1.073356392876645,-0.36326600697919453,-0.8716989970538226,-0.34585841662714495
9,0.0,0.0,-0.16889814529745692,0.8894239249514359,-0.5223042369459453,1.9349541440969422,-0.5855085499655325,2.977572280811295,-0.5276776954893895,3.8808555192002676,-0.2854266261344749,1.0602999819389434,-1.832376849998884,1.1426436875183938,-1.3921403221981976,1.159111976798375,-0.8567851815612484,1.1738625365656952,-0.2114128920606383,0.09949502014131867,-1.9730725274691032,0.3587648655249019,-1.5360365040212496,0.43541092029646233,-0.9185067197406643,0.3954053689459018,-0.2514470596854124,-0.7095983164685986,-1.8383734655663206,-0.46916118002189244,-1.434934454164885,-0.39620191799983323,-0.9024729459928205,-0.4600182804106592,-0.356192789614996,-1.3679588174278894,-1.5536991462197234,-1.1531451070949235,-1.2843744457493116,-0.9993213372993084,-0.7887786058927168,-1.0336431694491621
9,0.0,0.0,0.16070986611568097,1.2615199692993007,0.907281934932473,2.433352611718936,1.5247985107155988,3.1762991215686425,1.9415781042181004,3.9588710510468363,2.158684029801186,1.2392330527348923,1.3051894135467028,1.21033758024814,0.8384889258086667,1.2331740664573014,0.8787207014044228,1.355328687398356,2.1798718070760876,0.24509281690957999,0.9951780153972006,0.46690972056395114,0.5925427895963111,0.5718512256899728,0.7661416264581141,0.6426717733089851,1.9336848053883617,-0.5740540776640876,0.819736481425563,-0.3297821851753109,0.4553901005346101,-0.11499649537395742,0.6420208267394716,0.04687463198136498,1.5938396265236867,-1.2388805201957822,0.7142556967937674,-0.9592168380360366,0.39124404195066204,-0.6861895332855054,0.4512881462444031,-0.49168418294757155
9,0.0,0.0,0.19511334310603934,0.7160511807189806,0.7281180993158529,1.421968159672246,1.166961589771409,1.8668676377378914,1.388303785105674,2.2938043847129372,1.3427555492180725,0.8039193808190485,1.436598823725119,0.8311269761367984,1.0095946097643889,0.7566766856371467,0.9738550356416484,0.7156265633265624,1.3359484606205054,0.31191969029651273,1.3770056598876301,0.3080927080980677,0.8810539609344373,0.3517275708357225,0.9239386662788199,0.38254063961220586,1.213910591256888,-0.13904450362562187,1.286589047737399,-0.1322046251294181,0.8413350141490842,-0.0344382397642541,0.8652244604436369,0.0044109490622957805,1.073737548961639,-0.5460344947439941,1.1364433941841048,-0.5419336343274394,0.8565030551019176,-0.4106215313670293,0.82883758069601,-0.3771833835111958
9,0.0,0.0,0.19081837808609423,0.664497067638594,0.6490343858936277,1.358831202348828,1.093708452513113,1.7801993826859877,1.3013187458868156,2.212776875903603,1.1695982925249224,0.7360311723780341,1.5403972124200174,0.6615377478477729,1.1094756838824558,0.652796192032481,0.9747110090763991,0.722905835699179,1.1784250049534764,0.2272170936574822,1.5050541583971686,0.14355301576665883,0.9956829922515332,0.2182535952318767,0.9557720763029197,0.2941083782546932,1.119607281181297,-0.21679866644870097,1.4751534788255016,-0.2864333197845383,1.013648488050656,-0.1953998803675761,0.9315207986374314,-0.11152087126423768,1.040087321829287,-0.6463532273754684,1.3130091681362108,-0.7296261967490936,1.0289664800410527,-0.5997437494500958,0.919539722079297,-0.535624771542425
9,0.0,0.0,0.11110382419528932,0.6952670012043096,0.37788323041059185,1.3594950668894163,0.6727325176717397,1.7752016143341518,0.8843876187489795,2.0497982157580794,1.0755133780717299,0.9022743529996652,1.4792157235801915,0.9832170719531712,1.0613492262617175,0.9094216481703394,0.8073135243014734,0.8815358537614605,1.1524370474387433,0.46192421512454523,1.5551081571389802,0.5242880340723721,1.0685117743251689,0.48700786027758275,0.8671630704295529,0.4980243059160769,1.1631543961223187,0.02812054870116271,1.6066275199634215,0.0797600061411488,1.1351507862657815,0.07634265687662643,0.8884929260739362,0.07511208153865791,1.1039381080254036,-0.4204784237161169,1.4452757579830053,-0.3991954663340084,1.1122833689012124,-0.32783287894914215,0.8823297054683021,-0.3056362382255572
