0,0.0,0.0,-0.28646902307720035,-0.1242908343489072,-0.5290649378252044,-0.4037985278650492,-0.5083085244142695,-0.7311249910714346,-0.2930426238696857,-0.9174578482565093,-0.4669485655656725,-0.9088782027420348,-0.5608653674506504,-1.0977738914990223,-0.5278898000233935,-1.0678361581279012,-0.48193296224760873,-1.007705957753833,-0.2568320921862139,-1.024338549129416,-0.3299074304787637,-1.2381549833456071,-0.31431267367081595,-1.0925184295488,-0.3038523351724358,-0.9527191393114015,-0.05951483729620413,-1.0554147319887626,-0.11413234061229778,-1.2366035471304977,-0.11430799981067633,-1.0304531290894297,-0.11662686799433476,-0.8419298128182453,0.12864923923778987,-1.0232631229374443,0.07679114181014893,-1.208201824206274,0.07163254256662732,-1.0449305599836405,0.07198358302161481,-0.8782744514055425
0,0.0,0.0,-0.3325561016702352,-0.07320299160342712,-0.6653164773139244,-0.29378660379176874,-0.6970059227807017,-0.5986555524216589,-0.4665405571265204,-0.7616992653437541,-0.606388253754824,-1.0338625376074824,-0.6707480451835494,-1.2081456550737038,-0.7083084402741734,-1.0563920137072325,-0.7138199833315185,-0.9011724596873919,-0.36802204616196954,-1.1608465143579327,-0.43212553156739875,-1.3456206741699344,-0.46024146724070153,-1.0685329056334216,-0.4407194917996472,-0.8976448794193953,-0.13076553444691968,-1.1956283337498916,-0.17758217425605355,-1.306421510398405,-0.2060867443757076,-1.03830204378606,-0.18264662710734827,-0.9042921343794661,0.11505603080602188,-1.148802299265092,0.04835254883595346,-1.2348943041039344,0.023108975025228608,-1.0272607303946504,0.04959457313681322,-0.9244857086860746
0,0.0,0.0,-0.3853074470847865,-0.02072372378671635,-0.7922193348690129,-0.17593905346441666,-0.904541752400168,-0.4840063179433028,-0.6841816257923639,-0.6686657954321469,-0.7361749348019538,-0.9804677510056272,-0.8620723148568065,-1.2092839315082473,-0.8860697833179308,-0.9779216487179344,-0.8460791710758734,-0.8317061880631822,-0.5028914245757574,-1.1240706076652704,-0.6190991957484897,-1.3546147127133055,-0.6385631773470537,-0.9838322894619219,-0.5729545913071978,-0.8195871133076714,-0.2596750401543017,-1.1766402935198363,-0.358605805567694,-1.3301327810364967,-0.3908443172219364,-0.9697319462212153,-0.3370626980491871,-0.829391205051393,-0.0009423946620888071,-1.1530511386508784,-0.1041737186778688,-1.252154618990915,-0.15198155494142848,-0.9852557016553731,-0.11429128155279152,-0.8711448016768424
0,0.0,0.0,-0.30883297566267237,0.10052379858373747,-0.6592903673979894,-0.0168835482300231,-0.7995641996397475,-0.2532030340139096,-0.715506842401562,-0.5119970673042694,-0.7064890776831815,-0.7380780565444863,-0.8230042998398034,-0.6486296410835851,-0.7887186781962139,-0.433003423281033,-0.7817851114950767,-0.33059752083091193,-0.5674077642698988,-0.9410502998077506,-0.6959855274589206,-0.8529072551625795,-0.7276630802812745,-0.6472123092173421,-0.7905352982120984,-0.6124164777997965,-0.386596013311735,-1.046189187834736,-0.4751194879455195,-0.860036679457386,-0.3916517823407391,-0.5805227243281759,-0.3358595417155694,-0.543351878292021,-0.17370326367678213,-1.064684663364288,-0.26130179748345006,-0.8859356165744791,-0.2048253174408212,-0.6687332574315143,-0.1488752325229521,-0.6558561774832135
0,0.0,0.0,-0.504499735392586,0.12626100355987574,-1.072258657001583,0.026286691815158723,-1.3190365139165425,-0.3106089503461515,-1.1436463215694328,-0.6714316091811446,-1.1158046839583085,-1.1452772453770241,-1.438188579030631,-0.9309604891800175,-1.1509642261129287,-0.49496284785781325,-0.9567862123036639,-0.5603466555629512,-0.9031278839199255,-1.3883725596445982,-1.179198505336579,-1.0353805241028808,-0.8713402778001296,-0.5760385058800601,-0.7114857292287449,-0.7027005458257742,-0.6497617238989813,-1.5076367853059183,-0.8849017684290322,-1.1775624809072285,-0.6417260131057932,-0.6989957942211444,-0.4964617930773781,-0.7943939981439886,-0.34284934291005387,-1.536583557631595,-0.5524137010456258,-1.2228704538929913,-0.41447057344930605,-0.86235234468222,-0.29375330816425643,-0.933987708194264
0,0.0,0.0,-0.5734511565539383,-0.0033692779691469436,-1.0835793396470064,-0.17076814821490832,-1.3415187763391796,-0.39343482084705783,-1.1854897175726133,-0.6317280679329306,-0.9507563446108894,-1.5437729473091002,-1.3551783984732841,-1.1213000514141804,-1.1575255652235708,-0.7066658555667892,-0.9660661829088459,-0.7342013398363096,-0.7236559433621131,-1.698030154911077,-1.1032821305357012,-1.0385427388611146,-0.8623695147159978,-0.6397936351613218,-0.6836411469656447,-0.7298183213481956,-0.4630936725514727,-1.6810578560902198,-0.810371533759692,-1.0156792861583839,-0.6186214056739736,-0.6261155309758231,-0.465333004103512,-0.7039757929863759,-0.19304525783716095,-1.545489698857971,-0.4787368808514506,-1.0149571000001587,-0.36295722502123695,-0.7151163115154628,-0.23345834244117258,-0.7720655185274305
0,0.0,0.0,-0.5764825244341414,-0.004225492740396049,-1.0450054346660618,-0.1672411065107259,-1.2748673913903488,-0.3606484698031518,-1.0917311115991026,-0.5597266592531714,-0.8663714623789316,-1.490220214201333,-1.2797361645146004,-1.036466982271763,-1.0811760063226032,-0.6725002296126271,-0.8984830669418907,-0.7245588767352344,-0.638792817966038,-1.622981230064254,-1.059633156679325,-0.9864940006272817,-0.8398428894686231,-0.62747038434845,-0.6878847970410156,-0.7258198853709098,-0.39435522626686825,-1.5778507050319706,-0.7839743539412086,-0.9595249264322213,-0.5984754847109711,-0.624132009217703,-0.4681037023905316,-0.7200376781249554,-0.14874966189994787,-1.4067018694741127,-0.4591672264010616,-0.9414610978430318,-0.34203712672666786,-0.7000240253065818,-0.2249605336535454,-0.7747161831612381
0,0.0,0.0,-0.3634361980793561,-0.12030867541354634,-0.6847245116945845,-0.31138487122037156,-0.8749212281159148,-0.4277040365969447,-0.9469966373960332,-0.47831365004421855,-0.6903842629660916,-1.259786879904748,-0.9613740089546332,-1.0158880491147608,-1.0738988428744367,-0.8384957316418039,-1.1442475737402034,-0.7639672290343751,-0.46370860577158063,-1.3415015029651216,-0.796066516387372,-0.9033732627231825,-0.8151525444712303,-0.6416479790898174,-0.7928983383385058,-0.6093539407110096,-0.22227633627226945,-1.2612114911407564,-0.5173378221163063,-0.7682092099401546,-0.4383860555406525,-0.49092308418958475,-0.3237309318599211,-0.49857331493565277,0.007953580587589009,-1.0778633409794451,-0.23479448755482418,-0.7144797320903737,-0.19320349268700523,-0.48489841524402816,-0.09197379070983992,-0.48496853416440794
0,0.0,0.0,-0.28580281219177905,-0.04086616298161481,-0.5280029018647912,-0.23139411817113248,-0.5944247930698292,-0.38525419602420485,-0.5920511394829397,-0.4762950207566456,-0.5351524210701536,-1.1216925578276642,-0.7046487330810912,-1.1290998801358096,-0.8393146219727058,-0.957263912686428,-0.9313979270740489,-0.7899225004615256,-0.30786741625769676,-1.2193016305646185,-0.4657647256698745,-1.106896757899369,-0.6004185695031827,-0.8487235609861813,-0.6976474458029506,-0.7164412337132887,-0.08439544949973973,-1.1702217091937337,-0.19885691873323388,-0.8447102252685547,-0.20806012037983126,-0.5468491440613021,-0.1786355971384577,-0.495314944922929,0.1382504593885615,-1.0118785383490865,0.04715912312128768,-0.7309539747713847,0.029236464911687136,-0.5026764182994566,0.06107777081969231,-0.481877322456243
0,0.0,0.0,-0.43626374409988644,-0.5501758821007575,-0.6354856950401263,-1.0721232793217461,-0.5100084010198953,-1.0484835373980734,-0.1996971605667612,-0.8454863817210538,0.660910701389521,-1.9330827060085187,-0.1688808493512625,-1.775569439109068,-0.5731409038346005,-1.308938766810067,-0.6661948258235564,-1.1091754255548296,0.9660553284847432,-1.2772530673308307,-0.039612854628169554,-1.0587528432538083,-0.4957579232115381,-0.7874772326922811,-0.6778226113724987,-0.7352254807283047,1.0257871124096556,-0.5578315350106252,-0.01775579446920496,-0.23199591920412516,-0.49097548067941443,-0.09449827516086907,-0.6887492044562207,-0.1582047743858696,0.8939067560712025,0.12502984799960706,0.1289341857870719,0.35236341840874574,-0.2648706112475448,0.3310073944864394,-0.45645240524399916,0.1963377642531876
0,0.0,0.0,-0.4182308828529744,-0.0689240137866201,-0.837994312339615,-0.30801285423472097,-0.951906182089452,-0.7324702334958811,-0.7436371320186874,-1.092200228109839,-0.8484180687379185,-1.3403738969165602,-0.8595466956515966,-1.4955793609308972,-0.8049928299583973,-1.4117074449515152,-0.7655827456002843,-1.2956416931994847,-0.5378784471664613,-1.630965546218601,-0.4462612617188422,-1.5382938938260697,-0.3567481736390145,-1.1498739659394803,-0.3339837158489247,-0.9425788442076051,-0.21282463325843545,-1.7215431948545394,-0.09479583184093683,-1.4332266560308595,-0.08506306724260959,-1.0456079085331653,-0.11688275597931518,-0.8978332349131565,0.09947001496019224,-1.6715451226325777,0.20391449797280065,-1.392630362073335,0.16750053387216252,-1.0538151709973087,0.10302548950492729,-0.9367620853290157
0,0.0,0.0,-0.3382433756712256,-0.06783651637581048,-0.6806929276438155,-0.25208910972145304,-0.8474093670815719,-0.499699233088362,-0.7205270109332699,-0.6483352926460875,-0.4646329420623585,-0.8432119958384059,-0.5507194090640035,-1.0483584052849155,-0.6652867173141166,-0.9683792000251492,-0.7434671225594396,-0.8512268734389629,-0.30955884407643525,-0.9447813872393033,-0.4175572854086196,-1.1124799575436035,-0.5191324367850884,-0.9683878583323776,-0.55583573488114,-0.831292148302354,-0.15040829764660368,-0.9927229113036251,-0.2534295330811859,-1.148943354491492,-0.33561359828931053,-0.9960246980647887,-0.35016072844078794,-0.8445155113291906,0.012408381515091809,-0.9917750467885699,-0.10233091887182948,-1.154445250138361,-0.16202627843742123,-1.0436515880494885,-0.16007742555618062,-0.9261779869022889
0,0.0,0.0,-0.2968530088525453,-0.055067723505728035,-0.6671136760770215,-0.33682713231045164,-0.837756883309667,-0.6605131888992406,-0.7023463948144233,-0.8682527752935837,-0.44441449143583683,-1.0453115968489541,-0.5651389900869428,-1.2048359490251117,-0.6292348068329082,-1.0514380291241616,-0.6570536149441784,-0.9778737786093229,-0.2329556277237401,-1.1093908131163819,-0.3870546183497415,-1.2406561022221103,-0.4443581867199716,-0.993809724588721,-0.44120649174315113,-0.8974056115512653,-0.020714316713966133,-1.1013623425064447,-0.1713479146604693,-1.2210701902013277,-0.25547015509480736,-0.9800489547146328,-0.2776500202413323,-0.8714796858406861,0.1942755714664869,-1.0251146331929228,0.02777568109486268,-1.1341043049073647,-0.06510510872716652,-0.9754079229906479,-0.10085364027191716,-0.8925294349044877
0,0.0,0.0,-0.4861894315463647,0.2924339254061948,-1.0174305663474164,0.376872243069596,-1.368429725980166,0.369164335748553,-1.5361743449193794,0.16696809302155066,-1.2583732220158454,-0.9379609221407592,-1.5750326167378668,-0.3906298608077868,-1.2885892291994083,-0.06274338518183334,-1.1160132853941043,-0.14038186657093074,-1.1675556483524197,-1.1964313972918104,-1.423931301460937,-0.4548015802977241,-1.076487160320816,-0.16267717284229757,-0.933080324747947,-0.3596680519149095,-1.0131114254138285,-1.3128210709436332,-1.2162268909372669,-0.602879292093087,-0.9152954460554773,-0.32703302539405577,-0.7938344573323541,-0.5000840564951161,-0.8022714387381663,-1.3471402392554317,-0.9580872130960991,-0.7712490917755064,-0.7666951951314646,-0.5456594368120955,-0.6591736659426086,-0.6718640157174702
0,0.0,0.0,-0.3128494959004271,0.19370987832982203,-0.504098421526864,0.4803267862010478,-0.5790877873261514,0.8406774002862999,-0.5627262627627467,1.0907307999929154,-0.7869728016200318,0.3082301076685846,-0.6776089269067479,0.9582585863990315,-0.5508616805192952,1.103559285623876,-0.521601755810497,1.080113090264605,-0.6025915443621505,0.1814176586738648,-0.40752113467541806,0.9629841198909466,-0.32490586550041034,1.0020316945738228,-0.32835116108049683,0.9445557236167116,-0.37737664490787504,0.12111435239401791,-0.18142141546471321,0.8741501520478386,-0.1359415781051685,0.8364051013241967,-0.14848365618975476,0.7135613516514926,-0.1349612467170002,0.12977521981126125,-0.015828697007143795,0.6429609363538723,-0.006390619605230259,0.5906297312775888,-0.017579488891339434,0.45043011728065674
0,0.0,0.0,-0.8798935962309675,-0.34436508631046425,-1.1512358237792255,-1.1362670216349866,-0.4866712183935315,-1.7321173983096356,0.5732894315560645,-2.063631909194385,-0.9066240483619166,-4.30683661920641,-0.5754536839415593,-3.0858907386489616,-0.5230900734217511,-1.7865406574263694,-0.5226695661917032,-1.3132126983027128,0.07634507508716115,-4.762411223334118,0.7163309282727726,-2.8925845064300844,0.5988420450277254,-1.3564590426108378,0.4671458752192224,-0.8841802594865295,0.924343930145523,-4.498106738680789,1.5381955727950292,-2.501759647426652,1.2637309221579835,-1.1532839659594085,1.0142351958523832,-0.7918119760663529,1.5850904972484445,-3.82967388519381,1.975582716204227,-2.424361735207543,1.6510463240549222,-1.3417632563547643,1.4024188091944454,-1.0593936974155513
0,0.0,0.0,-0.7018854458228532,0.17492327752472436,-1.21812565285835,0.22256234596081084,-1.5214010866395287,0.2573131184993123,-1.4712069355792543,0.29299168599417685,-1.359968569269768,-1.5884851646121871,-1.5875269293565037,-0.41724391443594405,-1.3286150609699794,-0.1719337864623214,-1.2086377920639904,-0.4781714418710954,-0.8534058407264793,-1.6517201301530986,-1.1560318814554942,-0.2522143683631817,-0.9406902281625917,-0.16576708915837432,-0.8707276393854685,-0.49176557220916717,-0.34833468684987967,-1.4637566723206397,-0.6540592963805281,-0.09341683940332425,-0.48653871914673075,-0.003767621213775156,-0.4177461793747271,-0.2996777709052746,0.10031727475546824,-1.132829397471587,-0.139857955226581,-0.036471283622994316,-0.040451352759108244,0.018476627514448608,0.03141121803391639,-0.2513924802815367
0,0.0,0.0,-0.11062059743829285,-0.11406930428210948,-0.4984293852908493,-0.47413757673668455,-0.940873248803409,-0.7850163562568879,-1.0418428201987633,-1.0591597570446964,-0.0794135314640009,-1.4809355090871603,-0.668453795898134,-1.442179935958896,-0.932529276165647,-1.1824558931836398,-1.0055697563537096,-1.1027743001928558,-0.16160257440954945,-1.523815620427447,-0.8470233266731115,-1.2950725554249978,-0.8831524240400896,-0.8394831330763238,-0.7623385944146693,-0.6471783892141841,-0.29709084631430943,-1.4252411645800207,-0.9235701002962211,-1.13954131099649,-0.8648682757851134,-0.7007448686214289,-0.7088240240474067,-0.5757722327068108,-0.42530414737344074,-1.2581923991357775,-0.8625696786084022,-1.0751968116235686,-0.8442206440534482,-0.7385423549765845,-0.7428791930513464,-0.5928036698328417
0,0.0,0.0,-0.48964061537982656,0.05976260122871038,-1.068281130536321,-0.23385547373478036,-1.3146645760783218,-0.6209478652869829,-1.1122155669923905,-0.8911401886269933,-0.6733830725528602,-1.6877597337656387,-1.1299045899937152,-1.3144452031692506,-0.9231240247031918,-0.8440182101588101,-0.7503267793267577,-0.8331190186764686,-0.40909913643052037,-1.841306088788134,-0.9090855701887254,-1.367515377838604,-0.6944671524802846,-0.8313696820682264,-0.5120372624298654,-0.8589632366308405,-0.15152371986086718,-1.8057925228416571,-0.6078168297297293,-1.370793266479936,-0.4367412523063394,-0.8325453175809315,-0.2817462455509694,-0.8400971664507292,0.11366368255365716,-1.6328205132043285,-0.23901850126139876,-1.31398951735813,-0.17235172356110054,-0.9071817973111627,-0.05817391222054711,-0.8818711891356125
0,0.0,0.0,-0.59457179812389,0.04815893361399504,-1.1246093673810995,-0.12404659570387702,-1.4165408672127977,-0.39893824997466737,-1.3906642844697636,-0.7003788986962592,-1.0015623486293967,-1.3918408739350312,-1.365200687249505,-1.08715084673475,-1.1443672918347658,-0.618485651447135,-0.9498918588618793,-0.6072150249658099,-0.7803616948325701,-1.5704985159063136,-1.1682257222912171,-1.1653046882668663,-0.9224365760668402,-0.6362450771130816,-0.7239095087916749,-0.6898949362627588,-0.5411724555730538,-1.6434643578318904,-0.9270563275095866,-1.2415938058268572,-0.7151532199315614,-0.7205895087404043,-0.526403768340759,-0.7710586456340869,-0.2694004666884568,-1.6105764548811294,-0.65119693495478,-1.3331806828085362,-0.5369328027983187,-0.9514274522397116,-0.37331821090345896,-0.9586688494074618
0,0.0,0.0,-0.5720015235050723,0.030534877637805113,-1.090988909688365,-0.14986960099975494,-1.3914875054584377,-0.33862139073696584,-1.42895767980345,-0.5802316143320402,-0.9201606072447446,-1.4637634243652542,-1.338278827341712,-1.039643951274678,-1.1405989372383853,-0.6287525439608397,-0.9411156492440448,-0.6345212451546643,-0.7368884225807135,-1.6049351158666996,-1.1733973584096191,-1.013404081090342,-0.9246708136479627,-0.6087965303278188,-0.7251231902572353,-0.6886191683007156,-0.543850833024746,-1.6015462341061952,-0.966450574201405,-1.0019861418607539,-0.7462195340353889,-0.6224625489863828,-0.5622567767679388,-0.7083395609223819,-0.34204769326931345,-1.4825715528708143,-0.7163590566169568,-1.0389578644420165,-0.5788639264374741,-0.7470026551723258,-0.4240125228719953,-0.7881801419783077
0,0.0,0.0,0.44422375839337874,-0.16775043386148342,0.7977731013019745,-0.49301395222088756,0.6455324939348698,-0.9876319307704863,0.3377529029265148,-1.218254817668543,0.6754420242599916,-1.1531282101033367,0.6945781168952568,-1.489018226280029,0.5875251534716793,-1.2904925682562722,0.5225498758095749,-1.1527580851152563,0.40172886835086286,-1.274839182717437,0.3473038937232243,-1.5627720007453156,0.3063660011765783,-1.132410949574207,0.3445772306208511,-0.938757973141994,0.13590848273969855,-1.313062017989557,0.05037857751868697,-1.5514461761100582,0.051621107540021596,-1.1118265505438658,0.11490375090080818,-0.9153758631588071,-0.14400117603735954,-1.3123963985324651,-0.18896265771823148,-1.4564648883713378,-0.15324254353115688,-1.1512733969728859,-0.0823284123793288,-0.9887582006728657
0,0.0,0.0,0.42541091161310757,-0.13364817068629603,0.8663996436633187,-0.3549008455954872,0.9021045793037009,-0.7688181552812345,0.5439550885526996,-0.9076350397509785,0.7137187205580935,-1.0902742371674905,0.8062675923318504,-1.2448469761696994,0.6869613829192501,-0.8813889508712069,0.6659339039144893,-0.7627265499833226,0.48003484403083385,-1.2092888895674518,0.5406723725585438,-1.3466637444096303,0.4489611221129236,-0.9554584886296547,0.4449994096787334,-0.8955308623300365,0.2344952465534921,-1.2480571752695877,0.2584582168853773,-1.3823411254919853,0.2023282789279093,-1.0084378514548573,0.21577713739852178,-0.9316628936198399,-0.03056265933828467,-1.2618529791380626,0.009540579537461453,-1.395965155548975,-0.006995692688316956,-1.1241502390188192,-0.0038891024501996776,-1.0134700957042921
0,0.0,0.0,0.4123418818759813,0.06923842456099384,1.0100624080289575,-0.0686615727922946,1.2431276112420007,-0.5279685654940595,1.025494781210566,-0.9591582518650319,0.9585054870170109,-1.187688059373659,1.1533148799591892,-1.012600073823429,0.9203850715023391,-0.6008567331673818,0.7974330495864151,-0.5589774700281095,0.6947665798799102,-1.4349820355388037,0.882258083426687,-1.2258048052084503,0.6662263292500391,-0.766612558467132,0.5905025396844744,-0.8070357802639148,0.4083196936414392,-1.5286572418243374,0.5668680485702561,-1.2900503838208033,0.4156575198051474,-0.8435294869359767,0.3620501788527312,-0.8776554285149064,0.10482446056168437,-1.550803595589946,0.28926016142338057,-1.2995581409921384,0.2015828552030497,-0.9553414561611224,0.12936749868873823,-0.9534009075317059
0,0.0,0.0,0.4955347090480625,0.043090313214726325,1.0472654671078097,-0.1507540257843035,1.2718467987006465,-0.6032846065695372,1.160166672726579,-0.990097917960808,0.9303238417365935,-1.2468057987746586,1.1269911974912539,-1.1323440724020202,1.0391664606368949,-0.8080816796186242,0.9622246015227739,-0.74443187583988,0.6798260354742772,-1.4509914669077746,0.8983374376820282,-1.2447373599291172,0.7222298969014933,-0.7705623530436195,0.6396428693697314,-0.7686722316205111,0.3988708781308352,-1.5146952309010695,0.6037618138376977,-1.2949318219517,0.4716499067452722,-0.8232043811907308,0.38651215067479067,-0.8247105091832391,0.0822686730795833,-1.5151914702288711,0.3238655310851978,-1.297538565302318,0.24981914031738656,-0.9481069224637612,0.1487567408890114,-0.9359278100705797
0,0.0,0.0,0.6224427844405354,0.14278107348406321,1.3246399769189183,-0.11402422182239931,1.5699107721380103,-0.6655633360056776,1.3256042974400557,-1.060627175148111,1.3404122041830882,-1.2100546517202402,1.5610557835742662,-1.1245944781807509,1.233681718997579,-0.5976677020843488,1.0512623962332994,-0.43925467718018546,0.9798814237533636,-1.6239893872321542,1.0963565256911978,-1.524899836578976,0.7819874285456683,-0.8373229091301296,0.7097052900371631,-0.7044986879287046,0.5193206068977203,-1.7932860869601308,0.6161261206742437,-1.5534174298745642,0.38574096080442194,-0.9049461893022581,0.33584648265660483,-0.8594716147521101,0.01605581522599051,-1.812577962675505,0.1108932164023839,-1.5487737529065935,0.0029415419423108177,-1.0796555023079601,-0.02183870207913376,-1.0442458713834997
0,0.0,0.0,0.5011287648425049,-0.005433475344832793,0.8997525178788883,-0.39990949576332396,1.0560579543793502,-0.8459847239481504,0.9882031878784697,-1.0662795410777703,0.8771384922923952,-1.0438971032718434,0.9498860605134203,-1.3139907711065468,0.7356465160572769,-1.0111784178898384,0.6077733515756182,-0.7977788889939292,0.6019813910362101,-1.2252763357678467,0.6666147760414636,-1.5579111674943311,0.4966569906138399,-1.1674770563145498,0.41894229504446484,-0.9080128597232953,0.29382507047205025,-1.304867073641829,0.3111415822287202,-1.5929754156127764,0.18027091954615024,-1.1549969222492955,0.16184768105730232,-0.8981545168724757,-0.017511389928183692,-1.300423851331316,-0.010648505855550196,-1.4965954700578366,-0.07075935766653506,-1.1924225952809322,-0.07813708267600483,-1.0021129572740497
0,0.0,0.0,-0.035320953388284615,-0.08304784723190055,0.013340598308035013,-0.5624012210379784,0.05706075593728281,-1.0872174336964007,0.15812778925464108,-1.2875982220802122,0.7106388042390099,-0.983818524409797,0.7683332624392369,-1.3425077813723834,0.42488782997908003,-1.1657811486111633,0.20313919472234632,-0.9425574070834958,0.8006012121159123,-1.1028819602028248,0.850819997048681,-1.522010305568022,0.4926473451917558,-1.2439813854720967,0.2747025130668587,-0.9615292659689316,0.8274005655920463,-1.1227699321422995,0.8695783258237769,-1.5413710753740273,0.5686481689310491,-1.2681600939712054,0.3655720265241629,-0.9988202068268037,0.8230430677572191,-1.0600429454358482,0.8554879877982954,-1.381163089560591,0.6324836047462624,-1.209718545310484,0.46369679507051004,-1.0009793512427716
0,0.0,0.0,0.3986293323847247,-0.11365306639878968,0.8680373863195076,-0.35514224255632243,0.8509742931906997,-0.6755660281628146,0.49970584516687216,-0.7926148589913149,0.5822086184805003,-1.9076104300496202,0.648789814373211,-1.59307878829849,0.6289677368274642,-1.1188159544061316,0.6185374226480901,-1.010368698139712,0.17427772828573218,-2.0047573632841744,0.24404341769990856,-1.3793408767795672,0.2674375165847725,-0.9021214370869959,0.27505454497612786,-0.9614286230854453,-0.20984037868213068,-1.866762446201456,-0.12587146834934831,-1.145169032921638,-0.058267744999036954,-0.7763398775651731,-0.055325085452598656,-0.8933471663611534,-0.5569326655224781,-1.6143049865434147,-0.4509524125301421,-1.029780696478725,-0.36840008550629355,-0.7146173191044863,-0.35927478460565654,-0.7863022504210891
0,0.0,0.0,0.415536029950772,-0.1843912255863403,0.792728415731756,-0.5392981068435436,0.5599928935203295,-0.901695926458723,0.17000874263086002,-1.0015137804509626,0.5730622244275484,-1.4591026980137494,0.5407823729521377,-1.6406925490487756,0.4406345309345888,-1.1649202898291007,0.44553885277795446,-0.9471039602089235,0.21195072756070832,-1.5061182642873936,0.18145372633818632,-1.6653109662925116,0.16257813928837703,-1.1227411685063924,0.23343889496376233,-0.9723714734185169,-0.09746342837741596,-1.466218026172816,-0.1518665722038063,-1.474860275318233,-0.10612768496700871,-0.9662356001625977,-0.004384179609391806,-0.8677114871583071,-0.38191372438064125,-1.3712628282448,-0.4017603589953734,-1.3433052140780395,-0.3436393171138781,-0.9658948556898542,-0.25915199709925113,-0.879005509689574
0,0.0,0.0,0.45981257502708595,-0.1875802604591284,0.8708258576861888,-0.5970193327068154,0.6571698920205801,-1.059713061396132,0.2760314728252953,-1.287167668283264,0.668383902583117,-1.6103416504999077,0.5546723207372335,-1.718951915671716,0.41653593815106654,-1.2945076037577679,0.39842082975368226,-1.122422823393501,0.267583506488045,-1.7460234132044448,0.06760615106339297,-1.5885925289756235,0.05203178956102925,-1.0427788500490136,0.15643372480712198,-0.98768845783626,-0.08588708813894032,-1.7266486630588376,-0.261966794829077,-1.4665355129512878,-0.20254585435732067,-0.9767659120238003,-0.06632832694567668,-0.9587577104906563,-0.410724688809472,-1.6321063569123295,-0.48036753867523335,-1.3617388972485944,-0.402035156706093,-0.9502188323059382,-0.2779616748920586,-0.898278501430557
0,0.0,0.0,0.36677677385002866,-0.19594511359951372,0.6701475952526768,-0.5717569247860306,0.5239375132156867,-0.9856845045723741,0.2053049984238219,-1.0872743435932541,0.5176524420401866,-1.246854360119803,0.46380260962615394,-1.4354147131054693,0.402602471619841,-1.0426109327915027,0.44626817192638896,-0.946321226570983,0.2533703475619027,-1.2916536108341692,0.1924366419206381,-1.452412028701783,0.19013686823972256,-1.0040599220226858,0.25331163541308305,-0.9673847297556177,0.004987661397873296,-1.2577270976152146,-0.07469620955758549,-1.305786110197605,-0.036033516994723694,-0.8866324561055334,0.058490468379169165,-0.8699110777078038,-0.22980014254958508,-1.1800128063839874,-0.26125124068457856,-1.1666900000273766,-0.202972353860262,-0.8790806678440322,-0.13058245255664785,-0.8419433030462894
0,0.0,0.0,0.4639546908998071,-0.18389390710781098,0.8255007596524501,-0.6525310694534339,0.6042157591743027,-1.15839261117284,0.2192666319812333,-1.341568386117013,0.5862919455273615,-1.3450262070973127,0.5630783166957676,-1.6408270504411617,0.476372426106009,-1.1342643800573673,0.49941296462883117,-0.9250759080574017,0.22885726975744142,-1.4017137481595168,0.21183782972686144,-1.677325858620385,0.16765755792159773,-1.0985102720093602,0.20484474214077167,-0.9787944787427445,-0.08876796339333876,-1.384063318898955,-0.1446540817135471,-1.6119221644348085,-0.1377885203718326,-1.0679579063334843,-0.07662587085076043,-0.9636751797533557,-0.4026709578664974,-1.334709333927355,-0.43841417304779745,-1.5057690529371761,-0.3792986518485428,-1.1155878958889365,-0.3249900730232076,-0.9985466999184157
0,0.0,0.0,0.3717174185123171,-0.1533537330708128,0.7516077845768024,-0.5578678338162721,0.5917353441220038,-0.8496455799586125,0.2228557195830843,-0.8861310093104996,0.4058888501395809,-1.6598432611350076,0.36765783161592297,-1.6291016659331783,0.3679211238748126,-1.087147147201342,0.3840693174292314,-1.0186221170384955,0.012855513409081825,-1.6826210289600352,-0.03270520045483923,-1.4958155032146472,0.04664694380339451,-0.9573837632084082,0.09093209098493915,-0.995857095586062,-0.3336601357026062,-1.5419695872777501,-0.35965324240176383,-1.1315050549264427,-0.2258357816630882,-0.7135031675813658,-0.18452598305918205,-0.8312079520017562,-0.6288529802770694,-1.328391899195769,-0.599521917254924,-0.8798412055343431,-0.4698488200678625,-0.5725585593294247,-0.4304983779261015,-0.6741253738484141
0,0.0,0.0,0.7182165808522842,0.21446308064013214,1.4640891991979497,0.10783856048857737,1.8900377755207447,-0.13484702704554402,1.924124419993563,-0.5470977194839503,1.7955040047379018,-1.6221209209005196,1.893837961769966,-1.3385957446876462,1.498106328068648,-0.8189790323417396,1.19057757995711,-0.5771383904000518,1.384565005506163,-2.0283808580562357,1.413732593562306,-1.506505716208124,1.0609566365709375,-0.8489659114228675,0.8312952936339953,-0.5558310307836092,0.8471738157515502,-2.1956974642586182,0.8527441671547534,-1.7187898137484738,0.6488598715372254,-1.1045863663514424,0.5215900451227509,-0.829546231430657,0.2786652908146693,-2.172675386456551,0.26306814137236173,-1.823100457429466,0.18747157920034951,-1.3427757840484515,0.15530654458613136,-1.0884165407583375
0,0.0,0.0,0.5079883420470171,0.250210351584651,1.0360216366146016,0.29356622659327825,1.4279165930859419,0.20477263374368995,1.6174786355098947,0.05045019287270644,1.3847674180786238,-0.43107725060247126,1.7135974345228968,-0.34924164157354554,1.378156316441009,-0.07405962094776336,1.1352134489449384,-0.03255579994022739,1.2321573987610386,-0.7517008372075368,1.5729804131536071,-0.6290689148883218,1.183094184886478,-0.2944210630348624,0.9545906318435575,-0.29792066997191996,1.0283011716720887,-1.0484296837676532,1.4186260877079535,-0.9961884573729654,1.0876735481119402,-0.6216914839905348,0.8540316309407322,-0.5829407310855411,0.7638560066994124,-1.370953151235815,1.144162019746293,-1.3158043814716491,0.967770505597242,-0.9844840697988383,0.7692379030100932,-0.9039304405652657
0,0.0,0.0,0.5696641132356312,0.2144742549822319,1.1785392118071054,0.10140340846751218,1.5141688832014726,-0.32783680731910064,1.4947159995740213,-0.7817315964754457,1.2226442842880316,-0.6184163429558792,1.5075155529509678,-0.8339403149838461,1.2583812943831685,-0.5329876037350989,1.0402849592060237,-0.3330806235152614,1.0105129490017701,-0.9635663279808367,1.3086002665479368,-1.2126815104185775,1.041267909796553,-0.795573978295606,0.8127623663173285,-0.5825953448992335,0.7378127812088435,-1.2654352233649078,1.0913915013110274,-1.6319070228705763,0.8523564639318524,-1.1333115620614695,0.6389782915892485,-0.8635146752849905,0.39950980214373755,-1.5363740284824061,0.7025256498475931,-1.7965109749541144,0.5801835391780507,-1.4149700924870048,0.42389386539138607,-1.179796116820979
0,0.0,0.0,0.43063044311096255,-0.165900468256251,0.829289544985211,-0.48256431484681384,0.861008347371951,-0.9618397404308824,0.6303294454596227,-1.28113609713803,0.797085729100507,-1.0491271219129177,0.8559857374252544,-1.307970520354243,0.6968746864404234,-0.941233901455627,0.673614874440211,-0.7850213559574354,0.5436690702895933,-1.1944122978679783,0.5975005525131034,-1.4637338399455098,0.4656602246751323,-1.0039420567319701,0.4538508984072829,-0.8910776408455675,0.28151136471425897,-1.2645225038138261,0.33365629642098243,-1.577912461061877,0.24117691682549944,-1.0926130964508383,0.23952258478689903,-0.9508967439612062,-0.0099998825139097,-1.2918509115413905,0.05453797364337648,-1.4983470963934886,0.028342228702823418,-1.1814024956689113,0.025295556801531536,-1.0616751580788197
0,0.0,0.0,0.3816051104969751,-0.306744816888342,0.5998598396156413,-0.7711909298128343,0.371235705735052,-1.1948370798337726,0.06811612464813,-1.2964332833235868,0.4370494236539176,-1.209395413079108,0.3650890283336506,-1.580890508183117,0.30911255299081114,-1.2060145272805218,0.3531643308132517,-1.0054293067032063,0.17991074233902787,-1.2437745420519022,0.06654477175207477,-1.5637606928526302,0.07206401496498895,-1.1259620910012011,0.14942996224174576,-0.9887723127112887,-0.06029529132311642,-1.2220217662147739,-0.18099344059703568,-1.5682169500385486,-0.14207931893332523,-1.1442485084431337,-0.05728778103944354,-0.9895652479785614,-0.3057836131174469,-1.1493512769018677,-0.39478277095429665,-1.4022910034892628,-0.3340318526206974,-1.1454009821011337,-0.27232630882114384,-1.0045006315160527
0,0.0,0.0,0.4320377753999224,-0.28102189975601954,0.671025761251962,-0.7310136119929744,0.4582576519624793,-1.2247733500017184,0.12454054462484256,-1.373441322273636,0.4982171725050568,-1.241587110232357,0.3970970175497543,-1.5962758653013693,0.3522238555999736,-1.1983125704938973,0.41047331175415014,-0.993594318288126,0.20617184597731691,-1.2548872888395015,0.09252668455874216,-1.568632958007595,0.11335286584498751,-1.1023158128435937,0.20481344536959678,-0.9788010280929599,-0.06108904487080909,-1.205276271631668,-0.1803994648858114,-1.5503181047580212,-0.13487333428621048,-1.0972877060369437,-0.030285685604215105,-0.9383758591907283,-0.3229520063908583,-1.1230579944361974,-0.41855801459721714,-1.404455410783259,-0.35330675083938246,-1.11541723435408,-0.2655156828446564,-0.9554938871413249
0,0.0,0.0,1.0736357022205352,0.3196598071938336,1.821593999974955,0.5250952708017231,1.9951449555263963,0.7790989966816446,1.6363624373795786,0.8764641064702992,1.6910098137321405,-1.203135840257942,1.7944151154384653,0.034393668165541805,1.5393529046380654,0.6227463595327445,1.3137643367386826,0.6954328389753822,1.0751861566825822,-1.3088307876718088,1.2126386203503472,0.3212856321153166,1.061131627553049,0.4976152342763282,0.995036682360453,0.09950879738547298,0.4802694734432937,-1.1558605854300597,0.6878243807584239,0.41785019877464685,0.6592881682544149,0.5038958859967498,0.6361999040798184,0.1631415859283612,-0.03316118798312726,-0.8869770486284462,0.19678468306350444,0.32312684832787864,0.22970788511016385,0.41129412327466786,0.20131713594362172,0.1196586031885881
0,0.0,0.0,0.48126678833865627,0.33985598334380757,0.820091927437041,0.8407645681655451,0.7821467578966036,1.3526254120098755,0.49572045611118554,1.6817708867569368,0.7764372484260833,-0.13396307591313636,0.49706313570637994,1.0661352676824205,0.47757129826092765,1.2666936341728017,0.45652056781124917,1.1669278868379036,0.24824519858407545,-0.3563937554330534,-0.013455170415071683,1.2456349588734474,0.047961780641400026,1.284241253404756,0.1040937041957392,0.9945674943143928,-0.2555023931458865,-0.32452370032053457,-0.43674101330968373,1.1208395301244984,-0.3234378096166442,1.144240801099661,-0.22022938867048375,0.9304531249207032,-0.6927896148707751,-0.19371515534560063,-0.7389930300321624,0.9141488746629969,-0.5965390379004303,0.9394444247965529,-0.5049401704152118,0.7755540932612391
0,0.0,0.0,0.5183803643943605,0.08668748182735132,0.9139072630002484,0.4814063206018118,1.0923428458333053,1.0523101537217463,1.1684501029133532,1.4304712265823782,1.2355579482635224,-0.09817075809497812,1.2715761907262058,0.9850947071664562,1.0727962042569121,0.9685207590401386,0.9830668867988507,0.6672033390071026,0.8954162480905028,-0.098323543399906,0.9415361841597457,1.1433550640392969,0.7749966290920851,1.0220666493729673,0.7356227842032894,0.6773914077998042,0.5172028457375366,-0.00026690142676535976,0.5816736209278224,1.184794137527166,0.45067440765791256,1.0201487419551243,0.4286348647238102,0.6946462698022792,0.12995346405763866,0.14591248810937715,0.1358700592290758,1.0297979640878052,0.0696102038450471,0.8851256218991701,0.0677061668950517,0.5765476424237013
0,0.0,0.0,-0.4335831285402698,-0.18010824367705222,-0.8139447776039662,-0.4968202610839946,-0.9250521775856626,-0.8995583501282899,-0.7790376767365645,-1.1504407471797262,-0.7118319680701326,-1.0486327650327696,-0.8221598393047197,-1.375848050199117,-0.7830768214906012,-1.1036219159729814,-0.7170838747667088,-0.8999877638874885,-0.44650191689938507,-1.1488780521271917,-0.5507354229314206,-1.4303652279478338,-0.5013184656975048,-1.1038790913459195,-0.43659866438419676,-0.899656382324905,-0.18299246366577315,-1.188854454263709,-0.28010253924767353,-1.387524248637502,-0.24579345296741484,-1.053911407782968,-0.19843462622866656,-0.843416275079836,0.07246670925879808,-1.1693014870479543,-0.0258877750229906,-1.3348954183495556,-0.02495728760576924,-1.0723400057232608,0.007611227020304847,-0.8834947107271156
0,0.0,0.0,-0.544422844387843,0.12421556810221826,-1.0607501425633086,0.0956308709924774,-1.4338892712436955,0.10131713326445707,-1.7084231080112604,0.14890436069385699,-1.368362691855206,-0.8798427570618117,-1.615919342229748,0.00886036525080793,-1.4484712055473157,0.16620351420314672,-1.3424288091448005,0.0016365043645538793,-1.0944316423789424,-0.9496095405364566,-1.2788728625302015,0.13017703620890003,-1.0734220034058573,0.18493668418161902,-0.9979190371446116,-0.06447941768015185,-0.7708997098671156,-0.8588075148271291,-0.9247315877746616,0.15034048154070512,-0.7288549455692181,0.18806823196765562,-0.6568157849454209,-0.05098205624336732,-0.4280682959650506,-0.6763245350035082,-0.5487019794608107,0.09870466530258246,-0.4137788701569378,0.12900630076764824,-0.3373251928303578,-0.09216402569840104
0,0.0,0.0,-0.47128239035595865,0.14160618096653305,-1.0649674802615836,-0.08537842919851375,-1.3078181490502983,-0.5332209365245056,-1.0383792927036983,-0.9146987788110799,-0.9520582671412324,-1.1578333155862348,-1.2513722551081603,-1.0813631027003545,-1.044652268783108,-0.6426045887559065,-0.9360148522866348,-0.6406022113153951,-0.6777272213126083,-1.369276357695655,-0.9739190970595938,-1.2147373843294298,-0.7574192514411,-0.6883406058829428,-0.6323766286260144,-0.7746610869067815,-0.37465346639310465,-1.4601145489874856,-0.6484321322381392,-1.2878852581420888,-0.4788308937160855,-0.7401112000783321,-0.37309216524075106,-0.8152525208980141,-0.04533284072734217,-1.459705491570616,-0.3124950355268315,-1.2705491085861493,-0.21757345797618785,-0.8527307186489301,-0.10436714458075153,-0.8858876756686043
0,0.0,0.0,-0.5022931163772302,0.06672473121802573,-1.0571931675971136,-0.2574781576198148,-1.3072662532702375,-0.7411194151687407,-1.1731061852065245,-1.1067544410856782,-0.8832630764249799,-1.090366900850406,-1.1567842698339448,-1.2805643417302734,-1.0059244478599076,-0.7906631608720394,-0.8744452441194334,-0.6934567764198891,-0.6245327254791931,-1.2435342870543369,-0.9255324260806694,-1.4487910167752964,-0.7667292830873961,-0.8724194286044861,-0.5931320111712072,-0.8051052212748337,-0.3389756818554768,-1.314894282818795,-0.6234944128662893,-1.4556825663465138,-0.4893599061560892,-0.8851998966968798,-0.34245651221161755,-0.8232089194853529,-0.02126182952006508,-1.334422426578347,-0.3096533664182362,-1.373689464848865,-0.24425354796862556,-0.9469780365158903,-0.11106282902935885,-0.8874918632845279
0,0.0,0.0,-0.5826791508159883,-0.08113163381663432,-1.14199253810765,-0.3388667929798849,-1.4489617683850549,-0.6003538482711481,-1.3430276161722052,-0.8373327577460186,-0.9051743575699105,-1.9428891977882068,-1.3114157176131076,-1.4623467037638846,-1.1257095447941332,-0.913075035102435,-0.9197817654279095,-0.8590125131192454,-0.5591460755994262,-2.046126271808149,-0.9987342330235437,-1.3302242260646246,-0.8075747275931812,-0.7685632637338768,-0.6187493574102335,-0.7855884626854083,-0.19998547147724116,-1.9299266558619055,-0.6082702969877768,-1.209223587395614,-0.4632312195072145,-0.7082484958088753,-0.2963509720126376,-0.7433710599495579,0.15301422243020463,-1.6776749317005724,-0.176578840014975,-1.1357515377058078,-0.0960304657287317,-0.7749112339061646,0.04997106540437797,-0.8010977079927021
0,0.0,0.0,0.5774510670656411,0.09524395120772305,1.1628582656350133,-0.06731857893564709,1.3777321115937653,-0.5660744080359158,1.215628835124495,-0.9722083625524068,1.1373493070444631,-0.8732803994642573,1.2981072877924407,-1.2471679864041072,1.1062259841366913,-1.0510281890725564,0.9522904560601981,-0.8017624812379465,0.8112505247005108,-1.2144503980168635,0.887687824678142,-1.529905034495875,0.7032102684630036,-1.156271216017455,0.5964065373397653,-0.8026825289106466,0.4728834131708894,-1.4167966367062648,0.5187234703008632,-1.703540187309904,0.3970364129363867,-1.3087743015518865,0.3297370288137438,-0.9652061954820084,0.12637390935949627,-1.5150317203638888,0.18177677493355077,-1.726203100169835,0.11065169869807547,-1.429942654640875,0.06828211115385674,-1.1505000051958243
1,0.0,0.0,0.14144025581474304,-0.05750821741258339,0.24259506045764417,-0.21030967174944007,0.2684423827547794,-0.38815513257297646,0.2948426884205461,-0.514904718621466,0.15299113217361643,-0.4600200772697778,0.15701281243370438,-0.6611234375379442,0.15366713552328842,-0.7897015577471027,0.1504534990223584,-0.9067869055985468,0.07583769690880414,-0.4913715405846215,0.07875104645727782,-0.7211419468721183,0.08269291147808641,-0.8693846321972749,0.08671353417070143,-0.9962332874340359,0.005110881442412721,-0.4830412060201777,0.0022083253031478936,-0.7042644764112833,0.006386307814747447,-0.8397785595767736,0.014983273802068335,-0.9582278584190205,-0.07042348023121903,-0.44230202729752993,-0.07589508549667258,-0.6155794809464411,-0.07021436181591305,-0.7192697413958031,-0.055951835799098695,-0.8165380477855952
1,0.0,0.0,0.15360003220267604,-0.050703213031268984,0.2687965412765961,-0.19156959735778453,0.305810128528126,-0.3642328847146052,0.3462419133810918,-0.4825689752005425,0.2036353187293869,-0.4589432720256031,0.2285574690380467,-0.6604352564744598,0.2394372523975396,-0.7845209971880519,0.2511736047855906,-0.8979393392602472,0.1304270957525511,-0.49375216530017263,0.15592781558071644,-0.7171758936262393,0.17440355935004662,-0.8594695846601685,0.19074935080279168,-0.9816387752978758,0.05737291953117521,-0.48922856814244414,0.0809249294023618,-0.7074539276541603,0.09867613540952287,-0.8430296261155151,0.11788418711363541,-0.9623228045296901,-0.0266783943233686,-0.4530299239947584,-0.011392861424115162,-0.6282829605491526,0.0016046023126768058,-0.7320751996121839,0.01942327315189278,-0.82975289867492
1,0.0,0.0,0.1520504579804752,-0.04253949647156067,0.2801522357352122,-0.16284976021667968,0.3451079853906454,-0.3073210878709463,0.3503221092071098,-0.43567036189303443,0.18996806288472118,-0.43877728781157876,0.2135919358925196,-0.6385194287473243,0.22304765984913932,-0.7783632974335792,0.22466081420111236,-0.9032032743049263,0.11098005936785116,-0.47373392126782715,0.13109615360691693,-0.6931317703645418,0.14364849113760805,-0.8532874464041392,0.14801687617545548,-0.9889848352564664,0.032904160576543745,-0.46739790294498823,0.04535774001077907,-0.6798231520618887,0.05856064096610502,-0.8271279703413738,0.06582584581209983,-0.9428820125410365,-0.0535961011922531,-0.43070449353492524,-0.04535331139658823,-0.6029062216043249,-0.03674357928225351,-0.7267964505294873,-0.02592004619983344,-0.8359524586110058
1,0.0,0.0,0.1708004800869574,-0.05145053584821481,0.3015849983999002,-0.19594244794641846,0.37581534189986454,-0.3352071838676813,0.400470795232718,-0.473415228660475,0.22033978547997843,-0.4421981070287408,0.23736937125052338,-0.6515907793646928,0.2452019333516941,-0.7830794219309026,0.25115834502319223,-0.9127295178358044,0.1437269025488433,-0.4644421240748682,0.16084961443030418,-0.6887603062261615,0.17540542746589477,-0.8410358513611623,0.18496915097039332,-0.9827443274775448,0.06413751730837826,-0.4513305228813278,0.0778656688785248,-0.665392371851578,0.09490976617041842,-0.8143569241101616,0.10550872898921841,-0.9448842099338062,-0.02446175606963394,-0.41568486349539946,-0.018515944118077443,-0.59604641715687,-0.012336307392093768,-0.7125368345670673,-0.005200550689944564,-0.8238070160931428
1,0.0,0.0,0.166550485848451,-0.03288767156804173,0.3019333404844378,-0.16727167957169053,0.3737979953887254,-0.320946072436599,0.4354945833116498,-0.42819484805489566,0.23724822188303113,-0.4316050762242508,0.2678873660242,-0.6361467440946726,0.2805733614194109,-0.7688433250379013,0.29041317179277093,-0.887379971672497,0.1698042915528464,-0.4615542747296333,0.20127724388388216,-0.692138098683526,0.2222433150193052,-0.8438559062046314,0.23759091935475052,-0.971365304630634,0.09747473791833323,-0.44921601290567303,0.12433098252483167,-0.6771417471214135,0.14115022008957634,-0.8240539021717113,0.15707982763832418,-0.9460241371963796,0.013066433275466034,-0.4077234675156001,0.026869350600459377,-0.5900303312241023,0.035601704484119874,-0.7080361547653309,0.04719383479077601,-0.8146273250014577
1,0.0,0.0,0.1700387474242673,-0.022220797326197944,0.31039515136809376,-0.1568159146283402,0.3861706733925291,-0.3137384012670042,0.4455389984797197,-0.4191978976560878,0.24129308206781994,-0.423814868120999,0.2767614263583191,-0.635066059466956,0.2898879115333766,-0.7682937117243283,0.29967898759898254,-0.886598208946899,0.17462153204713823,-0.4536367149274906,0.20579224554580358,-0.6866899427162307,0.22618344169653068,-0.8400077675354284,0.2422795161080508,-0.970206491461714,0.10418314131782466,-0.4426008978537236,0.13247183151670316,-0.6698991116323465,0.15147351432270215,-0.820539495030316,0.1700229403927184,-0.9483827517137089,0.021851339326899977,-0.40458511243122286,0.03273184604306736,-0.5899995225315371,0.041035304806236815,-0.7095743844622203,0.053689084466403116,-0.8185460213551565
1,0.0,0.0,0.14094806414638325,-0.05053612102276879,0.264826713197828,-0.1867428663582324,0.34060310880440187,-0.3089707874626764,0.4069420429854779,-0.41150188696223033,0.20474044694164148,-0.4452410618242453,0.2379581704237261,-0.6477986770972047,0.2607645774296333,-0.7809355587156505,0.27810543472702137,-0.8979415863864455,0.1366500367620645,-0.4662729555383467,0.16822165258995603,-0.694535890700348,0.19535534883463043,-0.8468646344222476,0.2176824004617437,-0.9760196578600315,0.06203744157715157,-0.4499492685367101,0.09093865650368683,-0.6735056654253161,0.10966752676537381,-0.826947322177259,0.12645382058437665,-0.9575006258966922,-0.019279326813132023,-0.40522098391462735,-0.00504433301422151,-0.5856221133699561,0.007508104153902213,-0.705570561681158,0.022093213474459285,-0.8161126072018469
1,0.0,0.0,0.18267929741878544,-0.024164712861906332,0.32877675825746777,-0.15257835705743217,0.4137122770630529,-0.2821474927870257,0.5023015692536176,-0.3853298271523545,0.2806513076613293,-0.40648728509138904,0.31655906157288216,-0.6197770472276165,0.3364334057020205,-0.7499502525413965,0.35331689561112034,-0.8725062272258364,0.20897444779662908,-0.4238710653474194,0.2426913985801357,-0.6671374532739447,0.26492827084345677,-0.8219414821805728,0.2834729176538111,-0.958980242214007,0.13264833323128009,-0.4007187857881444,0.1594331617365739,-0.629294967712196,0.17562258492745275,-0.7790094037202572,0.19139137832801975,-0.9164383350958842,0.0519261412014563,-0.3469800223710323,0.05770856042895434,-0.5060952309862925,0.06347113342781383,-0.6158793306156213,0.0711745022022865,-0.7252255728256116
1,0.0,0.0,0.1104081561972225,-0.08003864382876842,0.20232487633007884,-0.2310364087068349,0.2834845566322786,-0.3574943243971233,0.37460865826169976,-0.4388557574003043,0.07338653556717195,-0.46929618929470046,0.11209472541930486,-0.6706732577454764,0.13391677426168316,-0.7872803275477014,0.14834866985853346,-0.8915787242547191,-0.03761802193269284,-0.4915812013234168,-0.04088780933216513,-0.7298474942644452,-0.04479678419455883,-0.8764539794048866,-0.05315525923185234,-0.9985862598774301,-0.13439751617215548,-0.444397900188846,-0.20364694914564352,-0.6426318465091646,-0.24752946407968746,-0.7574801902162642,-0.2804120935336369,-0.8564700422426872,-0.2111381089887254,-0.34362118870163477,-0.31525246659536454,-0.43025684628424304,-0.3840816574192619,-0.49052685134637175,-0.4384186482560222,-0.5587537797497805
1,0.0,0.0,0.1381181030642727,-0.067244195252332,0.2534854808515602,-0.2216376955237164,0.34270471594594887,-0.35369990725932404,0.4491728748534275,-0.4289874900943867,0.09460327395646866,-0.48358801948667535,0.11059610821213899,-0.6984330335518548,0.11746133143339409,-0.8221127014115038,0.12079811793260165,-0.9289825317305456,-0.00987934019148875,-0.4896605321654252,-0.03289647812023781,-0.7230988479060181,-0.04785737551942954,-0.8716756831627107,-0.06860479070724826,-0.9976439157795804,-0.10104051423626932,-0.4300289152519258,-0.17306809178850796,-0.6464609654320836,-0.21836204463807982,-0.793102860201578,-0.2558690632052171,-0.9146317119016724,-0.1765328021197446,-0.3253378276522977,-0.29239212476450105,-0.43172469671806607,-0.36732561227913396,-0.5049352164287682,-0.4267761439574991,-0.5769195246364541
1,0.0,0.0,0.11395993199484258,-0.0957160434141458,0.1985828892170488,-0.24855475464382484,0.27555506829923293,-0.3781347575318405,0.3636468872783647,-0.45073817044360953,0.04199497662598216,-0.46788900724553784,0.054237338333944514,-0.6830066094001462,0.06054575851614904,-0.8141869112484175,0.0605995151610065,-0.9327022644305414,-0.05698457556479433,-0.4841250721561115,-0.08204588444325424,-0.7179751770329592,-0.09640968591856267,-0.8677788452266518,-0.11627003940706279,-0.9932176387561188,-0.13974844881901322,-0.44115533433944093,-0.21385010097398963,-0.6482561846740011,-0.25765257985981993,-0.7869264491921111,-0.2942995494042938,-0.9002282518283544,-0.20780085534042156,-0.35116632130713904,-0.3193914697055198,-0.45956464795769425,-0.3954383268301785,-0.5339168398379182,-0.45727875700505355,-0.6079593466988545
1,0.0,0.0,0.12729979194907162,-0.08744684040163528,0.23608306233560367,-0.2523475728337401,0.3282086337370364,-0.38047888423446685,0.4175962265721013,-0.44202815855886307,0.11390968507430818,-0.48088947203198,0.14498254940636732,-0.6942141786857017,0.15636437718557283,-0.82002670057776,0.16261405394005318,-0.9293515559940667,0.01839786667977865,-0.4998054795818287,0.0054634244835316875,-0.7340757970900501,-0.0012453462813368454,-0.8813201467445271,-0.014456442032397383,-0.999895500181776,-0.06649826785142814,-0.46361474271592845,-0.10969796672394813,-0.6771321778208398,-0.13947541652934356,-0.8191430552816549,-0.16923509616049467,-0.9333833279483953,-0.13877564577305038,-0.3857356135333677,-0.23183034788150464,-0.5039547840921238,-0.29882499593348966,-0.5864186805811973,-0.3536152441932247,-0.661188777488872
1,0.0,0.0,0.12889762252605197,-0.07180213120741634,0.2349014711242664,-0.23170313747285584,0.3261631019694177,-0.36489527153073004,0.4179548491159334,-0.43305774435716055,0.1220315846040836,-0.47859698198965994,0.15897126665545738,-0.6873962416661643,0.1748288290213252,-0.8172871357027026,0.1830114316284425,-0.9285716640174826,0.029062522451211038,-0.5049313987065422,0.02555164246710281,-0.7365985909017151,0.0227112307033525,-0.8816342346893551,0.014032007649883707,-0.9999015465341143,-0.05851272727552336,-0.4735661740032224,-0.09162797262323984,-0.687522999289339,-0.11330524078199983,-0.8283937366221855,-0.13412236355239032,-0.9450967859142876,-0.1388301233064324,-0.39616974512412473,-0.21640477830255914,-0.5276496102645043,-0.26923006860937276,-0.6171301434151328,-0.3114303144936343,-0.6988123271400073
1,0.0,0.0,0.13720308182365243,-0.06971502281220235,0.256550337505804,-0.24054217728285743,0.3523590848585578,-0.3720046252947494,0.44028845318476295,-0.42510843067484855,0.13236078826201886,-0.48351111634842925,0.17468799374337743,-0.6818774830139277,0.1920379292326242,-0.815392829767745,0.2015937016064748,-0.9337102280430228,0.04039720621947102,-0.5100183092105345,0.042483164411071764,-0.7324407552627018,0.045865977853791484,-0.8768123028245145,0.040897571950071786,-0.9991633443079209,-0.044283087800121926,-0.4788119302683153,-0.0710390822971142,-0.6904441743048457,-0.08841318931859413,-0.8254990524880534,-0.1100562291464375,-0.9408107432501972,-0.12071686574395504,-0.40240802893885735,-0.19098735336955056,-0.5300678295158754,-0.24083634933414735,-0.6220139359910198,-0.2829254427029481,-0.7076618119418945
1,0.0,0.0,0.15242853363240963,-0.04250354368583479,0.29893303156184914,-0.177077623516162,0.40525806005425835,-0.3065353828813474,0.49857255429486863,-0.3763890974582134,0.1957833985966964,-0.43862939195771017,0.23964383819934382,-0.6389772543771227,0.2595941795495055,-0.7773310717509928,0.2749365726710292,-0.8975194762074266,0.10587315557492827,-0.4717030229283128,0.10162512442915068,-0.7088551742596627,0.10853689472873022,-0.863777067237217,0.10775344561392676,-0.9941776475853431,0.017124219869351084,-0.44751730044136895,-0.003765019744615573,-0.6563172237989319,-0.008681859298675543,-0.7936381192844445,-0.013293578203071723,-0.9122771713170174,-0.06749327155219965,-0.3819733466214842,-0.12510871059949724,-0.49213850428691935,-0.16006573329399626,-0.5672817471444029,-0.18578009989680605,-0.6399953368318511
1,0.0,0.0,0.1484198217364022,-0.06784336889501506,0.27714057267331543,-0.2182734887956325,0.3713414669895416,-0.34683856455672113,0.46505040229602723,-0.4134815974342024,0.19427937981185583,-0.44397993212154874,0.2303920867822839,-0.6323703820938519,0.24851647222839338,-0.7599465936342208,0.2626909544210845,-0.8659853383977909,0.09843252856416913,-0.4875792787070487,0.1018207053377449,-0.7262276745123413,0.10234425061504412,-0.8692203564838915,0.10591963098169616,-0.9943746938517197,0.0006129818517417156,-0.4712540378050283,-0.02007741180650966,-0.699991808286507,-0.024536050658664956,-0.8542835807973913,-0.02327225285447946,-0.9841976678647055,-0.09486409023434317,-0.4042919604850824,-0.17153449035492996,-0.5235057076893106,-0.22019319337926757,-0.6078039600240729,-0.2534101453883155,-0.6847164636789688
1,0.0,0.0,0.15250893130096807,-0.04850905639996153,0.2938133607505379,-0.1859655407624796,0.39053387267698464,-0.31170156773625063,0.491349646278441,-0.3736815105706188,0.1813409828213102,-0.46108209813103757,0.24595298303609614,-0.6531860274847664,0.28410393271255774,-0.777291264384715,0.31275993222192383,-0.8834393386942632,0.08760696977535827,-0.49905391716679753,0.11143476568837157,-0.7215153020582501,0.12887087019771132,-0.8686183591018503,0.1350277875789758,-0.9908418120878463,-0.004392178408546905,-0.4745660402359473,-0.009689131886455692,-0.6834008968568648,-0.010012844100938159,-0.8171084083768435,-0.013671738518172365,-0.9301519291318348,-0.09162127489091648,-0.4020891102704569,-0.15155592436590487,-0.5353278148972181,-0.19207650674450616,-0.6264803399065786,-0.2243299420999173,-0.7115678218273197
1,0.0,0.0,0.15767124343997424,-0.039508253138607695,0.3125004532434975,-0.1836596329201493,0.4217653949324105,-0.3120674340085327,0.5137172931394145,-0.3860160455266044,0.2031778737634677,-0.42989269138067443,0.25799374315391393,-0.6468556852753101,0.2839680297703051,-0.7858113860884661,0.3059590544861326,-0.9129865662237372,0.10654590955137723,-0.4646335020755345,0.10509184297845817,-0.7072677549656048,0.10930577867708724,-0.8612452437717791,0.10730562469173598,-0.994226082392489,0.014937262785513546,-0.44372753943588045,-0.007993257925517824,-0.6574020520801062,-0.0135374002629639,-0.8079866064686712,-0.023388189299218428,-0.942093190861731,-0.06907729841671573,-0.38340922313134923,-0.14285649161898342,-0.502417588141362,-0.1942749198070893,-0.5977882657967794,-0.23265322697261137,-0.692522965612342
1,0.0,0.0,0.13349737019867608,-0.0725559869472758,0.24993562854972495,-0.22201394631493213,0.34521972662330147,-0.34335869996771123,0.44105326553337115,-0.4059184895336389,0.12969526114980345,-0.4704812281840103,0.17254829578243897,-0.6695175024743499,0.19635117612859454,-0.80568190145302,0.21180881422803738,-0.923011183754527,0.039150426848174096,-0.4968518753753082,0.03756355220312642,-0.7288431120363786,0.038250128877280784,-0.8787694393522075,0.03117650441320881,-0.9995138946370746,-0.04823424011586823,-0.46527491277646843,-0.07431631569065669,-0.6813437333333178,-0.08920052016525461,-0.8285634826594258,-0.10653049324197959,-0.9479572815745883,-0.1275606209751799,-0.38911683645977085,-0.1990484800978802,-0.519720293455935,-0.24804980136851934,-0.6119172197076079,-0.28988960439431677,-0.6943572781375509
1,0.0,0.0,0.13961728240456797,-0.063200208053903,0.25472059182038626,-0.22107559406057603,0.34071518003362394,-0.3645045349467005,0.42744419138560485,-0.43082986770633863,0.127391325347592,-0.47603497503890274,0.16416963862801917,-0.6859429609843812,0.17959999791287076,-0.8168098224685268,0.18821488177243906,-0.9257559707850714,0.03376173181861814,-0.5060049873304394,0.03251412722339463,-0.7408480856809251,0.02888703111804302,-0.8844108596992603,0.019414562961654985,-0.9998115196100753,-0.0515361289404234,-0.478612690247867,-0.07330629851771545,-0.6997627190860184,-0.08837826481126154,-0.8385981074977107,-0.1090310159203745,-0.9521010393021744,-0.12941565236279137,-0.40549950364305787,-0.20723598668491874,-0.5386266713127562,-0.26067866230975967,-0.6308768897647588,-0.30446789462020407,-0.7147282944665562
1,0.0,0.0,0.13387246894124252,-0.07576339853459732,0.23671319758093368,-0.2364767380156189,0.314896546325689,-0.3798971677359671,0.4142531653671522,-0.4421050938937767,0.12057224257733584,-0.48478351824484534,0.1513244697692311,-0.6815279853397145,0.16290042299590177,-0.8043373375799877,0.1678784966723854,-0.9102986260870468,0.024369828499773254,-0.5103797333492732,0.01791916527694872,-0.7364017067261156,0.00973972260531635,-0.8807226680075956,-0.0033698380622214177,-0.9999943220795978,-0.06450118202708753,-0.479398963085365,-0.08810277574802268,-0.6867503132826102,-0.1010425733063134,-0.8255711386024034,-0.11464930497723028,-0.9425054784750981,-0.14479640760035584,-0.4046712854590534,-0.2244437290929735,-0.5332032271227941,-0.28048488965698193,-0.6217057248864558,-0.3261910377674292,-0.7072187111949455
1,0.0,0.0,0.12955369214985182,-0.08072360856753222,0.23608579694236298,-0.23339081449903346,0.32506123653447877,-0.35838291726308524,0.41791174725595365,-0.4320523630473097,0.10321500142185462,-0.47999828045691234,0.13737616695359375,-0.6790636704548741,0.15392621949577193,-0.8069892394204056,0.16155568543253895,-0.9166516648090814,0.0070150055447990856,-0.5064855428427896,-0.00035000406174382273,-0.7313173113812862,-0.00510716599965886,-0.8770768508231988,-0.014239653389922405,-0.9998986109958024,-0.08054909485763938,-0.4739916882539407,-0.11278548221027701,-0.6867802406462816,-0.13048546961802754,-0.8302032862836197,-0.14625417807364277,-0.9499831729973915,-0.15936486388003138,-0.3956214205647607,-0.2496678345737927,-0.517891133870533,-0.3122228812341017,-0.6067546869183208,-0.3620976359909443,-0.6915147566987926
1,0.0,0.0,0.1477225112432901,-0.04709564333556291,0.2781597405773681,-0.2065181948178799,0.3783173974592834,-0.3454102807444829,0.48494574363218784,-0.4184141689418496,0.15618099108697975,-0.4748426825788692,0.19120040076087713,-0.6860627329511035,0.21147136656939064,-0.8110853882388169,0.22561866309069414,-0.9186194222631687,0.05665759056840723,-0.5019593441739049,0.05257193759142043,-0.7321166291070048,0.049954575913951964,-0.8757965290983493,0.04390449610729135,-0.9990357327050744,-0.037523638457244525,-0.46884695153967715,-0.0615238042919683,-0.6851621676271648,-0.07528360034820578,-0.829707774767451,-0.09018409582280627,-0.9540481968488148,-0.1217309003697774,-0.3909621692045481,-0.20355503129866176,-0.5095857881165443,-0.26361938377455635,-0.5963030572733333,-0.3110732604515542,-0.6829887166872038
1,0.0,0.0,-0.15341491943160884,-0.04779023255357689,-0.2823534909968385,-0.1710316356237144,-0.3794824736394329,-0.28906620223231294,-0.46936911478180865,-0.34999279427968927,-0.19594766977889,-0.4762114265669555,-0.25507012661681744,-0.6566876574552296,-0.27895043140221476,-0.7745690923544457,-0.29093603357293213,-0.8822450513426382,-0.10177035458602351,-0.5287141620568924,-0.11895514857756188,-0.7415601608335401,-0.12156304609000208,-0.8787651272745451,-0.11876319642703327,-0.992922606840248,-0.009397055155094671,-0.5225129250644568,-0.01277801696014297,-0.7278950669313308,-0.006941811561992119,-0.8625126509699473,-0.00012207535646561953,-0.978606852482552,0.08184746529481646,-0.4771574508558084,0.12502821839045963,-0.636909657995131,0.15453270924159443,-0.7445083643054428,0.1774663925005827,-0.8476349557957223
1,0.0,0.0,-0.1469691943693153,-0.037761323302710176,-0.28086224118298536,-0.14613222822862307,-0.38700935130073816,-0.24717350546684033,-0.4786795572173689,-0.3002263441214512,-0.19654156006549167,-0.4479884969026236,-0.25950058529763165,-0.6193513743363869,-0.29084649466246404,-0.7332242402222677,-0.31341052128804026,-0.8405351557965963,-0.10580487980096016,-0.5030048293310079,-0.12670035806942428,-0.7160861558867702,-0.13574394634505127,-0.8609300461495605,-0.1400158561715268,-0.9901492614856381,-0.016587285474066005,-0.49779869160144113,-0.021175325288796266,-0.7063589847912979,-0.0223371995551439,-0.8428833953326393,-0.024473564114793685,-0.96372554636592,0.0711153193793111,-0.45108712088413067,0.11648178684226472,-0.6093266829039492,0.14965179315894842,-0.7136340124643616,0.17386962087080368,-0.8125034614678306
1,0.0,0.0,-0.15014007550435732,-0.047591828160699436,-0.2868497483744513,-0.16284155721295054,-0.3981727674907021,-0.2531182524895,-0.497269993807316,-0.28763434115450137,-0.1976028095099729,-0.44950751931036503,-0.26358773083548426,-0.6209491677673106,-0.3007301363492928,-0.7308388095272358,-0.3309747068953175,-0.8341908408802486,-0.10880147600581079,-0.5036948485381474,-0.1307621207251576,-0.7175853926743397,-0.14441889918137163,-0.8607098347943992,-0.1549364996789162,-0.9879244308484557,-0.01961597212763565,-0.4997210538143329,-0.024004136036741727,-0.7072622978792095,-0.027290965435288354,-0.8434101806494116,-0.03214444461588877,-0.9645831702455421,0.06784543320433874,-0.4542140962582383,0.11778308658313401,-0.6087476377530712,0.15165451131118524,-0.7142511327000636,0.1736470837813876,-0.8143726116377616
1,0.0,0.0,-0.15591507984072908,-0.04884257242322414,-0.2821547368495091,-0.1616745888234276,-0.38045886964391196,-0.2465858810806388,-0.47038613421483366,-0.27877625890004826,-0.2107304825763109,-0.4557580719303551,-0.2867013076510471,-0.6184964854337731,-0.33872778716045143,-0.7157706222827794,-0.38602931606057456,-0.8001069651503108,-0.12227396118941238,-0.5134657201949775,-0.1507204773421279,-0.722907261216024,-0.17682763634682086,-0.8625977349814805,-0.2031955770604633,-0.9791381707721669,-0.03300883289486223,-0.5133411436542611,-0.04632544750048558,-0.7189965649100545,-0.05767242854587585,-0.8526306102155756,-0.07198276223019308,-0.9658213892484453,0.05572349282983504,-0.4728884868858705,0.0961893361279933,-0.6313733821290427,0.12069669643897488,-0.7360630224142284,0.13226668006372713,-0.8335535685777129
1,0.0,0.0,-0.15792938873052123,0.0028593766360970104,-0.2968340563688157,-0.06110269196384228,-0.4123168160028763,-0.11744872930548453,-0.5120278223824994,-0.14506889404973447,-0.2604507062567264,-0.3930153418323279,-0.3641540722013314,-0.5409530995010263,-0.4344682984139405,-0.6317152721168325,-0.49787540816298503,-0.7137732565395033,-0.17822228225748676,-0.46487739894650043,-0.23653004977508432,-0.6779632166607921,-0.2887376873092367,-0.8196074284828454,-0.3366523761556324,-0.9416290021174829,-0.08701875741061735,-0.4757912833302761,-0.12110957811290957,-0.6844952118924333,-0.15484451837040555,-0.8213879572860421,-0.18917239505708552,-0.9370561874351514,0.004485741967705854,-0.442991640996175,0.026809087002769124,-0.6191017651056224,0.035133795881226906,-0.7404579751262511,0.03513622692058656,-0.8528035081134989
1,0.0,0.0,-0.1540814444589378,0.019978745365599626,-0.295432847896384,-0.04096317707449694,-0.4110158564636875,-0.09170534357757877,-0.5075869617445073,-0.11297580751341695,-0.2698581181047026,-0.3765281140255694,-0.3780899192059487,-0.5223724731176597,-0.4546378724325223,-0.6101487054672109,-0.5256877090012425,-0.6835025600541093,-0.19244598043275293,-0.45745422064629815,-0.2651233205952574,-0.6702062642220662,-0.3278919123273485,-0.8101992618004085,-0.3861005211899905,-0.9224567130965105,-0.10264360406941554,-0.47655583347846114,-0.1523174760516087,-0.6869618318289811,-0.19365565324213063,-0.8234488950716605,-0.23506824331105292,-0.9359001659580146,-0.009849694024008468,-0.44915007716228755,0.0032658230129174706,-0.6314681805430586,0.002836280234775944,-0.7552224215520139,-0.007592585785486373,-0.8646413676435539
1,0.0,0.0,-0.1616384869271426,0.02873947644334409,-0.31491186506494284,-0.015783537170504566,-0.43553536899156653,-0.05145111566216969,-0.5346341888241214,-0.07267745618090861,-0.30224189187826583,-0.3575187709342005,-0.4335281418586369,-0.49391211778799465,-0.5172746944291499,-0.5648931995758876,-0.5902351869182,-0.6270769151003504,-0.23389000605396387,-0.44286208544501504,-0.32698962806512694,-0.6510463178992494,-0.3982307688009517,-0.7817279143662518,-0.4584278314763402,-0.8887316374068722,-0.15048386735440822,-0.467128284633098,-0.21237019395031198,-0.678642259186485,-0.26243055386156716,-0.8144998846075396,-0.30834438906403866,-0.9252427286177533,-0.06129260214211911,-0.44745531900486646,-0.06613542645427677,-0.6357846104050252,-0.07405069910140542,-0.7590682210993043,-0.08975378259232196,-0.8642138064975246
1,0.0,0.0,-0.15891692768885096,0.045739190199657685,-0.31589064844264736,0.016453190159496898,-0.44681391074077803,-0.008279956693835556,-0.5597320040917608,-0.01811351858155701,-0.3303195436990938,-0.3279240796588699,-0.4791854744762036,-0.4692051875117216,-0.5821569319821831,-0.5231901024263665,-0.668671907792238,-0.5558548452476073,-0.2587582889478965,-0.41669286727088256,-0.3770267554001662,-0.6419299943430024,-0.474537553972551,-0.7529844197686075,-0.5550154647345796,-0.8318400290353059,-0.16422474316032534,-0.44801450833378,-0.25401057680454686,-0.681652101056948,-0.3284494088727347,-0.8078604504041323,-0.39408899597066605,-0.9057696410561458,-0.05866315627739055,-0.4314044086965756,-0.08066688367693801,-0.6213011223473364,-0.10190186306280097,-0.7411547152952821,-0.12880796609384312,-0.8393016710492511
1,0.0,0.0,-0.1636963718224265,0.059517249703082455,-0.3298305630097992,0.05320417072994589,-0.46625337284411406,0.06920866972863592,-0.5758754474122871,0.09293133045635409,-0.3466947291512917,-0.3216298203041392,-0.4881932378703539,-0.47713708401381594,-0.5844553133172199,-0.516936950152484,-0.6688389003137128,-0.5280405042023594,-0.2644334564311993,-0.40866002255854433,-0.36295142851750795,-0.6556621949978819,-0.4566351293153824,-0.7607652683238854,-0.5401351532038366,-0.8415782888558069,-0.15829643211102276,-0.4341219961657536,-0.22870248556656236,-0.6814864471075581,-0.2997493426275685,-0.8117978050721315,-0.3673740624244625,-0.9275050459482862,-0.042087297617479785,-0.40995322518867405,-0.053677467536477674,-0.6105107295102717,-0.0683299249873579,-0.7375238174928264,-0.09255816166153355,-0.8542758996555078
1,0.0,0.0,-0.1422569059984083,0.04583452926911383,-0.2734828328564699,-0.02693843282883581,-0.3440197474476732,-0.13480950209068412,-0.4039716802310102,-0.18964333466468716,-0.286809013344363,-0.32347356593185295,-0.4080280821337438,-0.48019891954890465,-0.48155881139724316,-0.580547268810644,-0.5403418093347151,-0.6689420168003227,-0.18909535352470716,-0.4203964875927263,-0.2910393210741482,-0.644669385747871,-0.3637826254404399,-0.7858529566185379,-0.42720596743040146,-0.9041543349405867,-0.07005964330190646,-0.44406271096571925,-0.1461483721237198,-0.6777544844768926,-0.20913056545667638,-0.8233684517519635,-0.2595533155169191,-0.9516398382090799,0.058799564245346325,-0.4186107204151303,0.061935768354103755,-0.604775130426206,0.057588688356618935,-0.7215745507084866,0.050255389945082905,-0.8277125417329052
1,0.0,0.0,-0.1515078918605568,-0.02753068909061313,-0.28044821840543305,-0.09488297963897528,-0.38511789793040313,-0.16476384813359882,-0.4675453375434829,-0.2151909291395504,-0.20571469243815227,-0.4196820608014005,-0.28211607379205095,-0.592564253263538,-0.34488887159841475,-0.6685694993135463,-0.3989057501634307,-0.721974740396365,-0.11045972860147615,-0.4867955555009889,-0.1366106607083008,-0.7309275125890509,-0.16746720006133853,-0.8673352468429777,-0.20379317898356708,-0.9790139632302349,-0.0038351670817122568,-0.4876244100329385,-0.002260486376961824,-0.7297946970934017,-0.02359434459362151,-0.8539126622278231,-0.04657848076458358,-0.9638079123118508,0.10020937034842788,-0.43474206183501696,0.15236018296892703,-0.6132768992990968,0.1898582765240953,-0.7135502915148201,0.2194290910109347,-0.8083330940801925
1,0.0,0.0,-0.1351653121677453,-0.04675974386521071,-0.26860152093592354,-0.1420269984225764,-0.383659726471859,-0.2147401324638886,-0.4833770156832638,-0.2576338806580985,-0.15925685005481455,-0.44931696235239943,-0.20562410063901657,-0.6313698558465635,-0.2426655312485046,-0.7284400255538754,-0.2734831999705071,-0.8172300885256856,-0.06566846200227112,-0.5091220209747397,-0.06616521788885345,-0.7429218629129662,-0.06939441180468177,-0.8788588306231737,-0.06941546078292678,-0.9975878376385179,0.030827772231560073,-0.50239532883372,0.046387317276795605,-0.7332932183045673,0.05548131783777119,-0.868880632649386,0.06585397366387051,-0.9865268802238066,0.12847215806539594,-0.4478731427713132,0.1947364464785226,-0.6200028462881697,0.24470840475044398,-0.7166140079432187,0.2835917612828923,-0.8086825194399505
1,0.0,0.0,-0.13573568115104032,-0.05637650546403305,-0.2534283350364707,-0.16444375527374233,-0.35005643283563925,-0.26712026969762387,-0.44562505961482307,-0.32543284189278987,-0.15260777054175562,-0.4694879428627467,-0.19537125237533493,-0.6459312658370393,-0.20903491839900495,-0.7599593128927223,-0.21468703820061288,-0.8618775311642123,-0.05382254794582758,-0.5120081268495515,-0.042631516867129515,-0.7408297517409116,-0.028157572551999265,-0.8833040195924681,-0.013589310128868347,-0.999907661061871,0.04051806778515442,-0.49562839405954995,0.0643994395258395,-0.7161131154486212,0.0834699178855646,-0.8544854834242455,0.09642338463293984,-0.9699451828976772,0.13196242093267285,-0.4373530667990774,0.20616223534254155,-0.594287412596193,0.25804188385338955,-0.6931905328271218,0.29449248323101535,-0.786840241622082
1,0.0,0.0,-0.1402494001733822,-0.06065561314394799,-0.2601364292323824,-0.19350817525979264,-0.35022405453476935,-0.3121532851026154,-0.43732138345671423,-0.37761371460751864,-0.16769749770168,-0.47948628842174434,-0.2154228991622322,-0.6617325550540117,-0.2350088164896002,-0.77947471990857,-0.2453584104102496,-0.8889410499783815,-0.07524870330928164,-0.5212781306431249,-0.0775339283642342,-0.7352205526219088,-0.07139515995890118,-0.8747719395802027,-0.06249824228029461,-0.9980450739880807,0.012469246184881143,-0.504211126550018,0.024040848669659266,-0.710570117456554,0.0333118153780849,-0.840506231368905,0.04029422831573559,-0.9565086798846253,0.09840275742670344,-0.4472758464806695,0.15669190019247844,-0.5981976027237011,0.19696652607059334,-0.6957981396372099,0.2284540818922403,-0.7895349313027715
1,0.0,0.0,-0.14810482861770502,-0.054427307167691466,-0.28188882551082883,-0.18098006960627902,-0.38732458563944433,-0.2915378587042967,-0.47766998089644574,-0.335632460884149,-0.1818472878394688,-0.46547166409522656,-0.24472280735064492,-0.6418662917579645,-0.27742774943426457,-0.7592625321218833,-0.30182413541924763,-0.8629810651972698,-0.08698219307333611,-0.5171280700325798,-0.1017193935491797,-0.7324167142680407,-0.10722999621047519,-0.8739882801336304,-0.11024845299185386,-0.9939040590584702,0.004393724128694279,-0.5064798385021916,0.022158914657949617,-0.7115379199501676,0.03477774780280924,-0.8462171777533057,0.04163538942150422,-0.9621616988805529,0.09171168647155865,-0.4515310489734186,0.16380526099507145,-0.5905954261986758,0.21358850278665487,-0.6830382960638615,0.2499027169002479,-0.7694023740641445
1,0.0,0.0,-0.15325917890928595,-0.0410576154561814,-0.289294819469493,-0.12871453073485184,-0.41153481647786044,-0.20474386782059958,-0.5159159959503864,-0.2365278334673147,-0.19810006936344793,-0.44094711944234305,-0.27720551839455604,-0.6096218217849146,-0.32534871199270315,-0.7234127507655213,-0.36114069227420215,-0.8265152936074283,-0.10521336617594855,-0.5017682539897501,-0.1369144665760693,-0.7181438653545863,-0.1573092888368942,-0.8601497796867542,-0.16942175178959212,-0.9855436418650093,-0.008377405051745607,-0.49583142925106805,-0.0006805931601478425,-0.7068480952606507,0.007215272035150431,-0.8467583961022114,0.013680528388253666,-0.9696461367955915,0.08432450800473439,-0.445835790323112,0.15323696370227816,-0.5966791916930675,0.20242900538355743,-0.6940973553304719,0.23858804147175336,-0.7873093345887615
1,0.0,0.0,-0.14342159590531267,-0.023845609374761805,-0.2637875859771557,-0.12104580970309638,-0.3707971730362084,-0.19646497544444347,-0.4680587744804386,-0.23536623503640286,-0.2086845220046139,-0.4372102984068247,-0.251435637600703,-0.6363362907471377,-0.27602995419102183,-0.7582317240524377,-0.2964203168964561,-0.8656180495217053,-0.13881319160215394,-0.48404956912645347,-0.18175986099803249,-0.703193532743642,-0.21262590612250737,-0.8453337048688893,-0.24021807031231587,-0.9707189493851591,-0.06417515431455069,-0.4871358657277003,-0.0961954438182708,-0.7018578018802452,-0.1222566855933643,-0.8295602593056908,-0.15018453336663362,-0.9399293386881413,0.014251639735012783,-0.45699099693495904,-0.004275497957978358,-0.6250294292105602,-0.02342546152272877,-0.7372431381839241,-0.043594188538435566,-0.8396385853390215
1,0.0,0.0,-0.16829106088174545,0.033994272049590483,-0.31325949481630705,-0.06539597972813178,-0.4003890286258999,-0.18067423883018588,-0.4815928600548872,-0.2648443231155957,-0.2995911055593499,-0.37038658084359927,-0.3577630906459172,-0.5570357534404148,-0.3882412459729462,-0.6804545706578814,-0.41392227896519057,-0.7921410105040909,-0.23266477809241726,-0.4314509407833156,-0.3000278794891259,-0.6437663027383983,-0.34234813138189285,-0.7898094466971389,-0.37829860884423955,-0.9256836190332597,-0.1569328358594233,-0.44473351925381804,-0.21499253503980134,-0.6485781759344477,-0.25272211480701506,-0.7817033072580107,-0.28652536784186283,-0.8978930273347333,-0.06600048672184891,-0.4234353165872102,-0.11476491676034628,-0.5841208086614674,-0.15444127004789326,-0.6877316003666766,-0.19275071019157464,-0.7849756791409733
1,0.0,0.0,-0.15560506316324046,0.05007314743452806,-0.3084293927099027,-0.031077235988358046,-0.41315021824703546,-0.12309464867405102,-0.5089157447589652,-0.18314230933482448,-0.3135248847440658,-0.3414333156879549,-0.391487823471222,-0.5283997287991522,-0.4325673311311027,-0.653999263550155,-0.46600612569681205,-0.7663889305249064,-0.2492330124810031,-0.4074895378916802,-0.33677456081482793,-0.6157264467088673,-0.3925924519844703,-0.7633606546199695,-0.44149829728973305,-0.897262087402709,-0.17132586404739658,-0.42765998860522364,-0.24852817955938097,-0.6325442690699935,-0.30057224093870877,-0.7661922090285964,-0.34702871705757415,-0.8838110138545756,-0.07886647129617126,-0.413440266659883,-0.14479435491744452,-0.5760971007005786,-0.193030909690461,-0.682093705025954,-0.23649555291539653,-0.7806911236796223
1,0.0,0.0,-0.16056895583113903,0.013758797544474864,-0.3072524050760552,-0.0769891296776168,-0.40710318437056386,-0.15271825500120156,-0.4955209290275618,-0.2025175017612617,-0.27788213313050725,-0.3717383949573001,-0.34541001664010873,-0.5682694149928998,-0.3850718095383283,-0.6937417560387699,-0.41862870309389344,-0.8043718623547145,-0.21075282242677307,-0.4219952407012226,-0.28587488396429533,-0.641964840107075,-0.33785908551487737,-0.7898953269404364,-0.38105835816957,-0.9245509870575618,-0.1340484502266619,-0.4326468359501038,-0.19802559500540154,-0.644170286039834,-0.24563210691558776,-0.7798962339463218,-0.28834192982700496,-0.8975075007497848,-0.045903445960189165,-0.4135000003063718,-0.09900078041572036,-0.5863764256148732,-0.14718886089399846,-0.6970944137280061,-0.19331643100528748,-0.7952605727531411
0,0.0,0.0,0.14892963388978753,-0.05098588461668053,0.25857505699107464,-0.19691820500590318,0.2958089588845135,-0.3641968174074725,0.2998375410738469,-0.49131498500039933,0.18907201708925647,-0.4529876881049255,0.21421152814260036,-0.6499479197345089,0.22459913205510693,-0.7778932317210885,0.231619264896942,-0.8906413511359982,0.11436027616058268,-0.4920728697993416,0.14058130512666056,-0.7125510383995171,0.16314130916401973,-0.8582489444019749,0.18054180721896496,-0.9835673112940009,0.03858985787552282,-0.48931366031387474,0.06059072509348422,-0.6995863872232478,0.08178683166301381,-0.8346220404079444,0.10017460398126969,-0.9525553526463301,-0.04698864669852,-0.45333627013411265,-0.03542781125471306,-0.6260920479479196,-0.022798248609726957,-0.7328857748801894,-0.0055765394020099515,-0.8336053896752386
0,0.0,0.0,0.155549313483464,-0.05909935165045911,0.2717232443507147,-0.2012544952678064,0.3134225683175043,-0.37661864684906327,0.34654923492998435,-0.5014868598172173,0.19413105967851318,-0.45726577953843744,0.25334413745696543,-0.6490603858953167,0.283228456083527,-0.7714725129247131,0.3057590209943433,-0.8808990663271961,0.11151919803669225,-0.49954617621697067,0.14327220400545929,-0.7187493036647921,0.16653706084901554,-0.8627189626826149,0.18235156317234813,-0.9832333941687503,0.03062077743697065,-0.4944487712483787,0.04780579493643188,-0.709925952544012,0.06352048108842198,-0.8474183598632807,0.07788310547411144,-0.9648625004403601,-0.05723842312829492,-0.4498495358666837,-0.08170656112141342,-0.6257191291391012,-0.09700877162417951,-0.739020339411231,-0.1024398058545485,-0.8432809865510635
0,0.0,0.0,0.1363363654464224,-0.02305340966825765,0.2473908723765756,-0.13245526053695994,0.3012949635334934,-0.23912091017149845,0.32517376720374863,-0.33128554826049683,0.18907737529202956,-0.4341867028798314,0.2220945004908423,-0.6271186710351242,0.24156828098365402,-0.7640830271043233,0.25203960520363394,-0.8827365762194759,0.11197682437475999,-0.47905765851262455,0.14852975124717163,-0.6906295709759986,0.1746822682345591,-0.8495214369303511,0.19302537102808148,-0.9811937658482505,0.027934787496923633,-0.476570771100443,0.06301015277018139,-0.6859629838305649,0.08736674805893276,-0.8341663279615218,0.1079023036702612,-0.9583449084714001,-0.06785560641700555,-0.4347205362220008,-0.066656169833671,-0.6063309995156299,-0.06678901745812203,-0.7228892348006767,-0.061350886659271575,-0.8282220254405201
0,0.0,0.0,0.13722677279710038,-0.0707095135229267,0.24060631132604535,-0.2147961225534969,0.2802512489682777,-0.37211594143677584,0.3137066325926489,-0.5023977056096465,0.15364832679021337,-0.4589672082816471,0.16636322445448168,-0.6619143524769358,0.16792104333421132,-0.7985991060495888,0.1644152122617525,-0.9182158745652473,0.07447576170215932,-0.48117111732461376,0.08439848934141977,-0.7102196361055313,0.09257648001158389,-0.8642693251770757,0.09955629258229175,-0.9950319314510812,-0.0031559901611730133,-0.46668496539869436,0.004863112927243379,-0.6837950099590315,0.013311752920330128,-0.8286089710304912,0.02318072539587912,-0.9510405357392614,-0.08599269744055198,-0.42166033202942305,-0.08419701556429206,-0.5943670981490197,-0.07827061685189253,-0.7086985667345053,-0.06723718935546232,-0.815500565391654
0,0.0,0.0,0.12680119836722697,-0.05376999785423472,0.22360257759079216,-0.2029528222075375,0.2794272616344768,-0.33907390394304887,0.335677654753546,-0.4443557186662369,0.2015168977283161,-0.4236256095807484,0.2264773554480485,-0.6361541481007664,0.24012717001023903,-0.7711924286792345,0.2459759262541339,-0.8873166447800694,0.13081786473150514,-0.44550295559717923,0.15757271867655756,-0.6905719419665123,0.17533636263758157,-0.8501870581918453,0.18571026754847994,-0.9826045473775664,0.053236046866173774,-0.43123769025385383,0.07965547822535628,-0.6635023587424251,0.09623279082344784,-0.8159908911088626,0.10821644399098308,-0.9453923785771414,-0.03203527647568328,-0.3901257563548412,-0.015813124694596736,-0.5719123182405179,-0.002286451226003885,-0.6869892620003528,0.010660045590643898,-0.7923262164272924
0,0.0,0.0,0.15129966616041146,-0.04244243502404265,0.26176953168134864,-0.18668507099804382,0.2977462730624326,-0.3453353858155479,0.32420833492116025,-0.4544846204278375,0.22207271198226908,-0.43213532907488916,0.24710923038803295,-0.6446572726134,0.2526932611215638,-0.7769561527133412,0.2536597733711549,-0.8930769159624548,0.15255190825242665,-0.46460206568734247,0.18113619745816772,-0.7038430415972132,0.19262204020215162,-0.8547456364494299,0.19785089631851271,-0.9802321270117406,0.0796079367799772,-0.4543533710458718,0.09938280225268432,-0.6832831023248543,0.11206920725631454,-0.8349534097830363,0.12376947161248278,-0.9633993471882546,-0.005106737666316363,-0.41447163444659735,0.012646402825690834,-0.594823503487311,0.020844116235204643,-0.7083409262384337,0.03141711424782666,-0.8142124047518369
0,0.0,0.0,0.14423420781142693,-0.023147132147860464,0.26361424766984853,-0.14282821066014542,0.30053053087209725,-0.2973267948431932,0.28813214410031046,-0.4238407939141837,0.23777780591658026,-0.4079309972677877,0.2597767844681323,-0.6192141504003912,0.2634865202268935,-0.7536536870706797,0.2625551383480573,-0.8757816252784724,0.15984250134053066,-0.4461335124085731,0.18094261045327145,-0.6827260076545307,0.19254444244444782,-0.8433604191413826,0.19423853962550114,-0.9809543260132719,0.07670434378555527,-0.4487140712196935,0.09572213064257788,-0.6678597939810161,0.11422237253593859,-0.8211858402377368,0.12415565283465266,-0.9475472630723246,-0.017475967328739052,-0.4278003446457894,0.0010262651221741984,-0.6010996122087955,0.014731851038717823,-0.716177659084655,0.02767711032210737,-0.8209621347447899
0,0.0,0.0,0.14100610001104302,-0.03461565192564598,0.2596191946178654,-0.1786296666745267,0.2922610348079657,-0.3503171534389764,0.23365394378670912,-0.45773658439246173,0.18362104263160178,-0.44860489068281956,0.20814431925694038,-0.6484420875865332,0.21699926314859527,-0.7841772391844272,0.2220265128664697,-0.9020923216495114,0.10323972755319703,-0.4877350568357567,0.12745264527449293,-0.7115174146990086,0.14785762728861515,-0.8608483606047529,0.16221993194386536,-0.986754626885594,0.025150460243924894,-0.48275139390136035,0.04558130550005067,-0.6939460987529311,0.06630508151110254,-0.8382428696310766,0.08032164582210721,-0.9580071738994153,-0.06063043020881162,-0.4436042919199031,-0.05192351070984207,-0.616689706607469,-0.037282224383233684,-0.726645376345958,-0.020546737524545278,-0.8274013793111129
2,0.0,0.0,-0.12079066471304271,-0.6058083291061296,-0.37310528208586197,-1.1955695422885262,-0.5774772129488653,-1.6605043329297797,-0.5732477002634161,-2.0648417628131055,-0.7247001192539508,-1.134637102996265,-1.1387886904411717,-0.9934236757970224,-0.9994514336629926,-0.8416918803885425,-0.8364918617443357,-0.8460533849629108,-0.804943876212673,-0.7822054834303499,-1.1603126039190388,-0.5899931610280116,-1.0068195056662952,-0.5252449824571821,-0.8393775969484285,-0.5435487556246279,-0.8539286444577447,-0.41026965717663055,-1.1220591995406874,-0.2920449455694541,-0.9894835447455881,-0.23459153155341678,-0.8356791303466768,-0.25664379740296256,-0.8915524898557126,-0.09178515851108282,-1.0784122140687817,-0.04824572911192595,-0.9439563482845907,-0.00405095806020606,-0.8058966806353072,-0.012477274070876915
2,0.0,0.0,-0.10969691038843216,-0.5986780479465992,-0.3571289969292716,-1.1855384273106606,-0.5582516079898255,-1.65093949113877,-0.5503897199142253,-2.0333811575510277,-0.6633071230166436,-1.1459544110598334,-1.0818875933261665,-1.0192254566348236,-0.9313833560225279,-0.8568499369684058,-0.7627310832259028,-0.854921490534493,-0.7576882718686353,-0.8402875863057376,-1.129174397614134,-0.661227641523179,-0.9696674443093488,-0.5745478143485262,-0.8102382080740417,-0.5861007133394105,-0.8245561117655794,-0.503445493934877,-1.1057232718991186,-0.37342758612264965,-0.9644893612603954,-0.2984465607391278,-0.8166586644647934,-0.31657864956927334,-0.8700271960293724,-0.19646911823057775,-1.05698257186799,-0.122242534964914,-0.9247891359953015,-0.06200832351486089,-0.8000591049221629,-0.06588061316060206
2,0.0,0.0,-0.13544435707624886,-0.6146243447057652,-0.38842461547893087,-1.2207470192334482,-0.6209678417939776,-1.6747443412475835,-0.6351421147862614,-2.077185901925692,-0.8238375286977571,-1.1283838683302903,-1.1390552455972225,-0.9605644866956823,-1.0230620672220967,-0.7939515208842242,-0.8924988175738953,-0.7605966122897022,-0.9169351120447462,-0.7603384125932348,-1.1833158537537467,-0.547279348169377,-1.0416423278247902,-0.458299200107435,-0.8875978797616363,-0.46061915270931564,-0.9480635541343844,-0.3724981863959638,-1.1603101798581505,-0.21283647847862716,-1.008269005302072,-0.15101282748911327,-0.8466954864660639,-0.156009274906962,-0.9459032563604919,-0.016973797130706597,-1.1050983431962815,0.07288495836231823,-0.9615826150442529,0.11154752999629314,-0.8257234387064379,0.10219608738457832
2,0.0,0.0,-0.017632916759232158,-0.6404670417187038,-0.3376023965371047,-1.248167066371709,-0.6383249605760961,-1.7162699754070303,-0.6998900320770003,-2.1397232331657703,-0.48229091941242597,-0.9456433474210122,-0.9755005119733009,-1.1036384999566815,-0.8039304663951334,-1.0638170985936082,-0.6319688269780147,-1.0441329292527086,-0.5685789360430411,-0.5534813635470285,-1.0473814495571272,-0.7589430310648936,-0.862588827559871,-0.758598177112437,-0.6891426075883134,-0.7246257423017624,-0.640373856524831,-0.20238685069917978,-1.063631120978018,-0.43588675491759543,-0.8937483263864849,-0.4178143261164512,-0.7270189030447207,-0.3943159463742929,-0.705022876797034,0.09762862526702135,-1.0308113742504545,-0.08436706621150741,-0.8791853167939954,-0.06336121856762812,-0.73132074007693,-0.013096987522394028
2,0.0,0.0,-0.005326995480572937,-0.722978921961634,-0.2999677804586439,-1.4569860358706554,-0.6107789368708599,-2.0112603953691237,-0.622415148308407,-2.5239375634882975,-0.6717037919494703,-1.4113524768934325,-0.9124315355673126,-1.4216695042070164,-0.7718779442461436,-1.200458695055951,-0.6312238349555325,-1.1444596773798674,-0.8043206900084244,-0.9784129014087243,-0.9869050135645896,-0.9188317888216111,-0.8075253856341846,-0.7597643866787116,-0.6666967405966331,-0.7453290924670964,-0.8691880197635073,-0.5164163223574567,-1.0320831004927777,-0.49053477282554714,-0.8561851066164429,-0.3529818713421569,-0.7193274924966826,-0.36885365871707265,-0.8989448796923077,-0.10948440076632213,-1.0642329734440932,-0.0992907364152352,-0.9089807993663497,0.016488830637332228,-0.7881554586977167,0.04115913863746395
2,0.0,0.0,0.005949913775725296,-0.7487578106337132,-0.24008038806080065,-1.4308041016611441,-0.48954887616818016,-1.9748242576962551,-0.49964641931432213,-2.4463794878615026,-0.8779237277877852,-1.2706537234913977,-1.0591496525002777,-1.2215398223665215,-0.8621454259076107,-1.0601455145680132,-0.700747410420194,-0.9634181676733715,-1.0180646358412233,-0.8003370931521063,-1.158099990626051,-0.7425826547568036,-0.9662195583742105,-0.66565575701626,-0.8043068693201991,-0.5942141532851101,-1.0435466547863026,-0.3340006668559624,-1.1568735566543253,-0.3272735287928177,-0.9769378497493104,-0.311651181577352,-0.8044737153210763,-0.2640796790383625,-1.0058958849786366,0.04064229543033793,-1.0690869539664105,0.02498750593692392,-0.9055637375428209,0.04448902267278379,-0.7642751839069603,0.07778545945339077
2,0.0,0.0,0.012913542786108125,-0.9189859686698866,-0.4084552937863492,-1.6980799472752919,-0.834702099716137,-2.242480015585995,-0.9629518102350407,-2.8145779369393087,-1.1778509972011924,-1.4425702062836938,-1.0474675959900923,-1.3800045811339028,-0.7852336707661893,-1.214200202765692,-0.680493000210844,-1.1151755167244688,-1.3433965210634127,-0.9058948053934891,-1.0955175864275395,-0.8348275284035924,-0.8392872618355259,-0.7714537721131485,-0.7269383733122413,-0.6867027023437089,-1.3587031702498886,-0.36974861815997584,-1.1419577684087625,-0.3764185060812681,-0.8955817332136315,-0.3519265204976723,-0.7744800548742397,-0.2998172143844415,-1.3045603480337715,0.07490646111017936,-1.128258121667606,0.04754953839253251,-0.9095469688869505,0.0444578755773538,-0.8002378319771013,0.06374583333645291
2,0.0,0.0,0.04767011991962228,-1.3341215638533586,-0.5382776389926364,-2.4545291877877347,-1.1794316691140951,-3.1931140006829173,-1.4659720788827815,-3.994846534491883,-1.7190987190579594,-1.9378696778368925,-1.3002932845172313,-1.7567655514059668,-0.8565602837183167,-1.5723547725786249,-0.6465255194218044,-1.4870193198294441,-1.946615940514612,-1.0559788858315178,-1.2861466132547974,-0.9190111569872731,-0.866264952901709,-0.8796783596427039,-0.6212706297079477,-0.783596072388249,-1.9169719603012625,-0.2865888227928889,-1.365248353595601,-0.24959270362531547,-1.0122953428163595,-0.30984592549916734,-0.7973327324634103,-0.26353051338953054,-1.7958100127745336,0.33119906820937506,-1.3716208785689485,0.3258479295165481,-1.0146101708673878,0.2578580493148285,-0.7880819889361469,0.2657360908107213
2,0.0,0.0,-0.04751793392370741,-0.6443035108498314,-0.275008747043329,-1.185715817321471,-0.5140780797065458,-1.590687116679702,-0.6000183400918924,-1.9573806729319052,-0.7973739740774392,-0.9377775563170543,-1.052400482572432,-1.0255885658729134,-0.8690416378771588,-0.9618098526180919,-0.6946413588940754,-0.900349213490934,-0.9033387060032229,-0.5573565538364459,-1.0992075662872567,-0.671808393378925,-0.941031866927772,-0.6585545599905088,-0.7888433406219458,-0.6145943247024076,-0.9198630105860688,-0.20351906513889195,-1.0433942970069041,-0.3433710327878007,-0.9178743968916826,-0.3601478734254544,-0.7834497996766452,-0.3182729998595625,-0.8857131115090097,0.08152561986410005,-1.0018553481077743,-0.0626310963368129,-0.889871121960908,-0.07529452973361367,-0.7751477846120657,-0.03630227335306121
2,0.0,0.0,-0.04915881806221964,-0.632614667594415,-0.2742928131277622,-1.1733258532473203,-0.48839558970078084,-1.5416121807398127,-0.5435263313658146,-1.89884435330387,-0.6900734575044513,-0.9382805011127852,-1.034693608269357,-0.9885450968220996,-0.8787302704018846,-0.9488586243976568,-0.707325278852302,-0.9145131223916598,-0.7750487274230882,-0.5622231481760808,-1.072363686301663,-0.6781543575059903,-0.9304581704829821,-0.672043205713258,-0.7841180758579664,-0.620611668527752,-0.8017272227336995,-0.21134839229559366,-1.037678564086733,-0.37574066916368265,-0.9322981152760464,-0.3895741567735167,-0.7965476121538582,-0.35217448724879724,-0.7766910969524249,0.06869663752256877,-0.9994616331350669,-0.11302713462864207,-0.893723657599692,-0.12188341564571221,-0.7701262463616215,-0.08223718258251746
2,0.0,0.0,-0.09132836521266367,-0.5591641698009854,-0.31599062081141704,-1.0887316433361067,-0.497681711893254,-1.4742602658481174,-0.5460124098712958,-1.8103113066465466,-0.6911267582774172,-0.8552905762290478,-1.1239110088476478,-0.923773171316504,-0.9538977846205314,-0.8917433545800125,-0.7647688340536424,-0.8410410908305299,-0.7757319824566958,-0.47824838040420586,-1.1918220856516837,-0.6091217926755852,-1.0288979109475618,-0.5927956911058959,-0.8465459617758461,-0.5323156343758914,-0.8122899167521045,-0.13887937033434147,-1.1732731755002546,-0.27696836123259894,-1.0402406466622662,-0.28348461008260667,-0.8737958851352197,-0.23220911819694845,-0.8181931833893785,0.15936682604696079,-1.1205092567912085,-0.002017198787928781,-1.0015329999904021,-0.012425072508736144,-0.8535354123758511,0.043390505905125394
2,0.0,0.0,-0.06997262969683357,-0.5931996297585708,-0.2983518147440617,-1.159427246000022,-0.4729778870598643,-1.5328837323846465,-0.4599441793193198,-1.8830865443523477,-0.5232113833498506,-0.8588637144350225,-1.0411525168557756,-0.998828885136345,-0.9008445593285425,-0.9564935408829995,-0.7265487804691412,-0.9046390298991857,-0.6277504335542503,-0.508323191072774,-1.105831862058651,-0.687097452483451,-0.9667369326272084,-0.6691960156478576,-0.8056017472924301,-0.5924574455261608,-0.6959892178138758,-0.18526808063091652,-1.0965957482311268,-0.39471083126226786,-0.9721254790636749,-0.4025074746716458,-0.8198051467532799,-0.33842312619164944,-0.7361596953819433,0.08607853508326668,-1.0604461835560581,-0.13078293452980724,-0.947528767424505,-0.1365435491269716,-0.8218591347841631,-0.05761981059454419
2,0.0,0.0,-0.0488154063265363,-0.5845022229020825,-0.2731795529319749,-1.2094392308263193,-0.4350046356373634,-1.6430168947135049,-0.40600832643992985,-2.0295693531971044,-0.41808083175819527,-1.0042913668634736,-0.9818364258935596,-1.0710075662504077,-0.8506219141779933,-0.9892810023765893,-0.6677538628339035,-0.9752188444021102,-0.4942385572990045,-0.6486762234693108,-1.0237281815038213,-0.7497228497493714,-0.8904595601694621,-0.721945952774817,-0.7438507799194495,-0.6683457317984659,-0.5756412148011206,-0.3041217326978327,-1.009720751139079,-0.4591585648473329,-0.8924848871194304,-0.4473669945923837,-0.7559261229656272,-0.3996416811738667,-0.6372592332987832,-0.011121055688246331,-0.9814415763240502,-0.2072550796325684,-0.8764582106502462,-0.18543741127381327,-0.7520988387913577,-0.11528310182629456
2,0.0,0.0,-0.12273968948625544,-1.0756584626995191,0.17873082375007948,-2.0925177443889904,0.5157893590315888,-2.859029183387995,0.73627847360976,-3.600666937550716,1.5298110266956195,-1.8401863596527555,0.819322823577875,-1.421805979612382,0.464567849295195,-1.3157337878105402,0.5939027316056885,-1.3798609925355192,1.7987203624992105,-1.1375588289097431,0.9185244244690561,-0.6842071157907245,0.5090226759878913,-0.69499832792558,0.6239397081726936,-0.781472482282885,1.8255590042343257,-0.42930675688022174,0.9493157890458017,-0.02769017937656912,0.5451217895738194,-0.10151207256715028,0.6152452385240375,-0.22511512660654664,1.7074318103059465,0.24022400628651305,1.034063214296825,0.5314118645905275,0.6501658848383104,0.3759462656873183,0.659957722935626,0.18343962416026302
2,0.0,0.0,-0.08599439639261326,-0.8740973456654588,0.20725902007962757,-1.7728386371682092,0.545360431763019,-2.477942278282813,0.7594456472437178,-3.0842716009400166,1.4952121051917178,-1.675988403099591,1.2454875111997457,-1.2740308106471925,0.7811154440963344,-1.1008701954067264,0.6461968785516446,-1.156637621570738,1.762482239373855,-1.0834448620203745,1.331807629254305,-0.6134052379991004,0.7873623202558014,-0.5438892555898955,0.7229756784944817,-0.6908734821263902,1.8242064943126484,-0.47293234259046235,1.3575062928540889,-0.04381886986495409,0.8592483155195476,-0.051916155275381785,0.7942110059621023,-0.2295112382849146,1.7576631098325854,0.10570521010695387,1.350353600263305,0.41486392554313123,0.9348684769791764,0.3522532423671846,0.8646855406907485,0.18315484156784675
2,0.0,0.0,-0.1660105183913217,-1.1312660362534424,-0.06029866846865257,-2.049956697300548,0.08107860920413439,-2.6983532444919227,0.18352350682994584,-3.331841072024492,1.5701727246475343,-2.136139850323748,0.752500919400758,-1.8486502608330502,0.274535730891339,-1.5829506789410346,0.329967713564571,-1.588832963181601,1.866110146085,-1.1948161685895058,0.9186032620523706,-0.9756360845405546,0.4432987644586112,-0.8277370717543319,0.5481388370667108,-0.8363873596002953,1.929348297199352,-0.28743869893680163,1.0088255762119838,-0.15412536142378291,0.5633739200602859,-0.08974217284676646,0.6925529532274336,-0.13116376476909913,1.8625002357075375,0.5275624585468138,1.078358667580017,0.5799675595796114,0.656825571759529,0.5797197447084648,0.7088700136494972,0.539944351573035
2,0.0,0.0,-0.2280760731583096,-0.9011629800431241,0.038839060500107665,-2.017803063086004,0.3291293111452025,-2.7994505201201156,0.3753738731888876,-3.4747712496600696,1.215533132622936,-2.0277102506471687,1.1497529536826383,-1.8352483584612647,0.7084418652483995,-1.4853895036791143,0.49540370888119767,-1.329090668163422,1.5393983463843819,-1.4723291924138482,1.447867970264707,-1.191857843368943,0.836661632639674,-0.890866207198848,0.5799831622350817,-0.8146284622598176,1.667077878831477,-0.8450935054402042,1.5525307891581894,-0.49917558568200515,0.9531141963302621,-0.35820281730664577,0.7124444126025631,-0.4115072507488144,1.681316338069585,-0.2107044015179372,1.543524869768851,0.02124423200518551,1.0501235616195561,0.06297531517587247,0.8594687139965885,-0.06858955092400666
2,0.0,0.0,-0.27568701465529644,-0.7272217850757169,-0.13817295366270535,-1.698217446560412,0.06559203590839432,-2.382446788828457,0.050785793702385874,-2.926432437024284,0.817925898265569,-1.934629990492835,0.8129890659162444,-1.9941125292144342,0.4746993457507288,-1.5709143984508924,0.2751466497256548,-1.2993126399172177,1.1283372860373666,-1.5601839909307245,1.0136680793930912,-1.499155121071883,0.592221120015711,-1.0861195283847322,0.420882888899644,-0.9071149837983551,1.305826195132111,-1.086595462850322,1.1271526164672074,-0.9501092501097266,0.7094869959281859,-0.6547238367397367,0.558802375548108,-0.5723744096667852,1.4026372222118506,-0.5679043942645525,1.2262904342676086,-0.46861826482991875,0.8601667536317316,-0.30801834308338444,0.7385117043143721,-0.29900689171735223
2,0.0,0.0,-0.21924783653567756,-0.8085355885591584,-0.12195714480027478,-1.6682634489890085,0.03748418614456266,-2.252964983293479,0.07380963332983344,-2.774534974761157,0.7788821676187413,-1.9139235562750676,0.40502656707351337,-1.96603244449662,0.1621283300380804,-1.5922370806068085,0.13589598526277152,-1.3335244348836108,1.0382327208294517,-1.6011603375158074,0.5146186030334962,-1.5176127497790968,0.24768162853540562,-1.1621781979192556,0.2588681373065938,-0.9659126707355145,1.1522532616167147,-1.154575182151967,0.6158543383704935,-1.0526116416725184,0.3694396395767764,-0.8018977965956912,0.3996886324811597,-0.6720866281863596,1.1872955765759765,-0.6628117512345715,0.7581513502613425,-0.6202721286516909,0.4972108629441071,-0.5176641474249232,0.4660179446628716,-0.45608190181865943
2,0.0,0.0,-0.24141108722514434,-0.7461290133705331,-0.35827372149984343,-1.5983127768655234,-0.36459375587550824,-2.199713528151379,-0.2325886266694633,-2.6536259252948864,0.03565121891449675,-1.6757738946159952,-0.7232718182709018,-1.4666814362323424,-0.6482183667621149,-1.2730112174846309,-0.42396073789512256,-1.2989785435577086,0.16304915333547174,-1.2664018908035313,-0.7160934545797717,-1.0472975794896247,-0.5545812262894282,-0.9080854437899313,-0.3178052605818092,-0.9481560084429821,0.20632795056059405,-0.8043350071280719,-0.5877476820854617,-0.6500071097793831,-0.43822103450890443,-0.5332220497615046,-0.23199094685691463,-0.5601128675257766,0.1853385048751775,-0.3068584588393536,-0.35589254985048807,-0.22407479231091706,-0.2720259466968385,-0.1874879085141556,-0.10771269101022542,-0.21184073528528452
2,0.0,0.0,-0.11787259834670549,-0.5489886908801613,-0.3506664611494565,-1.2119678016729623,-0.5603635357926343,-1.7386856431783118,-0.5869610269002933,-2.193975859437124,-0.4916726644758937,-1.1525727338701042,-1.1015683524542188,-1.0053200912488185,-1.0545483937741646,-0.822903171402745,-0.9111368987933945,-0.8469077381461066,-0.5238314915201499,-0.7827111803455856,-1.1516858033652007,-0.5835246424934483,-1.0430371491966464,-0.44960833850440707,-0.8767845877047536,-0.48088334007678524,-0.5569125133729552,-0.3758779985874127,-1.090863307522943,-0.20825922256433596,-0.9744942105247596,-0.0972414281973876,-0.8033370275811456,-0.13857584961982775,-0.58154762360855,0.009641127543923472,-0.9814015782778757,0.1385620987592866,-0.8746966747832331,0.19250317605299785,-0.7119485866366713,0.15093232854447944
2,0.0,0.0,-0.10911659343679857,-0.6271872847531497,-0.4150504802749843,-1.277296967313123,-0.6868999949239136,-1.7874557424114934,-0.74142622363274,-2.251483878271318,-0.8751082966330422,-1.092495718592291,-1.1813709382456268,-0.8987306537279545,-1.078925182915315,-0.7335409538543686,-0.948055289790476,-0.679813195513398,-0.972733007387485,-0.6911588111592843,-1.2368432885894074,-0.43571519792583097,-1.1097368878398448,-0.3437939787732752,-0.9409598389385289,-0.33851821443576396,-0.9993890212585083,-0.2615886744060068,-1.2058448278825085,-0.0641687792707741,-1.0595969399368141,-0.015297594091818169,-0.8832194267090533,-0.04879620601988251,-0.9886959550016655,0.12087793968160901,-1.1271277847004408,0.2921047307386826,-0.9659199395838636,0.3185876004285224,-0.807536155655649,0.2710069796060488
2,0.0,0.0,-0.11878685508033142,-0.6446724925296221,-0.4442261455746074,-1.2792716795353372,-0.7111138332807638,-1.7890298694995552,-0.7178590448087385,-2.272093994767469,-0.6401461547337874,-1.0532079978061648,-1.0843660188423432,-1.093354146955276,-0.9223242304230784,-0.9947115202977047,-0.7464379825250623,-0.9731284029445847,-0.6610796818562663,-0.6356804655756919,-1.1041181971425758,-0.6982081280733026,-0.9356683386404823,-0.6757913085535477,-0.7525364196520051,-0.6585506336625464,-0.6696793337842525,-0.22439302836173808,-1.0897359142084453,-0.303767149605046,-0.9338307932181268,-0.2671182608307039,-0.7541137174377767,-0.28074276069651216,-0.6839482254260385,0.13576110916983608,-1.067190216333495,0.08524989122883733,-0.9142509220297566,0.11489602836709134,-0.736084718557306,0.13097896408410906
2,0.0,0.0,0.11264425653474609,-0.9514297040801791,-0.25433439689288545,-1.6780645688335292,-0.5940176160105654,-2.222095087013155,-0.647303060303146,-2.7609734791701563,-0.9243076203655126,-1.4331161343460024,-0.8258236236936086,-1.5839597765926092,-0.5742931293578558,-1.4306382669699316,-0.4549461542858293,-1.2977455570072418,-1.090072314017542,-0.9188590462127069,-0.8838908103415081,-1.036487661848168,-0.6502649743988169,-0.9642036084418167,-0.5357750250024608,-0.8443607775018996,-1.091661157903835,-0.40298769885223223,-0.9322277080591675,-0.5552394536721658,-0.7163782343821871,-0.5369270587623154,-0.6109625885645681,-0.45969728270780824,-1.0174478490756884,0.0017457001820639052,-0.892323504923183,-0.13516237691998792,-0.7178890352015174,-0.1207192751195592,-0.6280696801869494,-0.052001841217533644
2,0.0,0.0,-0.483987185063707,-0.7739192325634848,-0.7523803274550764,-1.7098781013917053,-0.7789971400800404,-2.397635735255744,-0.6257793789583123,-2.8917299652893553,-0.14123841769302903,-1.5433242451474163,-0.964975325885753,-1.2479941382645467,-0.820808344558536,-1.1710670723719532,-0.5706608694268265,-1.3173769473473718,0.08400564726012764,-1.0008101524251927,-0.9176767026825475,-0.7385285282447979,-0.6932124867723491,-0.7761349666609278,-0.41965868507975684,-0.9076819861808041,0.18351514029097474,-0.49491104993093593,-0.7679425399788598,-0.31004608014861923,-0.5648937307912069,-0.332637632008376,-0.2891595926276928,-0.3915311017548679,0.18700361571533577,-0.0010836393399025399,-0.5289523967266345,0.11505707453566828,-0.36319553770881874,0.07253272587485868,-0.09314075206715158,-0.0016141317693670236
2,0.0,0.0,0.13533853240081503,-0.5573827562565671,0.3587165833972734,-1.1145628842857194,0.4716514463319661,-1.622635021759119,0.4531637610194006,-2.038141427510717,0.6856484627233992,-1.1350748133590771,1.225221135506361,-0.9776602005881713,1.0512519596367458,-0.80624079722208,0.8453759727460624,-0.8183334622909582,0.7524171137238893,-0.7460644945579709,1.286729198944816,-0.5996678426155708,1.0966891991954608,-0.4474061839015942,0.8760023935293125,-0.4823067556347469,0.8013862815202162,-0.33384529351580455,1.2955893933878249,-0.25304045881447323,1.1003895086361357,-0.12003011251557248,0.8827125679375702,-0.13703579861958207,0.8244031358033036,0.05969460195849465,1.1620294638886122,0.08188545063043101,1.0131554066667652,0.15081818740781644,0.8465629990722551,0.138470096615648
2,0.0,0.0,0.13294831616065003,-0.5599299114431147,0.38748012334452414,-1.1690421052774753,0.4679585103081753,-1.7171055409333222,0.3659050205066687,-2.1568147630869703,0.7000013918385427,-1.2468209073398901,1.2421005471243212,-0.9023807809472448,1.0455713163002605,-0.7583938236264222,0.8358519415711222,-0.837112255537708,0.7312255751708271,-0.8721228806292881,1.2691042228598752,-0.5778279351132697,1.0642708387316429,-0.4515278914695418,0.8420847631598177,-0.539345206388333,0.760478904990745,-0.4585603080219322,1.2588708880559953,-0.2512270262003279,1.0573346697211787,-0.13277316678765022,0.8393891973867057,-0.19568288705428732,0.7827922582051335,-0.0405415799899213,1.16447531806287,0.05586926545799794,0.9859543196327963,0.11811857951387968,0.7854935353708434,0.051685353080505696
2,0.0,0.0,0.035770065102288334,-0.8185794974151068,0.21881526574648305,-1.5098544874408073,0.28597838011822885,-2.093562142347768,0.25573005413409045,-2.5721318976502636,1.129969888612775,-1.5058479559421907,1.1878804809818038,-1.1128655798983422,0.9783583382609652,-0.8986266697292026,0.7683439081371299,-0.9061784599937311,1.3184759268407282,-0.9777625746398128,1.2512840534110754,-0.6878884699813737,1.0170922780369664,-0.5684763503266107,0.8039532608569966,-0.5946924872212545,1.3686689414349409,-0.4245096342502053,1.2108076530677658,-0.25491944343327955,0.9808603762988769,-0.15637963298186658,0.7921665583398836,-0.183238901357745,1.3171033867045379,0.08551082941333542,1.1126349435319898,0.2206437215359644,0.8981577843046987,0.2472013017553671,0.7349580253256441,0.18564902319097346
2,0.0,0.0,-0.03700113041498677,-1.034687771451473,0.1446090337970613,-1.8664443927999137,0.3049509677445609,-2.6062124783405287,0.34092413472513594,-3.2080154996344343,1.2181866487924133,-1.898515185986409,1.0617634397980642,-1.564264175236761,0.7353177936614465,-1.2062228450640062,0.4723590705101175,-1.0394104798110093,1.4746437808822799,-1.2964778494978946,1.2587757788299117,-1.0891753866991298,0.9487886540915521,-0.8691739350386439,0.6900281681597533,-0.7237825137056678,1.5620003109865468,-0.6739216594501697,1.3175035889882991,-0.605748741085145,1.033019953226254,-0.41951027331876173,0.7850475301319432,-0.3143945333890215,1.540087906757097,-0.08267763051054308,1.3193151740083668,-0.06479223909903319,1.0544880995488755,0.018657598037059884,0.8422519058848309,0.05596384725055602
2,0.0,0.0,-0.03996482944760988,-0.8993443163577249,0.1691128439411539,-1.6110032044745004,0.3594662149794284,-2.2226116878083833,0.3695586527045668,-2.738320338746209,1.1141265884525726,-1.3331202476486932,1.058103104556914,-1.2300294896263946,0.8315816801631799,-1.0856798364299811,0.6644638648415684,-1.0233601809246935,1.2721520302420217,-0.8075592304894736,1.1271799505552833,-0.8067641769061745,0.9178483087993078,-0.7412655820092926,0.7677300548283664,-0.6407734099611448,1.2401081579822264,-0.28298807799041054,1.1097086608116997,-0.3790317237992262,0.9433068526940342,-0.34367198341973154,0.7804957901055602,-0.27638235055970223,1.1398110519992564,0.16858348818780908,1.0513969117279311,0.05590567929159056,0.8907369306111415,0.042112341082807356,0.7409654607560715,0.06296834579262352
2,0.0,0.0,0.010293086014200883,-1.0300088863430994,0.25879328125845963,-1.7384587718410036,0.5114679172823913,-2.334759796487039,0.653120414343839,-2.8581412602558514,1.3577143813675658,-1.3120090413675263,1.1206983947116105,-1.4112354116723966,0.8170857180077409,-1.2486091781015434,0.6264811581383245,-1.0927160071086057,1.479659108532707,-0.6718813201188911,1.2572232048222942,-0.8214696060593334,0.9869811063428083,-0.7702176845646903,0.7766676162043876,-0.6299106396461279,1.4007665291945068,-0.11702706767264548,1.2389415329713573,-0.306006525579051,1.0125122066220997,-0.2788276960691451,0.8216865957537876,-0.16960529516066344,1.2610750619920297,0.3473372605090791,1.1561065873930076,0.16976020491579516,0.9521449774013359,0.1382943784745477,0.7888294824480988,0.20191355218037993
2,0.0,0.0,0.09187030060783687,-1.05310659296037,0.3500791034611384,-1.821731171670947,0.5079846625664871,-2.46529170552179,0.5668675942353861,-2.9406448603928004,1.3042605071826732,-1.2863972410908358,1.2772041589680885,-1.3470171145432954,0.9940899107220749,-1.32702049660928,0.7202849441885101,-1.2644155468327511,1.408731806004975,-0.6525678176713067,1.2805630533579007,-0.7897432489326486,0.9898764651829987,-0.7987475067221308,0.7238931835312237,-0.6899120660178586,1.3534776906894659,-0.0928138170679661,1.209665568278812,-0.26639845310247967,0.947104122461271,-0.27216909418479673,0.6903308687057415,-0.21865555189002628,1.242905308201633,0.369797326544827,1.1004270602477624,0.2166571610296371,0.8757563639720886,0.17665303145007177,0.6619751427875664,0.17919731829958
2,0.0,0.0,0.06631554207137969,-0.5213445883407474,0.24568039659266772,-0.8828513220855738,0.48120303258758845,-1.0910728264419487,0.6681577166290131,-1.1636137083873765,0.7023760420466663,-0.6919622955040474,1.1278973270836306,-0.8361269686074195,1.0395764106536505,-0.800902764484467,0.871008705047368,-0.719338954527229,0.7841162747496943,-0.33862251274516086,1.1825772317434013,-0.4794213166004214,1.0664714624862548,-0.4877266383673732,0.900799165472644,-0.43423595369774265,0.8124703695954119,-0.019900024489178113,1.1561630183748128,-0.1734650703458981,1.0515595124709112,-0.19480069168807346,0.902859160474957,-0.15381103835629648,0.8053302451135634,0.26094653737107343,1.0552269147126445,0.11651972851034002,0.9870966014119671,0.08116176596574266,0.8707717450848853,0.10448377674199832
2,0.0,0.0,0.1638995278286605,-0.5789229918027021,0.4147058338294277,-1.0925064441378856,0.5554346887715893,-1.5125957576837503,0.5723545219203311,-1.8854392484638256,0.6792031761741693,-0.8817633048174133,1.2332374824313104,-0.8519197409011807,1.0677347102773707,-0.7699624301857456,0.8597266455912722,-0.752416639722723,0.7335093873547234,-0.47515267297311353,1.2699603115357911,-0.4773212154188875,1.1148132693507484,-0.4229819691844405,0.907344017785041,-0.4203889073104796,0.7694636768146156,-0.09638109872894748,1.239162148476033,-0.175471194594437,1.099975593880417,-0.11849597888729467,0.9196641943207758,-0.10002292863569201,0.7882139177483081,0.23349365948131048,1.116554444518862,0.1329004015243871,1.0180452428066646,0.147578217710938,0.8812951183639657,0.16568370552382428
2,0.0,0.0,0.2593273976094677,-0.852782092995109,0.5980310905696959,-1.8691653724202444,0.5281173407709269,-2.8485323897009804,0.19907714362631473,-3.686555415277611,0.11121189969168138,-1.52913079574683,1.51860749634423,-1.353432309324698,1.2599757537223266,-1.23262571692874,0.8078958279031813,-1.2469706479725347,-0.018450246101647416,-0.7047810473117806,1.5739521167254553,-0.6248203490632003,1.2917989339720068,-0.6000331575755785,0.7765694230593139,-0.6300316906071667,0.011622172624060314,0.044104770928520165,1.4672199490231015,0.01922195158710798,1.1738148692133206,0.043706447033597724,0.6986859952173825,0.052381474620367977,0.11810623498921777,0.709724329675043,1.181342550798412,0.5703794871978174,0.9568156916068861,0.5556776458965684,0.527960721923774,0.5888469576077755
2,0.0,0.0,0.2632559430419144,-1.306682979091801,-0.1870303866558007,-2.5568685440945242,-0.6688614169027206,-3.372708078387748,-0.9892899012039135,-4.211424626742475,-1.3701895861216475,-2.1870568065910305,-0.5647178858098884,-1.8568509746586173,-0.11758842543443107,-1.5158764311604593,-0.14475962818240373,-1.4890566211079341,-1.6333357293597213,-1.340140762110957,-0.5743806017794361,-1.0655499470580012,-0.13282627226332688,-0.9228221984019043,-0.19378299128410414,-0.9810444191212674,-1.6186509636368176,-0.5131866218775222,-0.602653634728923,-0.3005655498322191,-0.16797270628692063,-0.2855514680056874,-0.2049667427760507,-0.4162835464382517,-1.4516750362975093,0.1808421096991333,-0.6203545627416969,0.33145078509523107,-0.25904472901752706,0.25467822907936216,-0.23042830093038388,0.10405489149398069
2,0.0,0.0,0.05916841214878152,-0.6667421230381302,-0.0981243945747736,-1.377516097269653,-0.26223118377324983,-1.857369328087096,-0.25908331811200047,-2.228765242927503,-0.6340104140329555,-1.3252560681994097,-0.8123735080299416,-1.538214398967499,-0.5613708271779955,-1.2186011599048847,-0.44655820139952135,-1.0870353741694059,-0.785088559693026,-1.0271206440880893,-0.9157368187163073,-1.1511643067975945,-0.5993964059602686,-0.8763361287397501,-0.5169920242944598,-0.8559902142056981,-0.8811737742740072,-0.6728363575871061,-1.0390918829785822,-0.8058343845651679,-0.735359663810257,-0.5845829471669235,-0.6402761294094433,-0.5628249229311177,-0.9549778166054776,-0.2916824491320761,-1.1076040052092058,-0.3781664603420984,-0.8765787954210944,-0.28296095782229824,-0.7668709661646353,-0.24856540417239092
2,0.0,0.0,0.481622079149673,-0.0965845749144792,0.9442917430785923,-0.4267211743944316,1.2813667917078686,-0.7911490549073079,1.5653965673311414,-0.8549286512289871,0.6499711013790209,-1.1276234988288842,0.6052270334120267,-1.5648426669633422,0.5560487674347485,-1.0913345075137184,0.6245495267088665,-0.8740736867533789,0.3341930445526835,-1.188614031774414,0.28387281534669295,-1.577037975035889,0.26814936409834705,-1.004106805473397,0.3814857281018297,-0.9243747288057028,0.053967753915944425,-1.188084559929088,0.014855536731515389,-1.5564698142846656,0.014771674830611673,-1.0556606282663417,0.11026248839022389,-0.9453353370463116,-0.21404982719526822,-1.1642624451077546,-0.27190817429956715,-1.4734379683677405,-0.23926876680352907,-1.1410445852331115,-0.1814988677978395,-1.004225297846772
2,0.0,0.0,0.44177119747221566,0.03267326903384098,0.9826546407965789,-0.19336642854948666,1.3961026155228642,-0.3761272288030991,1.6777228681159373,-0.3227358710128687,0.8363335439281663,-0.9873759128729668,0.9060762952727257,-1.3174998970295795,0.7619631144029806,-0.8735795047288736,0.768435492271415,-0.7074880472927879,0.5706597113019921,-1.1516421993475714,0.6065401911600166,-1.431275516529518,0.4738985621102012,-0.8874807180851214,0.5340774572140171,-0.8454355502909786,0.3098993782150392,-1.2471638593794354,0.3527648425090538,-1.539678261450894,0.25822780825942765,-1.0519829691700018,0.30304596519789845,-0.9853332260979706,0.04448922839134723,-1.3324938191188436,0.06950093711579854,-1.5535882492348694,0.04197191257188323,-1.212071908093202,0.055156772649032945,-1.0967240011386
2,0.0,0.0,0.29872696494252704,-0.004762510777166853,0.5881844283615146,-0.20461333529017733,0.7827458515953568,-0.3658880138065551,0.9562778396531065,-0.41807422244876447,0.5495216515095217,-0.6697503848011354,0.6575186272628428,-0.7973917951786078,0.7077721753084995,-0.8037047796399576,0.7500595106293949,-0.7989855842904708,0.3708330779319257,-0.782819364844858,0.43449746498417613,-0.9128320557647921,0.48646368044479255,-0.856740899828445,0.5597066526086341,-0.8286908126832576,0.15415400480260835,-0.8291085264448287,0.19113745482119962,-0.9276930734274389,0.20988032732600317,-0.7933411878027447,0.25733818562297,-0.7177802253702437,-0.07933732986087536,-0.8317353270180844,-0.03785208148156396,-0.9121093576670003,-0.026022050622702,-0.7988325455554497,0.003149318539970782,-0.7300107531329869
2,0.0,0.0,0.27467888249041605,0.05950617023076679,0.6382267244872786,-0.146944218225472,0.7988456755110349,-0.4038496552822772,0.8815766136271648,-0.6619244207536409,0.64121985876087,-0.6774430545363046,0.7902782227598637,-0.7426032308106804,0.9743107665537044,-0.7382290763710355,1.1303702029298786,-0.7248904172207873,0.47745498121735325,-0.8762637050129285,0.6586239696493196,-1.042306434308005,0.7189502288748301,-0.8251332176733452,0.7460869633168686,-0.66584851367906,0.26440472995550707,-0.9940031232240656,0.4456925568011603,-1.0588159656508578,0.40964640600938185,-0.6802210323816171,0.3366182952264997,-0.45221030676698987,0.02037784297205128,-1.0145859018278833,0.23744226875569743,-1.0089734719056809,0.2409571833529407,-0.6975794095365196,0.17476557280000474,-0.4957068985148176
2,0.0,0.0,0.26232718355386037,-0.45044989639344885,0.688481333683061,-0.8869126240034114,0.9329435085760126,-1.3142103229788422,0.9873144271754855,-1.7354047662242151,0.8611133828934274,-0.9395913500234733,1.3912269986272432,-0.45743008933312473,1.3372018229720528,-0.29270751867558786,1.2240765171297505,-0.30954950155887184,0.8116952725509596,-0.6316488227126752,1.3661395334847142,-0.06119974755063067,1.1998026841507032,0.04168637288071298,0.9971125062713796,-0.07593846085619592,0.7604295476247849,-0.254140136721818,1.2875710726028198,0.25879021700178695,1.0912783565974564,0.3178578830626753,0.8861911087980894,0.1967082568210269,0.6981394112346153,0.15131082851136585,1.0844556146699655,0.5075993383960936,0.9053550883095244,0.5230477986612247,0.7332785814591611,0.4190177235820731
2,0.0,0.0,0.27918638748495544,-0.8150745334473491,0.660857675518032,-1.388212343026003,0.9746004758264524,-1.8857400577714658,1.078501484852485,-2.3879243411077926,1.4126828898650223,-0.8425648294345124,1.4216531797310454,-0.6836702454362233,1.1861978569400302,-0.6253203250731955,0.9948563568560003,-0.6631061384187837,1.4497767575061236,-0.31250460698732635,1.3686460034420662,-0.27892191900860525,1.1489837763551336,-0.2821950770422701,0.9589939506111407,-0.2834265384385116,1.336166389435613,0.14876015198455014,1.2807448563834445,0.0857017310389387,1.0926587228173976,0.09166285049587176,0.9024183732985349,0.06718893769442608,1.1794731448641078,0.536028554680747,1.1328492758906719,0.4599520336256292,0.9680733938301299,0.4149659457984636,0.8135699482428043,0.3733188926981627
2,0.0,0.0,-0.245062675953434,-0.520583952087077,-0.6193591014510006,-1.0915616441876448,-0.872059074257592,-1.5333331386212217,-0.9075625901235297,-1.939869643627822,-0.7101037135334709,-1.0591782740448397,-1.2685581382045725,-0.7804703728481425,-1.1562825690411895,-0.5974789451999504,-0.9776240915262221,-0.642060387131412,-0.6783247105138777,-0.738781878016565,-1.264160274178991,-0.38488657391075726,-1.110103953140874,-0.27752964099620325,-0.9421644081921009,-0.33515105241670984,-0.6703618005672267,-0.37418788779973544,-1.1613850931973055,-0.06643049795755646,-1.0019908046893158,-0.006982731044698754,-0.8303229898200424,-0.07484279571849667,-0.6661142195078731,-0.022703581670173157,-1.038001108113588,0.1781003432765049,-0.9062367603992537,0.21520562509082,-0.7509247416877671,0.18050862781030458
2,0.0,0.0,-0.5135113187563007,-0.8360012779639303,-0.6176158467395798,-1.7193342011600863,-0.5856263500386489,-2.3536433421779877,-0.5972999631615031,-2.9268237992909105,0.13890746724358552,-2.1751707728283853,-0.541121353432966,-1.8262183311556255,-0.6388682605809183,-1.3618165244239115,-0.4973294844543024,-1.2350781729483429,0.4339766787372773,-1.8235311716135345,-0.37932667128332365,-1.407373879506967,-0.4657526773523412,-1.0237423054535917,-0.30952160124960804,-0.9508924115586781,0.5822918180789745,-1.336161537940765,-0.1929455935854669,-1.0125099950752356,-0.291709918158079,-0.7214914695586304,-0.14583349921989308,-0.6881904453121741,0.6289092351785833,-0.8329143597636375,0.025668742803112075,-0.6092451260404793,-0.07319902929564177,-0.45443837930698994,0.047158865853457035,-0.44441442407441706
2,0.0,0.0,-0.4787244620897894,-0.3927971631649317,-0.7879841269923014,-1.0815447813450483,-0.9595603907563571,-1.6191504562116843,-1.198277128752161,-1.8879595864156347,-0.34216698283523655,-1.6684742815610767,-0.20768176135583002,-1.8852457080656329,-0.27819467658721475,-1.3943662754402653,-0.346565145447939,-1.1392526344286096,-0.005206541609314025,-1.5828138203139928,0.10495034454631848,-1.7843837281931956,-0.03970835080840908,-1.1999258346578252,-0.13890710299679995,-0.9903054158879655,0.29246668038128454,-1.4188202241470458,0.359660885193047,-1.5737394030325678,0.17931782381963027,-1.0270164716382795,0.05164864105356983,-0.816282716525781,0.5469003391201915,-1.2014743402926518,0.5759240494542246,-1.372774690267445,0.39672288392093175,-0.9876063013459857,0.27518818440281073,-0.8246138607836746
2,0.0,0.0,-0.5091529518222112,-0.0957110384296723,-1.0358588383857155,-0.39567293072260834,-1.4345907549317691,-0.7175983412278819,-1.7407525680859066,-0.6675636050275315,-0.8412296801530967,-1.127121592190652,-0.8118652222913121,-1.4981895535107221,-0.7043505621805447,-1.0183511676043928,-0.7120727517803064,-0.774118240251642,-0.5442317306554384,-1.2705124556862974,-0.5353478037090015,-1.6110114975863143,-0.4477547041151425,-1.045364721490351,-0.4839356208664554,-0.8751036023560858,-0.26124461349539374,-1.3336377322899975,-0.255566413389763,-1.6385289375503487,-0.2051245273050891,-1.1053802173030578,-0.24628515691939512,-0.8829366378628077,-0.012699644908641602,-1.323148119980516,-0.010065530769308752,-1.602015483078155,-0.0244019024100521,-1.213496741340416,-0.06977061289144455,-1.0122855712129295
2,0.0,0.0,-0.6212211419162335,-0.7357211601238826,-0.868103343787865,-1.5874332719068014,-0.9340788432543006,-2.2533622276408254,-0.9292163671117086,-2.8174146840960375,-0.25761071049890427,-2.0315202248478634,-0.8869885008387677,-1.5125505745633672,-0.8901070366412522,-1.1558862552616953,-0.710469886659813,-1.1757007043558774,0.05317323794768812,-1.6917074067795017,-0.7231558101895507,-1.094519660301612,-0.673471582417116,-0.8439361031874081,-0.4778419121794728,-0.8784458474855835,0.2545638976313917,-1.2222155690490755,-0.5040162654641076,-0.7059761906474317,-0.4985444267480132,-0.5039902870782123,-0.3293906849703989,-0.548249550178668,0.35169199976654414,-0.7412813818267733,-0.2540511068837177,-0.3843284765426548,-0.29103077445827236,-0.26124316654410185,-0.15610186185526345,-0.2825132523697043
2,0.0,0.0,0.08018643819540164,-0.7049367398171614,-0.04737473601441335,-1.3922020541954991,-0.2024594272685832,-1.962906510011807,-0.11085383023809887,-2.3956051505423672,-0.6807597937543705,-1.3473821224730407,-0.9360732422771749,-1.3032563201301954,-0.7908394830405316,-1.1230067138332303,-0.6231588830441096,-1.0316070596323808,-0.8586424490161422,-0.9425766756427338,-1.0260090325808915,-0.9050322309793634,-0.8620544207611711,-0.7933488314827022,-0.6910750248089789,-0.7227830311270937,-0.940026045867596,-0.5171681329801212,-1.0403508170230198,-0.5347855216179258,-0.8822409925821888,-0.4472902002289007,-0.7111924851849164,-0.38074329997998113,-0.9769037274282639,-0.15123439524336432,-1.0380474114104838,-0.1743695674427329,-0.8722745655993941,-0.10295100606846813,-0.7126665534564909,-0.05053484524482151
2,0.0,0.0,-0.130132900750171,-0.6612585245880906,-0.4352723212568873,-1.1839132112080861,-0.6718589646031227,-1.6448957660233103,-0.7420980835454374,-2.0934690991688867,-0.9846405351500567,-1.0042475571080194,-1.2623486692070367,-0.8671572186159081,-1.0788607513502324,-0.7766040171687288,-0.8953909022901881,-0.7709827193977324,-1.0572659240013331,-0.5419493085918692,-1.2683465587420857,-0.48159191949872093,-1.0916822268828015,-0.4325289548645879,-0.9096200797387642,-0.41544110357070385,-1.0469262928026937,-0.08409503308939942,-1.1787205718654903,-0.10589979132697187,-1.0267415448430592,-0.08969921305293888,-0.8620679993600314,-0.06554741321516018,-0.9953220470031833,0.2998222015654063,-1.071494388207932,0.24479605850578975,-0.9172860045115611,0.24131829062412274,-0.7764970308721231,0.2590404517832165
3,0.0,0.0,-0.10241534816807737,-0.09264382858320143,-0.13456484691214557,-0.2416443681047514,-0.05526579587633627,-0.34130404495190864,0.031145048209534006,-0.39643848784726765,-0.14271512805181136,-0.4826904519361471,-0.18842802139161127,-0.6495293544843224,-0.21329908012975252,-0.7660208878638685,-0.22706612895599076,-0.8675735896068755,-0.04434682233763607,-0.49916034534095594,-0.012849062819182175,-0.723949327596726,0.011873167280512624,-0.8757774970287749,0.038975627615499414,-0.999240161548753,0.04115174674035104,-0.4463347451912274,0.051649362760072766,-0.51211911645425,0.008955874682998695,-0.4031718700921305,-0.013694062256808267,-0.3191059622666636,0.10646513190158248,-0.3557537866192785,0.08980089319491899,-0.40787362149121686,0.03809590530290193,-0.3232024619734032,0.012446094717540533,-0.24934439406962372
3,0.0,0.0,-0.10509646701301621,-0.0987551816565178,-0.15908191000924674,-0.24097285134867477,-0.12079149011226248,-0.3405675495920946,-0.06590334871354729,-0.4067347059610037,-0.13250499794110857,-0.4959220271732702,-0.18808849294079752,-0.6645831137728427,-0.2224260415621327,-0.7727952930050381,-0.24088880538876728,-0.8616833551980688,-0.03658309635799394,-0.5154410235717857,-0.010437376605902908,-0.7396484151284793,0.012501394499283221,-0.8853750036467741,0.03910093885957038,-0.9992352658810136,0.04429257450081248,-0.47254222106248256,-0.00838750389511572,-0.5056266243825884,-0.06287250758992681,-0.40792502307621525,-0.09181036850937932,-0.32677293177423483,0.10599303583637719,-0.39203992408587385,0.026939146619043796,-0.39560845896281555,-0.03178127837371407,-0.3233710742988488,-0.06035938014921474,-0.25373475296071474
3,0.0,0.0,-0.12041260040291529,-0.07035756349307766,-0.19086909719643338,-0.19257088898035604,-0.15548723573599282,-0.29918136719618293,-0.07468548992300049,-0.3659746094699386,-0.14755420995822924,-0.4695818132744447,-0.22156839573283724,-0.6685866104981973,-0.2762266114400994,-0.7929698653186721,-0.3110253572474171,-0.8911346949763503,-0.03868286254873082,-0.485562900857299,-0.019994663297618908,-0.7147623962387747,-0.010621254392190081,-0.8696778982850736,0.0037079714447858557,-0.9999931254502525,0.04865178273157656,-0.4408751692667888,-0.018047218043457457,-0.4498857455059654,-0.06322521395184105,-0.32197402409905657,-0.07104575233530996,-0.23419898661544203,0.1125464183187748,-0.3615982590123997,0.02197535662815788,-0.3455622020489143,-0.012402980575766007,-0.26457208908543467,-0.010129599910844422,-0.20519901811514543
3,0.0,0.0,-0.11882482377484725,-0.0722085224158579,-0.21043237068921075,-0.2071631140967095,-0.19540252636775327,-0.3130676352963615,-0.1118246219065818,-0.359708766228556,-0.15801731837608546,-0.47657558817901585,-0.24817544263632643,-0.6538416576461423,-0.30444505792241877,-0.7667842288772491,-0.343853419596042,-0.8554030668678884,-0.05989741327198182,-0.5002982866972719,-0.057646021911774155,-0.7288951248732519,-0.0679282927857606,-0.875423979395639,-0.06820916444659604,-0.9976710429222134,0.02106201682678063,-0.460840059700474,-0.07073312148941395,-0.493353487470998,-0.11143294496176323,-0.3742370413897401,-0.10904930593406907,-0.2950737054476205,0.07915850551506667,-0.3866904714087375,-0.028816796199129916,-0.3666304147495639,-0.05779405682865325,-0.2699263843946235,-0.04438066779435079,-0.20304311326641766
3,0.0,0.0,-0.11331670925915427,-0.05893298571890569,-0.19840471363579557,-0.1653011052326765,-0.18993733024240997,-0.27034466205633995,-0.12578881988931379,-0.3359910146200833,-0.15595112988887805,-0.459706924263781,-0.23679732852585736,-0.659185188200117,-0.29071067374146314,-0.7767537909280301,-0.33132889808079424,-0.8720660292574548,-0.049314960182216185,-0.47222205113005583,-0.04238755804175855,-0.7231944271628727,-0.046988912038895686,-0.8753269635990146,-0.047433784265888956,-0.998874384550038,0.03720961778955429,-0.42093941022414016,-0.04398216147999683,-0.42912092964214926,-0.08194650334947222,-0.29736061272442094,-0.08155763657498985,-0.21657969755166367,0.10154092184247222,-0.3341225917525808,0.009020589058940614,-0.31345684968185106,-0.020399749909527337,-0.2163674166437127,-0.017296508028832577,-0.15497019101432707
3,0.0,0.0,-0.08227210926171968,-0.1436341273988345,-0.12082035856340473,-0.3208625344181413,-0.12376633655118181,-0.4135798245395825,-0.11057338126688668,-0.46220105457524163,-0.03334346431017065,-0.5317158646021078,-0.10669417442998454,-0.7534857125343599,-0.14987134796472018,-0.8882013092509043,-0.17305388876684447,-0.9914637565440395,0.06374018104583805,-0.5253120634912213,0.05824204358679376,-0.7575615837610132,0.06136054892609212,-0.8943344956838978,0.06489582045882612,-0.9978920445053041,0.13502909836381402,-0.45896431272983174,-0.0038072854592201212,-0.4988640262851002,-0.05417134957993469,-0.378813254447865,-0.06257138869607545,-0.2915407204516438,0.1770918403566265,-0.3569129150939689,0.04411746858925555,-0.3703890782934944,0.0013273272153535372,-0.2907543427423578,-0.006016838912482582,-0.22813363053337785
3,0.0,0.0,-0.17690825252307046,-0.19024917770816777,-0.3119569905381426,-0.44115955665743845,-0.34061435316657324,-0.5762998864752897,-0.2844720598304692,-0.5989873678761842,-0.2011137135071855,-1.0853757952124374,-0.2323720275312162,-1.546721645173155,-0.26427255002190175,-1.8347263489655858,-0.2634090006199039,-2.0535768967959083,-0.01522527197943447,-1.0513755537363956,-0.09008625807994947,-1.2736169167945082,-0.15663420446693482,-1.1220173481647453,-0.1798612887772979,-0.9836919826853168,0.13406496104883667,-0.9195419082739602,-0.11628236635255033,-0.78669442895423,-0.16911378300091576,-0.5783727461111886,-0.1383715521914584,-0.48871140578191363,0.24529947505892644,-0.7228831518397324,-0.011628392959511135,-0.5705221419697977,-0.0639785440685257,-0.42233243170447743,-0.03253903602037796,-0.374334347885314
3,0.0,0.0,-0.10591491156213567,-0.07443809197347281,-0.17605218315748158,-0.21789335954679884,-0.11739650766458526,-0.31042574940033785,-0.020892701422849547,-0.333666585026029,-0.09485875877106616,-0.5078855870279045,-0.12228315430025277,-0.7194641571398277,-0.13866418414349208,-0.8502318957712528,-0.15092674588962926,-0.9535313002037628,0.017573291362852586,-0.5076849383039124,0.04571158825035177,-0.7290415628433331,0.05360585723388736,-0.8754246693905465,0.0575335390019054,-0.9983435740715298,0.10654991376118352,-0.4488582692882647,0.031878117036647245,-0.4568895235362479,-0.021964029575934647,-0.3391791876640355,-0.03883375809099901,-0.2571724897885439,0.1680205888269154,-0.35375539923909416,0.07449216510417579,-0.3396604725355503,0.023419923113918682,-0.27298129667756416,0.010650978401638507,-0.22514133558952976
3,0.0,0.0,0.11059337259675497,-0.13141509293347917,0.15096875041088756,-0.27262414725899115,0.1435043368455527,-0.3297293761637781,0.12917379675989843,-0.3440224462738072,0.1304352037682808,-0.6708289178258225,0.18999397653752545,-0.9897745829124681,0.23861620017116633,-1.1638460384262637,0.27604007786582224,-1.3324251843549977,0.03665500365534679,-0.63871221845508,-0.06849486892985851,-0.8287091531485758,-0.14461290579546388,-0.9079697377067468,-0.2120179407632238,-0.9772657738785915,-0.051907995377773936,-0.5237141516183843,-0.1795312253831824,-0.4820398968202442,-0.15201988183237328,-0.37025389434141887,-0.12083722020928767,-0.31025238422860285,-0.12314211673623221,-0.37964431395648823,-0.17881190045637768,-0.31240321013208855,-0.15975151548703517,-0.2512352005149408,-0.1436125560514702,-0.22376625719970758
3,0.0,0.0,-0.1672863223438592,-0.24777362720726284,-0.29007273934600486,-0.46357045382430784,-0.41239085952792726,-0.49382707100851597,-0.46756450088541013,-0.42551911680831495,-0.10629813003665618,-0.6835732721840218,-0.22498896838262528,-0.9742289603303734,-0.3231867745418855,-1.1452095793999766,-0.4095277896580796,-1.2768406498159721,-0.029204967859482657,-0.5714741152868501,-0.11887553299704852,-0.7660835385699587,-0.21647585700636873,-0.8742663614559357,-0.29968533898939764,-0.9540381007039551,-0.0024339323526947638,-0.4113906824830108,-0.2816292669365487,-0.48821336287608985,-0.35472535427145474,-0.4166014938683828,-0.3520948179950973,-0.3679941005979094,-0.025105957717985513,-0.23455494019607342,-0.2868241320077838,-0.29307851863477397,-0.33723547729650505,-0.2653036727456713,-0.31827430052732814,-0.24004753708189006
3,0.0,0.0,0.03760908745246065,-0.22925954662514253,-0.015111321711183234,-0.43062031152774766,-0.12765998726439828,-0.49460708066085624,-0.233228329168713,-0.49470187170533625,-0.009060987075235543,-0.5215421781163485,-0.052237715391831065,-0.7835692114861305,-0.09081663371812734,-0.9436479581291869,-0.12274240560998616,-1.0730124068621405,-0.09350410794014131,-0.44728117059416433,-0.2561286606270163,-0.6895445674118879,-0.3532226831548222,-0.8128573485098308,-0.42553343899233464,-0.9049427011139197,-0.1697778699919512,-0.35817210867573934,-0.29309153975593616,-0.5232761877308003,-0.24510772059615046,-0.45609969995094096,-0.1988726480960131,-0.39926165668169167,-0.22863037106740675,-0.26060472336956153,-0.2902595091910902,-0.3896853914131033,-0.24207307417372861,-0.34886644221693985,-0.19322102829090926,-0.30540519265589744
3,0.0,0.0,0.07368736973685991,-0.18064114588915622,0.08230067688113343,-0.37163883115248586,0.019700102614080294,-0.46987615249645265,-0.0549542856501429,-0.5187444323084625,0.09508907844168013,-0.46844706180000156,0.11266015453787889,-0.7031171743658048,0.11783941532351704,-0.8524839485131867,0.11997431501799961,-0.9711957140987287,0.01123861708494398,-0.4462852172135901,-0.083408798476337,-0.7133814314526342,-0.13318264870552157,-0.8683457099743566,-0.16758008210490566,-0.9858584665567939,-0.07197298948701268,-0.39283945697342754,-0.1658822935789564,-0.5237240785043723,-0.14073144259085432,-0.4359394698014211,-0.10534364478711777,-0.36941414527071464,-0.14697756590607364,-0.3203004400914884,-0.19876606253883422,-0.4044362644163282,-0.17321392675946523,-0.3389456467733122,-0.13809996581475276,-0.28703307928485433
3,0.0,0.0,0.07854886785044103,-0.23198339815915447,0.10497730800118815,-0.4451837748858472,0.10838978144319386,-0.5517776659497182,0.060392427715775694,-0.6153666360228583,0.018634206302755,-0.5041105890079409,-0.023983762207056957,-0.7687483021596604,-0.07335591584098636,-0.9247755798089381,-0.1173760277945051,-1.0433240653347073,-0.09472107863594866,-0.4411342798863886,-0.2674075306104258,-0.6836425369489281,-0.36392350531525386,-0.812773054228582,-0.4293492153551029,-0.9031385559668891,-0.19114648823121685,-0.3643917426749269,-0.3120795787780496,-0.5231476567587106,-0.28509705913267613,-0.46096886747202864,-0.24889081865840812,-0.39772823749091923,-0.2541648898282096,-0.2795037314513156,-0.3094244384571573,-0.3907852991009488,-0.28694639369833574,-0.36239127292185913,-0.2591154786670673,-0.32142791984919294
3,0.0,0.0,0.0530843171385517,-0.21911532702494102,-0.01649234732856324,-0.4036212894255702,-0.14321891306770626,-0.47713933666472125,-0.24696800355665616,-0.4863309075625319,-0.1189537049969208,-0.5380377660768129,-0.2034585093586807,-0.7766952242204074,-0.26059143346619534,-0.912780489128196,-0.30597943602533095,-1.0127937098892195,-0.2155234653503873,-0.4566318154674868,-0.3992720079377248,-0.6301004615582062,-0.5033043490135565,-0.7396060766584185,-0.5779836194131758,-0.816048366023758,-0.26832378728957856,-0.34697355480914954,-0.2917339568511203,-0.389645359968634,-0.2190349088772459,-0.35688255983014777,-0.17206624294841366,-0.3295904275723669,-0.2972192563670312,-0.2340305106624573,-0.2709114273447893,-0.27492500029663136,-0.21969582691330333,-0.24476216354987768,-0.1849511662016192,-0.22151670226861528
3,0.0,0.0,0.09157882538350504,-0.22579321773079578,0.09591717037635017,-0.42224855131003425,0.10635094698461628,-0.5156636181970687,0.13513963619537134,-0.5653941262794361,-0.12501109901621418,-0.5344237464680821,-0.23252281566082225,-0.7885759916117405,-0.3011708345091343,-0.9361008799149285,-0.35708806785556246,-1.0488948993339784,-0.22170599349445866,-0.4290014152114593,-0.4206094383359086,-0.5914300970263544,-0.5350254162900278,-0.7042395427960056,-0.6160647566299995,-0.7876955094695027,-0.2552156517711673,-0.3035411817908561,-0.26190756894316786,-0.35277332602210715,-0.16732507293331372,-0.3271723277839439,-0.1005056245617295,-0.2958907234566357,-0.2608772910358026,-0.18888276567100443,-0.230979927709709,-0.24250408598478654,-0.16922293554225018,-0.23080197674730937,-0.11199859294761338,-0.20657333363366803
3,0.0,0.0,-1.0174269686923598,0.12190938761839404,-2.0739145508649623,-0.3790756019929768,-2.8501030385647015,-0.9587405352144188,-3.465919380706653,-1.381778088905407,-1.7160339152441637,-1.357059545102389,-1.7033245477556713,-0.9338079842628448,-1.4299774539593075,-0.4956893899017992,-1.1976644355365826,-0.33745049345403055,-1.4515257475700414,-1.8335988859323904,-1.4563021285936866,-1.3086924932391333,-1.048739517992162,-0.8294873989345006,-0.7534128846363803,-0.6575477361103816,-1.1419414265503078,-2.1579188199763575,-1.2839854397528163,-1.8150937308854362,-0.8379212913930318,-1.3804854282765449,-0.5087653703075329,-1.1114698248040598,-0.8153966799351103,-2.3891729339006065,-1.296184565365305,-3.0226513291015764,-1.6548375657118488,-3.467047945250129,-1.9865500822633195,-3.866939692236548
3,0.0,0.0,-0.08237536280492629,-0.23036285057005837,-0.23774329363297272,-0.35105663745073623,-0.3906773269398545,-0.3273995886881169,-0.4964141099127127,-0.26485947000139703,-0.2940428361443725,-0.4354126815014061,-0.4692906522653106,-0.6229695864161879,-0.5785224058065608,-0.7138760077263043,-0.664140018122025,-0.7809395342960825,-0.3628233576426273,-0.2958031720191454,-0.6259502733158274,-0.38865802891096085,-0.779582009176188,-0.4295337421819828,-0.8942352816896497,-0.4475972084155941,-0.40151698429046645,-0.14662224795679676,-0.5439842224077239,-0.20620027300983831,-0.46919092474788265,-0.21482390777631744,-0.4079180086489757,-0.20188732876199506,-0.4129046445660496,-0.003336559409678889,-0.48868923634958117,-0.06214346234621561,-0.4309938553217609,-0.07399807797719568,-0.38170952171883604,-0.07182843020559995
3,0.0,0.0,0.06065760681434196,-0.20881989250622157,0.030503958499274186,-0.40328876936378805,-0.054053998416540426,-0.5039379229143843,-0.12920694435983485,-0.530687313128063,-0.08187207951911425,-0.5402747410124255,-0.1330801915280209,-0.7006230241640493,-0.14210360424728807,-0.7452409725156997,-0.1396423868052541,-0.7526470327427104,-0.19201645659144478,-0.47249913998608833,-0.4075643628416241,-0.630369939219463,-0.5289595394796619,-0.729451037659802,-0.6256177628861885,-0.7801297422616836,-0.2702042622400366,-0.353391685542493,-0.3666145048765066,-0.3767267755954867,-0.297429363890785,-0.32575942403301045,-0.23165512038449945,-0.27742475185063276,-0.3088698421880734,-0.21892817959837343,-0.3418951874929328,-0.21241046815405534,-0.2825471565022547,-0.1793027115691872,-0.23554185378934356,-0.15644947437795675
3,0.0,0.0,-0.1028775229174049,-0.0497411794514953,-0.1436267622426903,-0.17665465663225083,-0.052549081887548324,-0.2815470622674053,0.040922973453973416,-0.34624917907322256,-0.15457773644866546,-0.4647460653927644,-0.1868673768203282,-0.6866221841393596,-0.198621271888183,-0.8339904957162616,-0.2018840081072661,-0.9594611906315279,-0.04188044497886224,-0.4663882628780924,-0.0015960952855514617,-0.7049386809337912,0.030715667953789265,-0.8556583749058567,0.07025263601246796,-0.9975292312174615,0.04968610434035289,-0.4044983802586427,0.0963576198725003,-0.49821997535935747,0.0504539070836108,-0.38002445509741517,0.022805427763275377,-0.3002611518585673,0.12401306093441272,-0.3067761043316838,0.14186497750760646,-0.3637031934389492,0.10328548097381658,-0.2854722468738812,0.07919228572416626,-0.23302217642209452
3,0.0,0.0,-0.09974341582991922,-0.10709413874502394,-0.12483803862750546,-0.2881743537338504,-0.02015642746779838,-0.4187572025024547,0.07177896240851883,-0.4962529271323778,-0.17286109054076496,-0.48061235023259063,-0.2138346298069433,-0.6793034068568455,-0.23237647268015388,-0.810376281236924,-0.24334795168258447,-0.920506234671587,-0.07291483540754783,-0.4952942844664909,-0.05443613422794901,-0.7225285030387897,-0.030729680209445682,-0.8688099215073224,-0.002468894419099041,-0.9999969522755294,0.012356937837581652,-0.4469656863749169,0.05379184505815504,-0.5528236841954339,0.034392440427715006,-0.42739270983564276,0.019374608643463742,-0.3414206870785269,0.08141430355535775,-0.36856335000259804,0.10696514541386855,-0.46030809532331063,0.08694882204734608,-0.3736874474861099,0.07027169159363174,-0.31031703460648785
3,0.0,0.0,-0.0933526740830582,-0.10639122155638957,-0.13583120593731784,-0.2862860391217227,-0.0820704394751757,-0.43748214110133665,-0.008530521295266923,-0.5261235578116439,-0.16373157503059674,-0.4645324602037094,-0.2212829430218401,-0.6769681748375295,-0.24497648815750783,-0.8122338235703025,-0.25763896526206975,-0.9163826143625851,-0.07065440584975795,-0.48949913449514887,-0.060691259062950136,-0.7404752669638808,-0.047987765085053286,-0.88758734851629,-0.03558806776839299,-0.9993665440830568,0.011443337026041287,-0.45638616323395925,0.021423532995138907,-0.5650536359432373,0.0007107532298063754,-0.45645300097032726,-0.01206970915799302,-0.3747809934725765,0.08108949376951557,-0.39182208357803927,0.07466207559105623,-0.47377089319840104,0.04794748948051359,-0.40337092786259865,0.030095513085491576,-0.3393729304766201
3,0.0,0.0,-0.1358838894560258,-0.13916428623900676,-0.20530927531545837,-0.28267820596619203,-0.22945525050767884,-0.38625615910488975,-0.21461122068975758,-0.4425592881897342,-0.1013991185386222,-0.5247629780006868,-0.14701493332977655,-0.722543856538457,-0.18227368941399194,-0.843747656876123,-0.2095056215100997,-0.9393797519124972,-0.030444390586957023,-0.516627550147738,-0.06664283795911535,-0.7339660123413955,-0.1026395402594777,-0.8821892245441373,-0.13194529481056502,-0.9912569995603325,0.01672243836811352,-0.45864410498814606,-0.14214663115973264,-0.49143571486696735,-0.18785948326061627,-0.3736797828549832,-0.18993768883121723,-0.28846702329333523,0.030313018871526803,-0.3781772247421722,-0.13712516344936326,-0.3703270037876433,-0.1842740946823131,-0.29998134627753487,-0.19332486318086387,-0.2481601964219928
3,0.0,0.0,0.040227448809598665,-0.18831041728453712,0.04252686401927839,-0.37944736289231706,0.03574392984365374,-0.49293453669953147,0.034797327639714465,-0.572102051827085,-0.025208656145326292,-0.5522227066870667,-0.13331558972197444,-0.8468748750608122,-0.21001814781846898,-1.0157122016857132,-0.2747045536118761,-1.1434024706600348,-0.1044346132140421,-0.48138382335386276,-0.28878574185986206,-0.7065955655171211,-0.38814935919567684,-0.8099824169340012,-0.45386238635312004,-0.8910717896184635,-0.17935176564016833,-0.3746486592870391,-0.3493211100446695,-0.4313846897961612,-0.350856848946963,-0.3678860793300853,-0.32210620932425377,-0.3257421017504402,-0.2456111244867437,-0.24981632353558356,-0.3546521681932112,-0.29578995172601624,-0.35348490179887415,-0.246637396422133,-0.3273271100919199,-0.20884371813687433
3,0.0,0.0,0.10374667595873166,-0.07417320083906931,0.17128658549470158,-0.23354752113394292,0.08581329691598115,-0.3622695874234851,-0.010112555523668996,-0.42686040146367266,0.1567513042865775,-0.46369152932967533,0.21479525809364888,-0.6552093629891101,0.2474845537316647,-0.7751748457763382,0.2730118935372338,-0.8766371903720472,0.0621680064449573,-0.4756061410743897,0.05045513739265759,-0.7281549297617665,0.05209660570852708,-0.8784701728513393,0.048099055907146325,-0.9988425705889998,-0.021411710662147303,-0.4275263388688756,-0.009233232953345709,-0.5150261096282914,0.028346141892337473,-0.37924274826514837,0.04494060649002288,-0.28601855117139824,-0.0890167819445786,-0.3469967089393958,-0.05944318648928104,-0.4063449205285944,-0.01833620258158622,-0.3010509990563557,0.005742145756617605,-0.21681461038795866
3,0.0,0.0,0.10486636867772577,-0.07744049076516335,0.17798276208232375,-0.20665428552224235,0.14035108320827314,-0.33154600208194696,0.06712031014762328,-0.41021812300643523,0.16026359550016964,-0.47102029336812773,0.22844343183866592,-0.6482633290767329,0.2695682630330546,-0.7581351439176632,0.3039628076019487,-0.8528398362883383,0.07349944053935115,-0.48434237577907907,0.07128317138867626,-0.7257978593981569,0.08661871582391764,-0.8776818385751681,0.09284082658397305,-0.9956809634211176,-0.006923651194604093,-0.4412725559474345,0.05485050869491866,-0.50747266216436,0.10572997665192428,-0.3801789134404135,0.1220174971445444,-0.2875350740418631,-0.07466901112413077,-0.3713464997716852,0.0035044952664989677,-0.4080887966472764,0.04927031366812632,-0.31900515766443405,0.06778437728883409,-0.2510127471797798
3,0.0,0.0,-0.017871902338259058,-0.18694695949118326,0.051136747128071904,-0.36198355090604956,0.15446214548657455,-0.43543833397843673,0.22652350802586488,-0.44570699474998426,0.020691611046233953,-0.4408463520310177,0.12222847934347501,-0.668067093693523,0.18118744608477574,-0.8021844131568616,0.2223311042404387,-0.9125419516376214,0.06415177501202719,-0.3802386997170534,0.2181924331177972,-0.6403532167741021,0.31346435206506007,-0.7960318139199787,0.3821994534299417,-0.92407985466509,0.1156092433325126,-0.2814578983245929,0.3094031397160432,-0.3825796294648131,0.2987248546191112,-0.2997665704503446,0.26101220143894754,-0.2484659735921189,0.17153454767220488,-0.16790326640814446,0.3243934361101066,-0.2378308839734514,0.3025236840953093,-0.18036861613008034,0.2586136311983825,-0.1505201219531892
3,0.0,0.0,-0.08554155745919167,-0.652222636486124,0.07502132939753171,-1.1126122117428916,0.2946475021026536,-1.2918528044634259,0.4398171417597024,-1.323505923588698,0.46131524515883615,-1.2613464445259825,0.8324437941446965,-1.7367680161443442,1.0739536559998852,-2.0551755423636275,1.2398340042789668,-2.278934877398956,0.6592456168782402,-1.0022216899776075,0.6186119716967463,-1.1411455573119353,0.44949074122538024,-1.0480477264479622,0.3534832848122922,-0.9354408411857544,0.730417125333971,-0.7270732442082182,0.6221218584295545,-0.8806112642454724,0.49268879575040825,-0.7829084755703319,0.410552616948674,-0.667474401634331,0.764223035354374,-0.4672012757853588,0.6663389610106197,-0.620231469579212,0.5513453678615212,-0.543047351221579,0.46083458346931694,-0.45070446858423696
3,0.0,0.0,0.12479530023796648,-0.08096203495150879,0.20046542036415427,-0.24052435808186345,0.15581533831965472,-0.38247242512944063,0.07462788607644054,-0.4558553171263795,0.11435973765561591,-0.4854071903075924,0.17200635891659063,-0.6806100925205718,0.20909199634359332,-0.7913404962469501,0.23896992870529127,-0.8913402795065902,0.017410148170584117,-0.48076456970860737,-0.009019002323825983,-0.7333337978201249,-0.009858925637965204,-0.8781697992706043,-0.018295642748137587,-0.9998326207203047,-0.0584558642034069,-0.4309317513163469,-0.012235049823310916,-0.5266759487916328,0.04915123917226626,-0.3724903928953789,0.0715503495437837,-0.2579497822534231,-0.107678733699575,-0.35928153010232017,-0.03742427684358519,-0.42950068527538343,0.018228120256430842,-0.35430630346528913,0.03946022117527524,-0.2960053815574907
3,0.0,0.0,0.1282279382332649,-0.060280551001359296,0.19235498645702867,-0.2117690923979363,0.13989747713631492,-0.32417056716681925,0.046814401477008924,-0.3617232251787367,0.09682803933914595,-0.4805968124300655,0.13681824620808847,-0.6759969373559735,0.16606288180857598,-0.7995177607203348,0.1842899503013087,-0.9097374420635853,0.006128336519648063,-0.4715692531675435,-0.027204294888000562,-0.7073854307727837,-0.03807123531173108,-0.8640516249635436,-0.053575618014717864,-0.9985637952351072,-0.07356557658714219,-0.40602061137529705,-0.006094863923198223,-0.4689885159812608,0.048786309325642874,-0.3306516056749851,0.06787610299872537,-0.24249148114539457,-0.13052465424004173,-0.30843348793221637,-0.049342698262186895,-0.32511585808507865,0.012753555137707095,-0.2333522225887936,0.0382906667773467,-0.17326804415327338
3,0.0,0.0,0.039658709121429846,-0.03658306136482552,0.0562605912590654,-0.1791514862573647,0.06399210544406057,-0.2616165153935394,0.06884252887057551,-0.2939575321198772,0.056411538326312266,-0.48595261557401537,0.035237499225127596,-0.7235356035504297,0.01732839928330227,-0.8699612795737164,0.007689929483106059,-0.9824100939093389,0.06316729718483775,-0.4622363740316936,0.06806538100020613,-0.7253537191206858,0.08755766994966721,-0.8725454717625403,0.10818881266677348,-0.9941303640940427,0.0620292535087878,-0.3687813722839263,0.059992818253613835,-0.43263400695833926,0.04478820910250586,-0.3199481058158425,0.03667001119604822,-0.25930586413337586,0.05700601054195444,-0.23344828047429622,0.06055070133220422,-0.24602589759729837,0.07190008458155277,-0.17223532926298118,0.08527982739911096,-0.13327734937143618
3,0.0,0.0,0.10786417664989031,-0.05496224881466825,0.13720857013266471,-0.19482478821382995,0.014064839291654295,-0.2632366949543435,-0.09487619901073212,-0.2952995184634987,0.09237919273312528,-0.45325898346133653,0.1074014577902728,-0.6741840787523566,0.11399141074862638,-0.820434395579409,0.11603656856328784,-0.9422998508576095,-0.017738271746690643,-0.4527986879385567,-0.072363469026327,-0.6985297514826325,-0.09778153754549808,-0.8597499200529419,-0.11788882876566523,-0.9930267992618627,-0.10183089878226319,-0.3776600135656504,-0.12753149375761702,-0.43227510206876363,-0.08095537516543491,-0.3171826655374591,-0.04515815497022532,-0.2512453318992545,-0.16528320435065894,-0.2650796772385421,-0.16770931071621303,-0.28253351847867747,-0.11747142630491343,-0.20118680903304528,-0.07671283936360428,-0.15095934497014796
3,0.0,0.0,0.09802234027191692,-0.054276080840550564,0.15091673302069894,-0.2035755128406359,0.08164861175173048,-0.3104895753863452,-0.0075389534654297635,-0.3728008593135107,0.10305762988549294,-0.46200126654122453,0.14414324921775065,-0.6660149263331889,0.17362140767938528,-0.8016442526827382,0.19129993729242192,-0.9157284487918096,0.0010862558232755642,-0.45493320880467886,-0.02919497397184441,-0.7095346183649948,-0.03426033831964739,-0.869161403777542,-0.04671276386923771,-0.9989083630101896,-0.08514972677804472,-0.38201462223756,-0.0713940517409924,-0.4588097132963002,-0.022375173097413763,-0.333234525759364,-0.0010200319847911616,-0.251823309632031,-0.15874030703622505,-0.2762112450467706,-0.1264808629033276,-0.3317374576498971,-0.07877104401419661,-0.24186543637924873,-0.05563152369224179,-0.18270358126136135
3,0.0,0.0,0.09341322799082453,-0.08995372112823524,0.1287022222333208,-0.2652278253293544,0.04244878243298164,-0.3918415590689705,-0.04391182865133475,-0.46205954541919303,0.12402824571173224,-0.482809060952833,0.16314834458348854,-0.6818076130043568,0.18511354309390288,-0.8164927051863784,0.1952545759252736,-0.9292102950900584,0.029440357171691856,-0.48362391902716584,-0.0014013513132604754,-0.7274799657472683,-0.014193698501423973,-0.8769132272954523,-0.032775291623226545,-0.999462745808473,-0.05466441971668199,-0.42558002534568834,-0.06788600494505682,-0.5235167016617328,-0.032724240125957954,-0.3926351610445609,-0.013685164769155551,-0.30795110939009823,-0.12613436570930708,-0.3374664926039553,-0.11569554783565578,-0.4103809318038924,-0.07664205857390365,-0.3222075625298614,-0.04892811437001188,-0.25748704222606117
3,0.0,0.0,0.08565245368111266,-0.10496010690759323,0.11646871710190695,-0.27659837619471717,0.026235857469306224,-0.3961607717711858,-0.05896381483730593,-0.4561353635508702,0.12111481864088176,-0.48503832488224496,0.1660370801750364,-0.6825116966428416,0.18756947903306528,-0.8080125444901861,0.200577592500784,-0.915559556612023,0.031062785666132055,-0.4962729255115246,0.012021011952381054,-0.7352961059008605,0.004417626222928505,-0.8795408935678242,-0.005215830588933309,-0.9999863974631193,-0.047901344985756746,-0.44666447800468834,-0.06283642975171472,-0.5318732631171803,-0.029651968457793002,-0.4117048957301134,-0.01024723109023957,-0.32802759805284,-0.11196617203595108,-0.36790154381202905,-0.10924459980148303,-0.43820958097287505,-0.06834166637836152,-0.35849152942669166,-0.03362390104412755,-0.2904652673851714
3,0.0,0.0,0.08349427821199362,-0.10455680017816911,0.11372383978185586,-0.28178283488288136,0.03523059113964697,-0.4103617207164686,-0.04777995415789089,-0.4835848103951304,0.09549875091760991,-0.48689357300345276,0.1358404058213428,-0.69797556965818,0.15738911682238255,-0.8261733270073768,0.17050965064162515,-0.9328262724466825,0.007912023477949092,-0.48437304083723104,-0.03103403310816412,-0.744741514505418,-0.04133773453540354,-0.8874226454855287,-0.05498664125752653,-0.9984870901935669,-0.06502406853097852,-0.4245950612897962,-0.06985046793971829,-0.5188431556953935,-0.01914478315121199,-0.404599232417036,0.007865725608248705,-0.32582144222550136,-0.12312396521231009,-0.33818272782346376,-0.10482212258529824,-0.40600677362014204,-0.06075238391650041,-0.32671866301072955,-0.036478822232756135,-0.26536747693863477
3,0.0,0.0,0.10996757698776356,-0.0743237612025069,0.17224165629977298,-0.27323385319975224,0.09033045513684762,-0.42572149597916115,-0.014393622826775065,-0.49662978099976735,0.09387334154190582,-0.44955144906192157,0.08934357728317603,-0.6029458929635368,0.07872933866582882,-0.7333576363182754,0.06818822096217121,-0.8423267989741056,-0.010617546872142917,-0.4748275336256338,-0.015151213174990717,-0.6813252352373896,-0.008402458218805631,-0.8579387078361592,-0.006842234360925163,-0.9999765916404995,-0.11443601129220382,-0.45311639049895114,-0.08839563504363848,-0.6169406590198148,-0.029359319252068364,-0.5115508583988417,-0.002615641964755302,-0.407779388162289,-0.21494596643542505,-0.3884031943050032,-0.171874270363358,-0.502106045438252,-0.11556853718393231,-0.4296494971732574,-0.09135626860465322,-0.34992954826373107
3,0.0,0.0,0.12115682400134702,-0.07463511026501006,0.20670316883796247,-0.22510248746986866,0.13810944853067303,-0.34167995934140566,0.017112637664914422,-0.3734881941494516,0.1592477951835887,-0.5068955407476714,0.21175217740250965,-0.7022245098279316,0.2465585530668438,-0.8224135254699051,0.27274302412540996,-0.9299415450208286,0.05663472849169416,-0.5099619784866333,0.04225315856923434,-0.7308017944735485,0.041018277096027136,-0.871030638327866,0.03403999696230542,-0.9994204713766904,-0.039958406384671144,-0.4595138861946971,0.009923121733599058,-0.5073564293393626,0.049042930077468336,-0.3753632435313683,0.06168950537403474,-0.3017322820278302,-0.12285755481954774,-0.3734835794952169,-0.06286878026371374,-0.3986515575922333,-0.018826404881328192,-0.3100174322408205,-0.006409870098361864,-0.2558230482747945
3,0.0,0.0,0.12362178818831829,-0.07123153735125451,0.21939398163257054,-0.21554987671335962,0.16760681869049798,-0.3338714023702993,0.05278838603291564,-0.36234611364509123,0.14696231556780975,-0.4779061770390746,0.21291032783150365,-0.6697132878037678,0.25777391215886664,-0.7795450420386653,0.29593204455869687,-0.8781818219964944,0.049979303042709394,-0.48571856791227525,0.036668391916517946,-0.7314433022500579,0.044069365622320826,-0.8771975523164863,0.044987225444599335,-0.998987562258308,-0.03445645772833524,-0.43579368855785156,0.02561174451384252,-0.5073957173267811,0.0677933424405077,-0.37061678652838015,0.07557981727166756,-0.2747269990433677,-0.10010146826716872,-0.3537005220202787,-0.03995454604729202,-0.3821843039097849,-0.0022866587760670253,-0.2899933835250464,0.007924693722044147,-0.22741467269367416
3,0.0,0.0,-0.03471378804476717,-0.2131985847763123,0.025690105086692287,-0.3725212549909356,0.13013455341939814,-0.42605674678117333,0.21467054133564653,-0.4400006618609864,0.05332779597766423,-0.46876026018897765,0.11173786764993826,-0.7123485053728611,0.14964089490659632,-0.857933789489837,0.17936152392914304,-0.9612461935463565,0.13626901843416622,-0.4018442865520529,0.2882637019807285,-0.6399813917786872,0.37859927458473036,-0.7872296280073605,0.45532216609090964,-0.8903267518536563,0.1973040209623993,-0.3020038593005941,0.28918535214902347,-0.4496195741807976,0.23535158933581324,-0.3830666306544736,0.1956134295554192,-0.31793167778112696,0.240442178697078,-0.1848167477928192,0.2916914121571964,-0.2882911224953098,0.2523682064405465,-0.24712330375786123,0.22277067802601389,-0.2040630319528976
3,0.0,0.0,-0.1146515516096422,-0.18574347372565453,-0.13671318067087085,-0.36314103925690827,-0.09172019016577493,-0.4313574326526631,-0.048114538576444404,-0.41775492045951856,-0.0001751396419718182,-0.498249554448983,0.009694185146222748,-0.7557691738554335,0.021939755733725138,-0.9088441328306602,0.036222656317011624,-1.0075820533950066,0.10398309006091767,-0.4470888929024772,0.18007366517014187,-0.6966435647956043,0.2269632205573203,-0.8581635073101429,0.269692179632255,-0.962946586392622,0.17035391219297433,-0.36785034962992824,0.12445993973408502,-0.46365073948397606,0.08335411179362882,-0.4163380364946614,0.06193011602746221,-0.3492417981812989,0.2071350835726244,-0.28400590365618045,0.15522585275345727,-0.3621061102776652,0.11898771369437351,-0.32503659058236,0.09724383595438651,-0.2720295055111246
3,0.0,0.0,-0.05876078358210279,-0.2182730388396191,-0.027207042479212594,-0.3752217067496632,0.06068885138847356,-0.4437130911139878,0.12746441749218632,-0.4627713027699802,-0.03721972083364822,-0.47739677907002925,-0.04493567934765699,-0.6977996879442886,-0.03870439219480715,-0.843822459041706,-0.03049748657730757,-0.9552573883091834,0.05441661996928659,-0.4520538913960758,0.12130472519154324,-0.7020956863507383,0.1709851766866283,-0.8577021812374384,0.21245457436462242,-0.9771709440172417,0.13684703041979804,-0.38593066808736287,0.20243851599570495,-0.5229056013278951,0.18912394758504256,-0.4542857764132596,0.16478523148624666,-0.38625868312912565,0.20312488939105627,-0.2953829992216322,0.24141814891525118,-0.3913855505500263,0.22688554619494242,-0.3531774059359656,0.2071353533922993,-0.30569788159815087
3,0.0,0.0,-0.036822875371804294,-0.22362912829181322,-0.002251869027394041,-0.3771382246312239,0.08004955546895291,-0.44103391026234795,0.15428595086283642,-0.44665410899518154,-0.017826854838515364,-0.4735637224533929,0.0187599732028601,-0.6909033128192145,0.037613668412050695,-0.8312381150805349,0.05265644970852533,-0.9388933386914303,0.05359141928213531,-0.45952545812174794,0.1476074049035976,-0.7017745573784597,0.2108273991529083,-0.8504276777275939,0.2539258013374419,-0.9672237008133837,0.12917741882682215,-0.3995199254195364,0.23653742900724273,-0.47007422928663223,0.21514819417442538,-0.403083394360465,0.17699923589895258,-0.3594820440273197,0.1937370715144131,-0.3119980907952064,0.2697926974409373,-0.35160830654893127,0.24592066429944215,-0.30376696103396356,0.21217471651579575,-0.2709405197818292
3,0.0,0.0,-0.0397560333854927,-0.22743266393210168,-0.024531418927103466,-0.3846044221658732,0.04717656524746448,-0.46200883335347365,0.10793432127777092,-0.4893518370946593,-0.015933481208812272,-0.5033415463535391,0.01629514577426053,-0.7193996355879225,0.034989926135266566,-0.8451308440118797,0.049279213275382844,-0.9397784747968376,0.07426071689068407,-0.4908132028620186,0.16108787671587937,-0.731443541860387,0.21740249531462053,-0.8676035623384115,0.2607048234529706,-0.9654185595006736,0.15485126403412064,-0.42935417895916506,0.21290557043412725,-0.47703759286273895,0.18490927330283674,-0.4135527851574859,0.1495478075626703,-0.36098591911998934,0.21476824099622288,-0.3341188082374832,0.2346079656476914,-0.34531570226081304,0.20566667626589868,-0.30137604888125863,0.17347621876155736,-0.26245725775906015
3,0.0,0.0,-0.07781669160549068,-0.20747508713868312,-0.0533476411360751,-0.3761082013438688,0.02918272963713728,-0.44210029415312174,0.10928714829560436,-0.4435825606849554,-0.03560982972117294,-0.48850526741398614,-0.03240581370165027,-0.683569869983252,-0.032187736635381686,-0.7574478048471217,-0.022827518274444427,-0.8038069709654232,0.06424879131668976,-0.4742064984582,0.10978678952046562,-0.7207320650453322,0.16073901663683737,-0.8696701170336497,0.19476795200726127,-0.9808493487130923,0.15779333244522953,-0.4119257339459133,0.24933660554150952,-0.5226381638113112,0.2610436545891288,-0.4357660503341539,0.2394066106178156,-0.3579571758965328,0.24476188201199314,-0.3307510208081046,0.3235129078220094,-0.4161936153721372,0.3200530439344557,-0.36771482783887743,0.2872579060498422,-0.31483986965716004
3,0.0,0.0,-0.06739465329916859,-0.26425463271481625,-0.020343689703434524,-0.4628486771278497,0.08663809713817319,-0.5093613789295975,0.14833773350469429,-0.5150056101436319,0.1886296859511768,-0.5324840832025419,0.2854897454265408,-0.7793467790500325,0.3404280318278216,-0.9130849549197039,0.3854652748572273,-0.9970314089713761,0.2805438178434384,-0.41279985260937113,0.42986385406341476,-0.6033507088370351,0.5226597195834415,-0.7269988984145961,0.5981261280346996,-0.8014019808823897,0.31629445787287513,-0.28274564603857755,0.2947218874256285,-0.3919314328330283,0.22613844737102665,-0.36960091894713626,0.17669671265991801,-0.31981821827652235,0.31554553558161497,-0.15724878948018126,0.2828569068563289,-0.25252513641458024,0.23100619167679032,-0.2373888205101353,0.19113221905915742,-0.19756847360195914
3,0.0,0.0,0.1104739917360216,-0.6808381931083775,0.42710633633924716,-1.071340215868689,0.7301199662926482,-1.1340309940296598,0.898233969601406,-1.1351566871798993,1.0354435061762373,-0.8713162034610018,1.4744066412223977,-1.1218031023070905,1.764526008124041,-1.2889567860556204,1.9760038042431443,-1.3746114384649768,1.1194133874272991,-0.4504940635421932,1.1876120371933996,-0.6016269036578354,0.9988356457106528,-0.6221389925100714,0.8360712341903113,-0.5486208994920715,1.0587731531103053,-0.08127690756277733,1.0482601810825474,-0.2406886244781127,0.8858074522264904,-0.25231044194452706,0.7308000818076018,-0.19490541161228989,0.9577861964388065,0.23321577766941418,0.9356899793369425,0.09291202585412561,0.7937196341574357,0.06391401069405878,0.6644857155738045,0.08742587892972124
3,0.0,0.0,0.07718809921666851,-0.3629225195183968,0.27039264364435883,-0.5910922193791817,0.4546070033222399,-0.6627826877144866,0.557947321490174,-0.6598150117468846,0.42378294260566485,-0.4845282130102251,0.6304219079911138,-0.6553269916952554,0.7279807632829978,-0.7661458955594115,0.7840710363768546,-0.8384242177530247,0.49314664592911134,-0.32606403564928327,0.673120546215741,-0.5116730222621805,0.7158516995199911,-0.6227163623438057,0.7331729637052324,-0.6800422084633321,0.5244104232098283,-0.17950319462133088,0.6551024967863068,-0.3665559916290348,0.6154602760462305,-0.42062117391547654,0.5552761548768226,-0.41872755202206013,0.5317352372298555,-0.05416237537643359,0.6387623193717805,-0.22341122947178688,0.6086830535295996,-0.2790878450183836,0.5537140224594171,-0.2785145466469823
3,0.0,0.0,-0.021617668051975104,-0.23858921744753717,-0.12034636822877073,-0.37809890026676196,-0.22137557627822074,-0.3631827040601965,-0.317571337476543,-0.3063294955019137,-0.22959187585018417,-0.5112954882163395,-0.37332951198847286,-0.7279921633259914,-0.481131513928228,-0.8454859122940761,-0.5672348994828444,-0.9268645842991385,-0.3154662432557312,-0.3783136540068523,-0.538566762879885,-0.5057489959396797,-0.6728635043109399,-0.5865880269756032,-0.7640668098782876,-0.6451371249915917,-0.3531043302903351,-0.22413875856972496,-0.3870667504173299,-0.23246593548019465,-0.30134509094839973,-0.21115420837172227,-0.24014473811995163,-0.20117349767192647,-0.37293938477848,-0.07068968526801284,-0.3610315786791208,-0.0869525116915749,-0.29882746651944375,-0.06510258755720386,-0.2555785661002067,-0.06417531346185062
3,0.0,0.0,0.00918365649014575,-0.2659320763929682,-0.08813758935395101,-0.43532278233468863,-0.20360653156551814,-0.4425241549315557,-0.30735490838840085,-0.3901815583894249,-0.23660173952401192,-0.5284174898655281,-0.39478545900900014,-0.7318403201323694,-0.5057114660922287,-0.8527416296637326,-0.5958484418700033,-0.9416662372321131,-0.3216475937679224,-0.38875661578566945,-0.5343147442067836,-0.5011172233722554,-0.6658855680217242,-0.5841324036217572,-0.7596309262366775,-0.6503544079229473,-0.35105791011795645,-0.23411734545455823,-0.3717454328744703,-0.2507369810193993,-0.26872099610924255,-0.23012239552550354,-0.1966795036792159,-0.2275789474241094,-0.35434984543849357,-0.08597522587434632,-0.34024659573553734,-0.12266860455537978,-0.2724775166418767,-0.11312760577996578,-0.21794710403056555,-0.1159545534759224
3,0.0,0.0,-0.10175533600519353,-0.18014405841815698,-0.195464188943867,-0.3569753363830208,-0.3187353561561948,-0.4043446485172586,-0.4273223087559308,-0.3951439831395289,-0.08246605567727022,-0.5251270889914583,-0.165921144849398,-0.7822210297767358,-0.22979773196916198,-0.9268422877515375,-0.28273781625457484,-1.045109209177075,-0.08425581582827889,-0.46682854259922885,-0.2556348163402919,-0.6747679750890668,-0.3610175100221472,-0.7939707679800425,-0.43802182219363345,-0.8989643392716805,-0.10559314432295899,-0.37208281879105337,-0.3384688648253394,-0.3985181239002282,-0.34750116969018613,-0.32325624161508476,-0.3134350426602534,-0.28745072735868066,-0.14605933735567694,-0.26008386121888544,-0.323852602949875,-0.2683392735965735,-0.31850394496931056,-0.2215472216546,-0.27117739910993155,-0.19673297811023183
3,0.0,0.0,0.04177476801889535,-0.20544140922540008,0.021734518749950447,-0.38670737933653443,-0.06305822589877907,-0.4623648155377417,-0.15533213327644618,-0.4848904353217185,0.044704291138811934,-0.4929742918524454,0.016279501352581112,-0.7466810284668499,-0.016061507206837237,-0.8921326329118201,-0.04560613375711983,-1.009883594256685,-0.025281180226127867,-0.45650458303015,-0.16226175127812398,-0.7129534124586235,-0.23799043332529937,-0.8500820925292948,-0.29185340936452225,-0.9564630612011655,-0.09985708913383821,-0.3907651128752689,-0.23824959794030987,-0.4682662882950564,-0.2066022071173493,-0.3902452484752075,-0.1605293816679327,-0.34383733727423454,-0.17159488731949513,-0.3134605090011154,-0.2551599146186031,-0.35265912213122314,-0.22804350838957382,-0.2875400002335965,-0.1869398888001806,-0.24715630561271787
1,0.0,0.0,0.05765175721799309,-0.29205467552047465,0.1625529092699178,-0.5151026691214028,0.2416775182919422,-0.7196029181060358,0.24303231391470825,-0.8919533012478762,0.43630202438958154,-0.3614467060988989,0.6406381214731508,-0.47794705792360664,0.76622738377276,-0.5387687102519747,0.8673096864310851,-0.5760313101437591,0.4883666994551485,-0.20489605192223737,0.7206842061272458,-0.2246528240107506,0.8660842082636632,-0.22541902401614813,0.9761304434534699,-0.21718507629055028,0.48420992043297123,-0.048206691164431895,0.692452525051011,-0.03211712225281824,0.8356165739433792,-0.015832117504177536,0.9401623594188123,-0.012821837532399976,0.4469907156604299,0.10247378688190566,0.5871571086157095,0.21416209338386705,0.6827158437961369,0.27774241289262014,0.7645933602827195,0.3194908846108772
1,0.0,0.0,0.03673822230572278,-0.2892736029080266,0.1263626542275674,-0.5070189365837225,0.2015427483497591,-0.7083212788848829,0.21700056181283106,-0.872808370734924,0.42569639925617225,-0.3838842235674587,0.6275032322146222,-0.5175275564584547,0.7577398070705603,-0.5844454560677721,0.862492758174265,-0.6233253604387762,0.48663452611953417,-0.2118302296158271,0.7105840170684564,-0.2633477019384647,0.8513104853456268,-0.2875925499845038,0.9556828316855296,-0.2943982425584906,0.4902692891295396,-0.04076948675783449,0.7096555178895861,-0.056204079418566456,0.8463498061991404,-0.06758576816980895,0.9479525516807369,-0.07774149843191927,0.45762783224883735,0.11190678925542673,0.6150652882572984,0.20251219604028262,0.7177289497511807,0.2580844865321008,0.8081347741560679,0.30008450935658965
1,0.0,0.0,0.024494706260216763,-0.2991044903901511,0.10092445394906781,-0.5370017606127532,0.17435660012393084,-0.7434474568133461,0.20664496740446542,-0.9162580863235453,0.4035465292012073,-0.35737813140381136,0.5993170435967569,-0.49072783098132877,0.728986465188229,-0.5592733944066137,0.8312327042864609,-0.6060468099392016,0.4569023267147788,-0.18749254759160014,0.6957342890894809,-0.22978023839350387,0.8500003038317231,-0.2553360091401895,0.9661242578356674,-0.25807734968702845,0.45511038673900445,-0.01989624557192966,0.6824907085850739,-0.02831769450373733,0.8302579177561339,-0.03154008182592412,0.9405038215035633,-0.026929356974885237,0.42105203490692245,0.13739078408591757,0.5844938732352707,0.2266984172443952,0.686519014350467,0.2870676005844684,0.7723451690282044,0.3342549530507729
1,0.0,0.0,0.06652969905575538,-0.23403086066546372,0.15998742071877267,-0.41551804872575254,0.23997527889041295,-0.6101100798204034,0.27866635492561775,-0.7668929205585976,0.44479904095278483,-0.2423128767637036,0.6240557651901211,-0.3774554196253059,0.7535857478865613,-0.4511687961831185,0.8535768519492924,-0.493844782912963,0.4875373339748325,-0.08311526730314069,0.7207312537634382,-0.13920208845729687,0.8712371939835362,-0.1591649932675248,0.9809043832947912,-0.19449059317371903,0.4783827956982384,0.07215895746328618,0.7076599632721535,0.059275015009045806,0.8557418492986589,0.06199191267745182,0.9682723970303118,0.047907959618587063,0.4341120097784195,0.22412622797816317,0.5928213126934503,0.32539716648637507,0.6965568805636275,0.40318038849031546,0.783569080672292,0.442723855178028
1,0.0,0.0,0.04072287947271112,-0.3127353364995318,0.130200834742426,-0.5623425444619959,0.21609489464300674,-0.7822141232694759,0.2504036861894917,-0.9604422956737596,0.4305340385227598,-0.3557113681811822,0.638189857094133,-0.47689659980880195,0.7672571433394467,-0.5356753241501572,0.8728982169155333,-0.5734067477512815,0.4873288391170937,-0.18065495002264864,0.7279641604388666,-0.19369452197595857,0.8772477922129055,-0.19465696881312938,0.9832649472375433,-0.18218134793098656,0.48063055133370475,-0.00979137804098095,0.6997113410443502,0.011649969822095235,0.843478484200216,0.02727531561127073,0.9484893903627379,0.034656470119486076,0.43616944279459224,0.1552441291997602,0.5846762730324969,0.27840327512729474,0.683243148478303,0.3574031358438536,0.7676339091946379,0.414468105959235
1,0.0,0.0,0.036227515158121414,-0.3182750832965243,0.12329439872033826,-0.5730012588113329,0.2059221462918581,-0.8041537574393741,0.238720756703366,-0.9875989504895829,0.43796932231620067,-0.37594588101153126,0.6386557376038335,-0.5109542915735821,0.7664287128497406,-0.5749905840351275,0.8681718000043012,-0.6173908888702824,0.49030864193903717,-0.20175805613645095,0.7241987980446238,-0.22690987337249469,0.8699393587118431,-0.2364255943495133,0.9739269236732502,-0.22686195658232156,0.47917620500188085,-0.03232013444898479,0.7030133493352223,-0.02020808457771119,0.8503368939261758,-0.008794374352390508,0.957239079817645,-0.0010674892135683594,0.43451896745413054,0.1288565520460678,0.5897103797975927,0.24295300287078836,0.6873803668026344,0.3163079001273946,0.7695363848189118,0.36968253379061466
1,0.0,0.0,0.03328180711315243,-0.3107865529445161,0.11831511335896365,-0.5611207030305754,0.20961830851711405,-0.7825586178159392,0.2466680695404513,-0.9689684221367725,0.42304691897075625,-0.387134602124865,0.6265121783108638,-0.5236017122695626,0.7546719322516848,-0.5917696193974596,0.858027987967763,-0.6336591305639759,0.47578092632905883,-0.20916149406427015,0.7087268747551182,-0.24399266069544487,0.8546576633169783,-0.26550511793305626,0.9637854659005782,-0.2666787875306273,0.46921987347656,-0.0436154058304998,0.6802853280023295,-0.03392229975254562,0.8223981613698887,-0.0306295281138596,0.9271251706616834,-0.02933459689868707,0.431064301741238,0.10723829827567145,0.5732596202203495,0.2125751871757678,0.6637820130132703,0.2739595867585674,0.7427882937267354,0.31810987027119453
1,0.0,0.0,0.044101645249706146,-0.32694174126743025,0.13559511713720768,-0.5872773227960729,0.21328443986739734,-0.8061129139618833,0.2395920771699356,-0.9795645063145688,0.4101322858905787,-0.3823650456352587,0.6196159329834404,-0.5150504434539391,0.7493679782316787,-0.5833380591370773,0.8555265486578764,-0.6271196568978211,0.4594528854610751,-0.20195845353413572,0.7011057156254626,-0.2400534248763337,0.852534945114404,-0.26630547410746613,0.96408589132967,-0.26559065145271155,0.45192336468720967,-0.03970236533512458,0.6768839624514551,-0.03533770314165801,0.8249188245262591,-0.03794984320367737,0.934966396343295,-0.033469511220908264,0.41370423555678193,0.10218618692825067,0.567254965483478,0.19684651457236924,0.6674727688173673,0.2559655935319276,0.7536212978509821,0.30638047923863154
1,0.0,0.0,0.060924260850899664,-0.2846180194297072,0.17035859993574592,-0.5144847802715695,0.2536882465203472,-0.7172543183441459,0.2560114643152416,-0.880599685581017,0.41966294966155754,-0.36303330115660537,0.625927563916747,-0.48462885025407176,0.7409884935499468,-0.5516539873253742,0.8309442457897573,-0.5986393210176586,0.4686981054860103,-0.21401391219986496,0.7139946767491787,-0.28079442810335203,0.8502278645531823,-0.3187275638320661,0.9432778999449116,-0.33200422207483615,0.46645096168557626,-0.0670699311398968,0.6990806814160593,-0.08710244599249947,0.8345751466990067,-0.09734267376177265,0.9279253782724683,-0.09905441455927878,0.4336094690351888,0.07198923093736033,0.596951116086702,0.14151585101213265,0.6970201542607184,0.1895168712292568,0.7784774847002253,0.2322516274226865
1,0.0,0.0,0.04294239676717337,-0.28380263258036503,0.14234001374567248,-0.5032170613440189,0.21726773085844267,-0.6879549143885,0.21376892557882257,-0.8517107101195603,0.39955249472201476,-0.34539658412841123,0.6057705875746697,-0.4608329725451033,0.7330989357152518,-0.5197298671387968,0.8349673856704122,-0.5569998248103895,0.44741274835776457,-0.1817335383445743,0.6955253368679398,-0.20708825462396516,0.8501452251248943,-0.22884011389577857,0.9714389497699747,-0.23728962655330846,0.4480830946456983,-0.030125273272401276,0.670203772478702,-0.017960488561593494,0.8115558222252139,-0.012673214153426305,0.9156379896453379,-0.009698434773837611,0.4207850748417051,0.09987308289397691,0.5786517386679122,0.18311958873378748,0.6751972759329911,0.23785351006672828,0.7538043254363052,0.27894105857984375
1,0.0,0.0,0.03579359390665742,-0.3030593942909489,0.13463789880119634,-0.5363820239287742,0.2008277872211958,-0.7417805049999704,0.18694444673830946,-0.9146201550534823,0.3825441267864943,-0.38374894073206844,0.5842605606728973,-0.507720694882416,0.7137587042639055,-0.5724253323574361,0.8178683966468525,-0.6125907785171517,0.43406401237536085,-0.21571725903060476,0.6800363140633147,-0.23175447172278374,0.8422267506113501,-0.2510612237175525,0.9667924461617986,-0.2555628416739919,0.4376248389184043,-0.060886306493322065,0.6606185160118087,-0.037405430997201644,0.807234127063113,-0.026233100741984216,0.9143383269975324,-0.012033513489785598,0.4130872771264807,0.07277562703613455,0.5693178312700639,0.167774455474118,0.6678862697795586,0.23049361807069582,0.7496207778970334,0.2853766014508993
1,0.0,0.0,-0.007916635430445585,-0.2760538091327958,-0.08221851312630533,-0.5173667290307229,-0.15644943811659756,-0.7110749191850128,-0.16357733158599255,-0.8642780367842733,-0.35931429638540047,-0.4506666288107705,-0.5350362525046085,-0.5822479953991316,-0.644588209439998,-0.6481418071306061,-0.7373569554798723,-0.6964806588803777,-0.43076933518350496,-0.30609780813146226,-0.6572796297635983,-0.38764874403101446,-0.7894393077498593,-0.4315938090292922,-0.8908487390085066,-0.4543000376479774,-0.4523560783168675,-0.15518293658108337,-0.662460625284426,-0.19155220318532412,-0.7901368673924105,-0.21455868184857776,-0.8879626759559928,-0.21192338081910211,-0.4304546901722608,-0.012515614340057374,-0.5775838132528909,0.055537314626804925,-0.6761070536930479,0.10035421205945988,-0.7602712722854741,0.1340305977675219
1,0.0,0.0,-0.01302085071716624,-0.2619210597622517,-0.08531696524094734,-0.48933883603440476,-0.1565418319988138,-0.6808330693845516,-0.16480618924319806,-0.8407286595822486,-0.37717517285903934,-0.40248308919364273,-0.5539797473152235,-0.541440521103537,-0.6689042457148067,-0.6101667907370586,-0.7659517396365286,-0.6555958739522434,-0.4461101271222846,-0.25115320041290945,-0.6730863213670545,-0.3450056791446832,-0.810776172514309,-0.3856088411160434,-0.9156199547577211,-0.402044896061956,-0.45781358922822113,-0.095338375722432,-0.6744478993945354,-0.13235662113583038,-0.8159833891147078,-0.1485597340933506,-0.9234953916302143,-0.1403500450874367,-0.42084359098776314,0.047814999557625464,-0.5753526206575511,0.11072057328824025,-0.6854839274112192,0.16130599507764545,-0.7787972150014079,0.20315894610923935
1,0.0,0.0,0.0030474216252251605,-0.2534875666318584,-0.07434528340073675,-0.48439472705648656,-0.1390290125417981,-0.6625492599232071,-0.13218124044509613,-0.8160011071198464,-0.34850953483639396,-0.4400815710022822,-0.5123728080978457,-0.5744512452799493,-0.6183424888997908,-0.6459906948246106,-0.7048819424617296,-0.6956675721762978,-0.4250236870065683,-0.3057590159183281,-0.641066331476118,-0.3977026252415588,-0.7742461238308868,-0.45044657080270095,-0.8781374242803864,-0.4784084699064268,-0.4480217665511491,-0.16083981883856502,-0.6504305782972616,-0.1988283236715976,-0.7736102592790501,-0.23014400068077967,-0.8694988782593005,-0.2428200420427389,-0.4267520972922144,-0.02054005544625037,-0.5812467215933176,0.041066904474885674,-0.684472483811895,0.07872264019245709,-0.767816554958662,0.10998940454380557
1,0.0,0.0,0.002965304785713983,-0.24887193070816013,-0.06489835640631206,-0.45618181430133325,-0.11363718415695642,-0.6470517958696766,-0.10767408756340059,-0.8032986472035892,-0.3282690895671618,-0.41104861399860937,-0.5095760496032321,-0.5594353772114969,-0.6273762382819039,-0.6331657755517913,-0.7226135852811887,-0.6824297093582392,-0.39079883101439566,-0.26179770463728597,-0.6236072253051436,-0.36319013270663747,-0.7748053687560834,-0.42240870354481197,-0.8892444466693398,-0.45743230544829244,-0.4110798049959183,-0.09469863268288244,-0.6372636980271826,-0.14881890108834644,-0.7821449301089985,-0.17650147281078366,-0.8942312045659676,-0.18951598123917893,-0.39561762409449003,0.06332411825958394,-0.567428696683908,0.10487562437271031,-0.6799938091106448,0.1357962709044192,-0.7747468748359223,0.15637161532314836
1,0.0,0.0,-0.04024432594592885,-0.2471994800868411,-0.12973507849565727,-0.4698268326934107,-0.1882191045225019,-0.6584364497597198,-0.1692843623661591,-0.7858084081073655,-0.3504291878344192,-0.441306015557968,-0.5217356018548638,-0.5944158355457916,-0.6253785778635066,-0.6711293483072998,-0.7160937101800332,-0.7247839315150558,-0.41551450998700695,-0.3195532303242984,-0.6328723868191323,-0.4104745767832871,-0.7683747414946072,-0.45010812553296203,-0.8808443395092496,-0.473406009208284,-0.444851516665759,-0.1824393814235132,-0.6523202780357772,-0.22116923038834518,-0.7886736049029197,-0.2423114298415946,-0.90034339290899,-0.2461291213996009,-0.44234487513994414,-0.038793839874435104,-0.6037058189354092,0.006031334133764769,-0.7072599101961068,0.04460838380251571,-0.7922792406662148,0.07573301243092127
1,0.0,0.0,-0.025287972107390293,-0.2438580657420176,-0.10381989187024195,-0.4791305876389329,-0.15884462165414845,-0.68080335191959,-0.13458102061569527,-0.814888944165284,-0.3274964559557648,-0.45405850656626007,-0.494930332384171,-0.6209136713239849,-0.6092603487327319,-0.7031047991671281,-0.7082875755987814,-0.761491321521726,-0.39499207241047213,-0.32827451410201264,-0.6130510628649679,-0.44266433052769233,-0.7510976274456576,-0.4899063527959589,-0.856956674886789,-0.5153884528847908,-0.4245289037787414,-0.1825815799966318,-0.6262319739808342,-0.24072511380257547,-0.7592987808790802,-0.26723939337377567,-0.8639675477936187,-0.2694148482801018,-0.4169875226247383,-0.03408519353639829,-0.5726473939533172,-0.0014082203034482875,-0.6774879459633409,0.03479722806808968,-0.7660345811622664,0.061834903272248665
1,0.0,0.0,-0.009020885218625997,-0.26755827318302017,-0.07720179212996009,-0.5193377698313806,-0.12617157547627192,-0.7317115642119312,-0.09096678116630667,-0.8634583879421727,-0.3321974528774984,-0.48659950678134833,-0.49279511305915624,-0.6504432938231383,-0.612472662823925,-0.7354229193174139,-0.7150223063605394,-0.7959436691917277,-0.39617761292110076,-0.35168218799886697,-0.6133604304347724,-0.4388796216191348,-0.7498179317843583,-0.4874213885361195,-0.8571743431925165,-0.5150263540562541,-0.4175621642860784,-0.19750872096487596,-0.6152074896664866,-0.2336070821297443,-0.7474455576952727,-0.26238671675136677,-0.8544801110583441,-0.2649988734731409,-0.40327910944742995,-0.041089255035178004,-0.5559877035419832,0.0051587497676972615,-0.6639704333081482,0.030758223930320374,-0.7590461399779727,0.04770248743004672
1,0.0,0.0,-0.017635407332967326,-0.2771293851696314,-0.08575939629995147,-0.5284545351385079,-0.1380584858173786,-0.7498816851540387,-0.10485684556387356,-0.8833183414194986,-0.3256359088793325,-0.4702758717720178,-0.4974316750963367,-0.6314666259386801,-0.6156940437279088,-0.7102506271301142,-0.7163536737095564,-0.766531823944805,-0.381098021322083,-0.3303347544569752,-0.6212046350602866,-0.4125428913084871,-0.7667573483316071,-0.4547403347879622,-0.8776495358129647,-0.47930292330350704,-0.39465852335957835,-0.1765508745265537,-0.6080404183518745,-0.2061977832976726,-0.7449010524576871,-0.2367977653871244,-0.8514442017815188,-0.24742550347784384,-0.375458175635058,-0.027205595447507152,-0.5349755672591994,-0.001468670359398213,-0.6416366079174894,0.011295788985984065,-0.7326720754387005,0.013967045648693516
1,0.0,0.0,-0.0130383667236631,-0.2862548907200155,-0.09412506680974929,-0.5516988192228238,-0.15101140247160355,-0.7689268791631343,-0.12067219173172633,-0.8978474774618007,-0.31799176400752155,-0.4928771671213866,-0.4797119966353018,-0.6345947743968584,-0.5914468988308196,-0.7052747312760032,-0.6910380393010238,-0.7552729796559595,-0.37230475539943464,-0.35817088731845653,-0.5920521121043918,-0.4311225469647795,-0.7366603700201738,-0.47990086593951764,-0.8593869608817198,-0.5113257782143213,-0.3902608511762656,-0.21657785657304532,-0.5963148863612576,-0.2585809347055115,-0.7296019737037354,-0.2898172746404141,-0.8388208457420694,-0.30176711866816014,-0.37506979013458236,-0.08287769186867407,-0.534859309269659,-0.06234260949992065,-0.6432297542605956,-0.04883444523023631,-0.7390726111493334,-0.04742995250336691
1,0.0,0.0,0.008764387084886555,-0.28424404989871593,-0.05841735590091947,-0.54261842850087,-0.10641933222961703,-0.7589434728510113,-0.06731952388194493,-0.8949134777295594,-0.2835989055185212,-0.464488891386761,-0.466409420725001,-0.6132963815450868,-0.5907404280037645,-0.7034203085244527,-0.6965957940106358,-0.7625430582192985,-0.35195693903189285,-0.3183434740088405,-0.5834998754330218,-0.4219786491197013,-0.7385382648288193,-0.4760334718131846,-0.8636222312281394,-0.5041395062168113,-0.3766536493737532,-0.16666351377531494,-0.588446669402566,-0.22218081171158915,-0.7326316025678771,-0.25853958883664974,-0.8505623780463654,-0.27751323907836056,-0.36900133962548143,-0.02563184466341067,-0.5260832940044025,-0.018327396003894703,-0.6384356079756971,-0.013727194714396197,-0.7346310903483233,-0.014695149111321418
1,0.0,0.0,0.012561168027838947,-0.26375604755887144,-0.06207983290107666,-0.49522565910703586,-0.12933527232324996,-0.7065001520536547,-0.12773308516580534,-0.882998622114774,-0.31674870712406455,-0.4118150914323787,-0.5169259567662109,-0.5440129657615607,-0.6525035794839692,-0.612650166463129,-0.7633501781785779,-0.6594208438825293,-0.3800359629045126,-0.2530433844081144,-0.6306766707194305,-0.31335376885509014,-0.7916057722909174,-0.3609239863427176,-0.9183959628922388,-0.3956625523640536,-0.3946525979298575,-0.09718847964483901,-0.6147765771065851,-0.12330644331570119,-0.7615988540135883,-0.13842210043457898,-0.8754324218598883,-0.14484517588336923,-0.367208971969707,0.028557838209806303,-0.5165931602956708,0.06852413965996879,-0.6213910795708468,0.0953085593332974,-0.7104358845872567,0.1131007424232306
1,0.0,0.0,7.715237344935764e-05,-0.29027012802275837,-0.0776249757734778,-0.5505137148690377,-0.1697452619659535,-0.7567826990495514,-0.15767443846055595,-0.9519664020293461,-0.3405085653527987,-0.4530589937963328,-0.5386171887917864,-0.5762730956646704,-0.6681629816186261,-0.6381158312464996,-0.7772674908984698,-0.6801048655409987,-0.4137446631882304,-0.28247210160129016,-0.6422918355696745,-0.35248594288989743,-0.7892023729787314,-0.39487254089872353,-0.9053713886546174,-0.4246205937135053,-0.43158183394759636,-0.11911833249061052,-0.6438119839323868,-0.15537554433752496,-0.7906812148766631,-0.17846982145669935,-0.9073394787654614,-0.19478015026844198,-0.4042044551466689,0.0242416984905194,-0.5721329372501642,0.069491741665539,-0.6885351715161118,0.103375901514486,-0.788078203007604,0.11931843545005909
1,0.0,0.0,0.0134811043377417,-0.29915798035853375,-0.0578622915218486,-0.5599234576539555,-0.14894282861009012,-0.7735034565088641,-0.16874324541888205,-0.9559462235300812,-0.34193738118531086,-0.45660608659496027,-0.5743441057687724,-0.5768079994991525,-0.6994484869391219,-0.6385821738062727,-0.7960845034506102,-0.676750433949396,-0.41850316341773297,-0.27225133947297564,-0.6709873371304043,-0.3436168728230684,-0.8151079570805921,-0.3772931045290068,-0.9218986286990536,-0.38743117892446993,-0.4363276075418758,-0.10439771644570367,-0.6547478745884123,-0.1284687867866557,-0.797990478645047,-0.14050190206950594,-0.9037159963935619,-0.13253132998299888,-0.4079771899984044,0.027676702903361265,-0.5591054460109749,0.09300667801289321,-0.661683272523892,0.14353590339942582,-0.7433239176094412,0.18363684712633715
3,0.0,0.0,0.17919019656425844,-0.16469623449439344,0.37978508829129864,-0.12536373657257985,0.5113091589701847,0.045573913908982674,0.5825800401101261,0.20469627585581077,0.4229184375863096,-0.27636676167450464,0.6768409975299704,-0.351334147335283,0.8224637330748898,-0.4024129220545966,0.9439685249494041,-0.4548318973399222,0.42182456930266904,-0.1315993939034377,0.7107048911415889,-0.04793026393305818,0.8729251337683835,0.011446642392311423,0.9990338101213908,0.043948222197682595,0.40189289235506265,0.02533329656758865,0.5736321017259051,0.1889200453024253,0.5402347514140015,0.19977368430242617,0.49343405943371377,0.1717158522608439,0.3780802496076563,0.17219773662097196,0.45170347274688055,0.2060032604922193,0.39819537431071483,0.16082250156692043,0.3465661641865437,0.11976189998996695
3,0.0,0.0,0.19540702824286496,-0.1525722867263534,0.4013945006385807,-0.0945722863664246,0.5225312038382521,0.08660492251370659,0.579739069745067,0.24531928336587192,0.47549670462752164,-0.2705061311615881,0.7135492360551736,-0.32028768280956993,0.8500221577274908,-0.3604631526695233,0.9659413020692479,-0.4021120149767987,0.4869508707596866,-0.10729572559991978,0.7403237934540582,-0.019890669012712685,0.8840962397029529,0.03233739019477256,0.9978191871876241,0.06600658815776789,0.4636712012780591,0.05503386154499466,0.5892449412347049,0.18656439409720948,0.5302812016617575,0.1805609800580975,0.4716345223118721,0.14749132353697472,0.42751197093926374,0.20022353086365868,0.46582920639910624,0.19724681190563267,0.40363267399834013,0.14925743327650515,0.34758088226351486,0.11298448790382806
3,0.0,0.0,0.17977760574440033,-0.16140736235413305,0.3740434676411483,-0.11238709521038,0.48525112029498185,0.06294113441812497,0.5397532013636649,0.21856343235907785,0.43772607017368775,-0.26689496179274863,0.6877296312071213,-0.32291763208459157,0.8223846829464422,-0.36038544177499643,0.9396558051997418,-0.40174650623014985,0.45083847213275274,-0.11737731261406077,0.7287409970238595,-0.03823120489839636,0.8784442766805193,0.01596462641230506,0.9988412864847153,0.04812571468101984,0.4323216293016941,0.04542394008241552,0.5678874052418946,0.1985745155192987,0.5233197971984727,0.20258575507037388,0.4728848880082887,0.17383994335096595,0.4024238548213871,0.19486360824808635,0.4346895122239812,0.21205752994355478,0.3792030221926384,0.16824468407497847,0.33105323229242306,0.1327066612727126
3,0.0,0.0,0.17457277236994143,-0.15867171671846148,0.36583185759263415,-0.08682047086831444,0.49179269077477406,0.10600285551575774,0.5394154924235025,0.27018578414308764,0.4290700280993325,-0.26138807205297276,0.6747672828533193,-0.3127693928937086,0.8210767301245402,-0.3529063952039441,0.9462048329290392,-0.395742289977558,0.44092797982117493,-0.09674745114132202,0.7004991008221292,-0.0070953748496173225,0.858909121655853,0.048921193022437984,0.9971533849030483,0.075399781010248,0.42063082326433754,0.07887481752050526,0.5117902576793074,0.19693331662827332,0.44615893044240407,0.1935383911031398,0.3868452656979484,0.1553364717579069,0.3842822228151635,0.23383675982626745,0.39933639090962086,0.2502812138001213,0.34139817667694616,0.20577307638888703,0.295588935139067,0.16535127740719832
3,0.0,0.0,0.16876604474923565,-0.1790805617110588,0.3557113936983273,-0.12980365014020193,0.4766908576576818,0.04643297613810693,0.5187258365942693,0.20733702886807262,0.4447367153943405,-0.27096331575327703,0.6836354378114458,-0.31874486514938494,0.8177688818153528,-0.35415932851438847,0.9339226801024668,-0.38958804749508263,0.46595945378322307,-0.10803680245327596,0.7094137438766811,-0.03090745263173164,0.8653181086005686,0.032512067928412686,0.9967338013330215,0.080757224322193,0.45394863834929633,0.05894373641362353,0.543626923148319,0.16701336272151507,0.4720172518861422,0.15236737476472909,0.4037575305161904,0.11348053092568638,0.42719136680990627,0.20945284974478826,0.486262485335724,0.25645485255962486,0.43301995697426904,0.23880376484256044,0.3766560477519997,0.21172839740795435
3,0.0,0.0,0.17398261335143783,-0.19237052564202506,0.35855953874174784,-0.19610800309122192,0.5154460745740153,-0.07102649100796185,0.5988133008717363,0.03566702543515481,0.4200708444148529,-0.3081648134266129,0.6594492695057149,-0.369908622686715,0.809131736497212,-0.4281483332549572,0.9260108187556363,-0.4691654000029518,0.4299847740265313,-0.16038688379409863,0.688717299463356,-0.06140978591366339,0.8634118013742281,0.0062595516700048055,0.9982107048156664,0.05979455486422234,0.42174083612271196,0.006222544467055643,0.5646634874079409,0.12133053200596013,0.49935610954763626,0.11082607078866272,0.4260735127526745,0.0771757712151249,0.3997652255354045,0.17212458504481004,0.49175346312915663,0.23643935304042654,0.4332957517966947,0.2201026733277197,0.3686891770048507,0.19955934151401233
3,0.0,0.0,0.16998960865997373,-0.19408836345962105,0.34253077572623647,-0.16615008837569153,0.44702031217069627,-0.0008450346281385053,0.48191275866969524,0.14929765186264662,0.4200980247041776,-0.26940426994718647,0.6638698676615162,-0.34727735152879574,0.8094990313374313,-0.39441204140996267,0.9275592764805101,-0.4305332767948328,0.42738231496433426,-0.09474244726619717,0.6928658995337663,-0.025596590939805968,0.8568893200655853,0.02188933969673774,0.9979267228394527,0.06436035925093879,0.3934420157022081,0.0804701272478852,0.4951360238102928,0.15164321231240385,0.4208970183143816,0.13518663362366196,0.351166393595255,0.1123332013400375,0.34002541655443846,0.2278887201775442,0.39052355310145115,0.21454188790633877,0.3354048602391123,0.19370919748202625,0.2829293331692621,0.18036363094327265
3,0.0,0.0,0.13708885501601964,-0.24643688326064717,0.31319837369748393,-0.26162666839485027,0.42119402063747635,-0.11338479381010688,0.46720934188002006,0.02737906898280478,0.4284350709728172,-0.32688672927616746,0.6849887095223102,-0.4257924539054411,0.8409617253012347,-0.4858029848657774,0.9542318277454068,-0.5179423349912362,0.44760873901625364,-0.1280514785293415,0.7078870680929334,-0.07626925309834001,0.8722500688597793,-0.03961635142067434,0.9999891355186229,0.004661420890372464,0.4183642932800069,0.05286850929337967,0.4947852892868745,0.05711933172538346,0.4106488147833763,0.038199129916501914,0.337359516206109,0.04114220131108457,0.3592419888452803,0.20378735783044874,0.39089343752123373,0.16870493631040728,0.3286742977901646,0.14199077410103955,0.2743452840542201,0.1378415065789604
3,0.0,0.0,0.16204173787255707,-0.23413259703194467,0.34869102641616273,-0.2671195373234962,0.48598497341882696,-0.1713791084423234,0.5560905808505494,-0.08422654250200222,0.450042874749907,-0.264137659338813,0.6928748928571984,-0.34226443250314026,0.8358264525318595,-0.3806297127348676,0.9412248872705761,-0.39285114035406304,0.4698828624931844,-0.07852998260578367,0.7275688688522277,-0.04894548993721468,0.8891642232285711,-0.011459692373373936,0.999093065510361,0.04257988315049262,0.45245126240583955,0.08615986459737192,0.5921695986371784,0.036156006485671646,0.5290906440963105,-0.006322281773731428,0.453796753140284,-0.020845671494300496,0.4157779220542483,0.21741185926575982,0.4928849723518447,0.12900875531981337,0.4443765065003718,0.08535435146385957,0.3868816479718268,0.07823485925945371
3,0.0,0.0,0.15658854515607007,-0.21899783762271327,0.35185088656817193,-0.21389178114690718,0.4863135057362468,-0.0662970811849051,0.5557960517398748,0.07575086891733813,0.4256834088701941,-0.26562802032723215,0.6616620772232539,-0.32297952471606634,0.807259604658999,-0.367980139696301,0.912034539843467,-0.38423640398367304,0.4188761927826352,-0.08880287655489805,0.698455235250691,-0.028119231285210326,0.8729017988454113,0.008070509404991821,0.9982800643763177,0.058625191418152825,0.3786574336170686,0.07929138293407573,0.5676013959990188,0.10179069262785202,0.49001724260443713,0.050080396152393715,0.4090508922125605,0.029044354792730816,0.32190020009900994,0.22746264288180018,0.4631783503241523,0.18874565035917149,0.39944419219086535,0.14791682188076305,0.33475938359366675,0.1446310785297672
3,0.0,0.0,0.1571725155716233,-0.2153017347969889,0.3580345986574996,-0.20574174323464764,0.5149268024008058,-0.03686246562256342,0.6000851371860487,0.11941849423647156,0.39573359599063174,-0.2901302982578544,0.6674172714046261,-0.3427779309096601,0.8281118330162195,-0.36989665168933844,0.9579300027009484,-0.3846649640359343,0.3898703180669209,-0.08988854473813297,0.6807153720847919,-0.015450294754103797,0.8474196487071896,0.062408250903903166,0.9900685627213165,0.14058535169407396,0.3629041996584712,0.09126289318958714,0.5909167570550986,0.11122228206706682,0.5085707189459493,0.07524335265216382,0.4146178149415387,0.048014676579485986,0.3287453270180368,0.24666235648383353,0.49465507003081743,0.19967510364551153,0.44223930768912284,0.1564964203151318,0.37160508437209416,0.14082269195552313
3,0.0,0.0,-0.14744972707473145,-0.1991662200780959,-0.3233683391724913,-0.23811380503958862,-0.42562193110417657,-0.16111251692403677,-0.4954406442059153,-0.04025671581093844,-0.46654646010905493,-0.2899944390456021,-0.6847210020180124,-0.3554381620170715,-0.8205780173885187,-0.3598906687279971,-0.9263059510022973,-0.3499769404646796,-0.5055387562916555,-0.1108887391581913,-0.7486957358214013,-0.019024424722754875,-0.8879399545299264,0.056298279669063846,-0.9939579115051433,0.10976187934038786,-0.4897412483198831,0.06946707619295024,-0.5117697760199776,0.16102457914561286,-0.4120911621274141,0.1276226131628176,-0.35068843703556385,0.07636196904591938,-0.44960439055888735,0.24124952917229653,-0.42396401846861836,0.291104996112925,-0.3444093370413761,0.27135428528382366,-0.2906456639767939,0.2345194340001919
3,0.0,0.0,-0.15459839212652002,-0.19026152272227237,-0.33302721902703447,-0.23570765525245221,-0.437441552217876,-0.1642923041335982,-0.5039721792510584,-0.04559689207956205,-0.4785757635422638,-0.2869847209211518,-0.6859674182578783,-0.34293647947757666,-0.817606778316999,-0.34912533622123415,-0.9214214096212248,-0.3390275220742482,-0.5212351902524832,-0.12101320980114277,-0.7596512001482978,-0.03739024492167989,-0.895417628936686,0.026549736687540175,-0.9969367219431778,0.07821235478612598,-0.5083091749185561,0.04750312459763251,-0.5317739708684265,0.1354806529067445,-0.4348006536107863,0.1014344341170739,-0.37378473999739875,0.06158188748186707,-0.4710241280503525,0.2051843201376437,-0.4570392510404047,0.25000025481426835,-0.3800323992208983,0.22915498422970115,-0.32209141741244157,0.19937350912431812
3,0.0,0.0,-0.1778206279486907,-0.18619967511497573,-0.3664500731521229,-0.22493844113550165,-0.4615427504324377,-0.14796232715015747,-0.5184893330812952,-0.017111350794665563,-0.49071439991497307,-0.28095548050922337,-0.7041147225528218,-0.34851086351217697,-0.8351057307504615,-0.3624730987941911,-0.9403246263379422,-0.3638205112945999,-0.5320376514479791,-0.12490510126596853,-0.7654178514018316,-0.06071738650965077,-0.8991252972318744,0.009508807459025487,-0.9978325870863853,0.0658037092304923,-0.5262853895164092,0.04289471998377523,-0.5708677458457257,0.16979818920356649,-0.4821726076316796,0.16208277990297987,-0.4150811957984574,0.12987875813882266,-0.49719298634968734,0.2070685720218925,-0.49946981705213256,0.29212378286641316,-0.4277040732876675,0.29063231117005417,-0.36905079315291206,0.2636665509279542
3,0.0,0.0,-0.16232502436225876,-0.20965398345617262,-0.3587925245294557,-0.270379146447145,-0.4847361916967729,-0.17856458117072568,-0.5638908531787933,-0.049320251613734795,-0.44869716751030675,-0.32104546046412524,-0.6700142817609571,-0.39608977438702697,-0.8009516606558001,-0.41475054851244997,-0.9075929977333277,-0.42281183441351805,-0.4896647484584612,-0.1747291581742235,-0.7423390372075417,-0.11553641058653091,-0.8882606865615136,-0.0546730994725046,-0.9999373757582676,-0.011191271673465246,-0.48971863602419147,-0.012595140738130391,-0.590555204521257,0.12249447105101251,-0.504826455974931,0.12389598865826397,-0.4337108395259409,0.09157780290807908,-0.46015385993934155,0.14973933844247922,-0.488299727429818,0.2498508742369923,-0.4130168385568196,0.23881421088847674,-0.3528373606519101,0.19793480959333543
3,0.0,0.0,-0.1538062580355696,-0.21763388048107854,-0.3438686548914755,-0.30705303494961034,-0.47576177276432574,-0.25199044398204756,-0.570522861964701,-0.15118014331321034,-0.41479413799725756,-0.40145143751126094,-0.6329838284638969,-0.4946311525010279,-0.7605756706772551,-0.5367129090144552,-0.8716310752768464,-0.5705842131252021,-0.4425094005828725,-0.27419433811343547,-0.7032839227600651,-0.23606134182689886,-0.8622712333924083,-0.19293823520376155,-0.9869437019043134,-0.16106560548860147,-0.4456601854198167,-0.1239834178856219,-0.5928319665339493,0.023185167180726794,-0.5700158133027626,0.09830248290431859,-0.5381180471036803,0.13563353033609618,-0.43298846061419005,0.0363839807316938,-0.519881916726547,0.12709127202665751,-0.5037648524098348,0.15935062352367413,-0.48033989526564286,0.17571240144503222
3,0.0,0.0,-0.15720343586512883,-0.18632828969328158,-0.3541025214162562,-0.26058977661930355,-0.49223912222457733,-0.16554754741371083,-0.5739690525955917,-0.035574633435911274,-0.41288729341796465,-0.39804935940552993,-0.6262825233235024,-0.4894681651890855,-0.7513171081369648,-0.5360153818706683,-0.8625438003358301,-0.5732102118362578,-0.42782213872698127,-0.273494694984862,-0.6924336597217957,-0.2507213696803755,-0.8486389326252458,-0.2174085102266181,-0.9811297113978917,-0.19335069022966975,-0.42320935666119064,-0.12192219462751566,-0.586812638466232,0.008903504733855464,-0.5114968451019072,0.03298182560635903,-0.44894620687269615,0.004766240901896716,-0.40244341584363896,0.03665360897757927,-0.5018988625753855,0.12826470616857258,-0.4449989802025228,0.1309887706412022,-0.39075740638194056,0.096880672867413
3,0.0,0.0,-0.1455276667781147,-0.21710813768699264,-0.33878461575982527,-0.2891609670788645,-0.4739774340733007,-0.182042044737003,-0.5568468870903669,-0.04891345182756624,-0.4134651466044639,-0.38923868087771074,-0.6411114433087723,-0.47521478550483043,-0.7886178679317283,-0.5090445135323681,-0.9025465727552103,-0.5355380219612975,-0.4210974982917082,-0.24457533057574074,-0.7104160377750953,-0.19268979594460148,-0.8716344004840346,-0.15033304217887059,-0.9914737296060165,-0.1303067285336243,-0.407315966474416,-0.08432876899110789,-0.588333028279553,0.019554582940756425,-0.5119223398776866,0.03148380944045674,-0.4441170598443792,0.005104197968695073,-0.37656594042257824,0.07812559990970963,-0.4799761267276577,0.14396521576411805,-0.41350084029655265,0.12958415547543517,-0.34937972325572497,0.08583436120916414
3,0.0,0.0,-0.1475683493838577,-0.22875999605590586,-0.34292081820615977,-0.30624228566219974,-0.4786377284550051,-0.2235369109502265,-0.5655292380301742,-0.10613567688520016,-0.41934367326719163,-0.3886888144458751,-0.6491636567610508,-0.4673156840718871,-0.8014369386500827,-0.49417576390664764,-0.9201564531886689,-0.5177278406951276,-0.4221027920942104,-0.22824073767001812,-0.7258450813040349,-0.16310850425748347,-0.8828063403223753,-0.11420966100464973,-0.99650227186805,-0.08356567573959492,-0.4057554138913253,-0.06023931739232746,-0.6262350125563728,0.009439260471767739,-0.5612389750434552,0.016286467858063182,-0.4905667568643595,0.0013619589961705197,-0.37124680086305023,0.10588199128868747,-0.5150599030877779,0.13405961440675285,-0.45795677733791784,0.1198390300896333,-0.3895165869534935,0.08462068714332674
3,0.0,0.0,-0.13779207000302363,-0.22270934627124628,-0.34151050349948975,-0.2730068271819877,-0.4691552104742529,-0.13121850336067753,-0.5361861980325952,0.03964015908879813,-0.4188698765583863,-0.32820954411155984,-0.664757086492681,-0.40647424452298514,-0.8272832329446185,-0.43491831419415317,-0.950883743094775,-0.45230550115886725,-0.41853341554990675,-0.13834986430749663,-0.7126396803249899,-0.055701711179208614,-0.8773570156577094,0.010301511618087874,-0.9989151107404179,0.046568245988641226,-0.3875850225194579,0.04484821001526047,-0.5759881378938412,0.10177171538692241,-0.4838479144873538,0.09733150503029062,-0.40505777592594505,0.06792642532212337,-0.33642768486532093,0.21467728027968266,-0.46157742059190165,0.21877285996756507,-0.38184863106370576,0.18970069391539185,-0.30949209996475796,0.14746484026692713
3,0.0,0.0,-0.14147985404947166,-0.26554166123916945,-0.33506931071375334,-0.33135572791528745,-0.4692057562280283,-0.24457257568419954,-0.5556953513643385,-0.13941542172433227,-0.45625453539214905,-0.3801856875281306,-0.6790815617097685,-0.4107753471031548,-0.8103759704269201,-0.4129969461326589,-0.9147250479876741,-0.41675485173422194,-0.4860842707309835,-0.21201405482821425,-0.7276223639178473,-0.1502078613270087,-0.880214205426148,-0.11024335856674833,-0.9969932220319437,-0.0774888070779473,-0.4686398257311296,-0.04535689320177215,-0.57680978964123,-0.034456253815064425,-0.49183108064579056,-0.06333516725657559,-0.42552498196984945,-0.08132387020622543,-0.4307875000802273,0.11862264967285917,-0.49401821543685703,0.08367770436335216,-0.43494194811317616,0.04645062354878736,-0.37915045676314435,0.011052184264944335
3,0.0,0.0,-0.15842576359874674,-0.2644176438688522,-0.3526093458569942,-0.3275291147731424,-0.4912848874322763,-0.24376905915274522,-0.5740875735115845,-0.13976749977069303,-0.47545331684413433,-0.3594959091695223,-0.7076455969807169,-0.39030461129035027,-0.8425788446677189,-0.39397936222710783,-0.9439660360145227,-0.4031260038598433,-0.5090693195046824,-0.18637246782033953,-0.754559687986411,-0.12575900875014753,-0.8962530320607592,-0.08789898823994896,-0.9986067091752376,-0.05276969196614927,-0.4863540033467752,-0.02889876977630448,-0.5852448403552236,-0.03524300048176143,-0.5159973202107825,-0.08033119417709618,-0.46257590091853185,-0.10471892353957173,-0.4410761921384547,0.12538358596438465,-0.498493833666795,0.07225057093139554,-0.44741644485412874,0.029210378975966386,-0.389390170889002,-0.005360341232481916
3,0.0,0.0,-0.12804567114380194,-0.1963820849953082,-0.31978182063428234,-0.23969523368042783,-0.46164318939651977,-0.12034103461230089,-0.5335042747207458,0.008338008490824013,-0.4360695283455727,-0.2770982393286385,-0.6593228172901893,-0.32700363786612785,-0.8075309499194182,-0.35495950941282367,-0.9208389469284818,-0.37037784099927146,-0.4468029727763762,-0.1073380677174131,-0.7035771465613165,-0.03923445791846118,-0.8727008663152475,-0.0010612966068975745,-0.9992949090768769,0.037545767977714806,-0.4238475873421727,0.05536207189070686,-0.5501936983170934,0.08309347322641836,-0.48210059640533853,0.04023379422499021,-0.41600815998179974,0.017997655552374862,-0.37983892522689267,0.21129005937082557,-0.47665932254197874,0.20101606324918772,-0.4243570387007586,0.16038133877649108,-0.36996912042140173,0.13436000549685778
3,0.0,0.0,-0.09599120571235842,-0.27225779736936195,-0.29343215372182657,-0.34703265644083103,-0.4657962603914471,-0.27957877401965286,-0.5614205031286482,-0.2417326658787806,-0.40323736068405597,-0.33355678751353857,-0.6348696544576725,-0.42285666999150695,-0.7964009699003464,-0.45253717386229025,-0.9247111362430025,-0.45929359208926224,-0.43489934407440606,-0.13673765741160493,-0.6907039802477344,-0.1056345064961522,-0.8719488320087263,-0.08254868792324065,-0.9991260642057969,-0.041798418925046425,-0.4126512217100454,0.04148700769510184,-0.47231610653889666,0.009301351162267536,-0.3801475239017258,-0.04916279223705862,-0.3135871908000177,-0.0753321847178344,-0.3732759839749098,0.1913095622575656,-0.40412930271975855,0.11544275477658116,-0.33829897781418183,0.08793871403740415,-0.2927678432496899,0.07174271824416342
